Using pre-set license
Built from '2022.3/release' branch; Version is '2022.3.5f1 (9674261d40ee) revision 9860134'; Using compiler version '192829333'; Build Type 'Release'
OS: 'Windows 10  (10.0.19045) 64bit Professional' Language: 'es' Physical Memory: 32541 MB
BatchMode: 1, IsHumanControllingUs: 0, StartBugReporterOnCrash: 0, Is64bit: 1, IsPro: 1

COMMAND LINE ARGUMENTS:
C:\Program Files\Unity 2022.3.5f1\Editor\Unity.exe
-adb2
-batchMode
-noUpm
-name
AssetImportWorker4
-projectPath
E:/GitHub/TESIS/Tesis Enchanted Skylands
-logFile
Logs/AssetImportWorker4.log
-srvPort
50925
Successfully changed project path to: E:/GitHub/TESIS/Tesis Enchanted Skylands
E:/GitHub/TESIS/Tesis Enchanted Skylands
[UnityMemory] Configuration Parameters - Can be set up in boot.config
    "memorysetup-bucket-allocator-granularity=16"
    "memorysetup-bucket-allocator-bucket-count=8"
    "memorysetup-bucket-allocator-block-size=33554432"
    "memorysetup-bucket-allocator-block-count=8"
    "memorysetup-main-allocator-block-size=16777216"
    "memorysetup-thread-allocator-block-size=16777216"
    "memorysetup-gfx-main-allocator-block-size=16777216"
    "memorysetup-gfx-thread-allocator-block-size=16777216"
    "memorysetup-cache-allocator-block-size=4194304"
    "memorysetup-typetree-allocator-block-size=2097152"
    "memorysetup-profiler-bucket-allocator-granularity=16"
    "memorysetup-profiler-bucket-allocator-bucket-count=8"
    "memorysetup-profiler-bucket-allocator-block-size=33554432"
    "memorysetup-profiler-bucket-allocator-block-count=8"
    "memorysetup-profiler-allocator-block-size=16777216"
    "memorysetup-profiler-editor-allocator-block-size=1048576"
    "memorysetup-temp-allocator-size-main=16777216"
    "memorysetup-job-temp-allocator-block-size=2097152"
    "memorysetup-job-temp-allocator-block-size-background=1048576"
    "memorysetup-job-temp-allocator-reduction-small-platforms=262144"
    "memorysetup-allocator-temp-initial-block-size-main=262144"
    "memorysetup-allocator-temp-initial-block-size-worker=262144"
    "memorysetup-temp-allocator-size-background-worker=32768"
    "memorysetup-temp-allocator-size-job-worker=262144"
    "memorysetup-temp-allocator-size-preload-manager=33554432"
    "memorysetup-temp-allocator-size-nav-mesh-worker=65536"
    "memorysetup-temp-allocator-size-audio-worker=65536"
    "memorysetup-temp-allocator-size-cloud-worker=32768"
    "memorysetup-temp-allocator-size-gi-baking-worker=262144"
    "memorysetup-temp-allocator-size-gfx=262144"
Player connection [27568] Host "[IP] 192.168.0.102 [Port] 0 [Flags] 2 [Guid] 1509194266 [EditorId] 1509194266 [Version] 1048832 [Id] WindowsEditor(7,DESKTOP-IOH5AP5) [Debug] 1 [PackageName] WindowsEditor [ProjectName] Editor" joined multi-casting on [225.0.0.222:54997]...

Player connection [27568] Host "[IP] 192.168.0.102 [Port] 0 [Flags] 2 [Guid] 1509194266 [EditorId] 1509194266 [Version] 1048832 [Id] WindowsEditor(7,DESKTOP-IOH5AP5) [Debug] 1 [PackageName] WindowsEditor [ProjectName] Editor" joined alternative multi-casting on [225.0.0.222:34997]...

Refreshing native plugins compatible for Editor in 11.20 ms, found 3 plugins.
Preloading 0 native plugins for Editor in 0.00 ms.
Initialize engine version: 2022.3.5f1 (9674261d40ee)
[Subsystems] Discovering subsystems at path C:/Program Files/Unity 2022.3.5f1/Editor/Data/Resources/UnitySubsystems
[Subsystems] Discovering subsystems at path E:/GitHub/TESIS/Tesis Enchanted Skylands/Assets
GfxDevice: creating device client; threaded=0; jobified=0
Direct3D:
    Version:  Direct3D 11.0 [level 11.1]
    Renderer: NVIDIA GeForce GTX 1060 6GB (ID=0x1b83)
    Vendor:   NVIDIA
    VRAM:     6029 MB
    Driver:   32.0.15.5612
Initialize mono
Mono path[0] = 'C:/Program Files/Unity 2022.3.5f1/Editor/Data/Managed'
Mono path[1] = 'C:/Program Files/Unity 2022.3.5f1/Editor/Data/MonoBleedingEdge/lib/mono/unityjit-win32'
Mono config path = 'C:/Program Files/Unity 2022.3.5f1/Editor/Data/MonoBleedingEdge/etc'
Using monoOptions --debugger-agent=transport=dt_socket,embedding=1,server=y,suspend=n,address=127.0.0.1:56412
Begin MonoManager ReloadAssembly
Registering precompiled unity dll's ...
Register platform support module: C:/Program Files/Unity 2022.3.5f1/Editor/Data/PlaybackEngines/WindowsStandaloneSupport/UnityEditor.WindowsStandalone.Extensions.dll
Registered in 0.013296 seconds.
- Loaded All Assemblies, in  0.496 seconds
Native extension for WindowsStandalone target not found
Mono: successfully reloaded assembly
- Finished resetting the current domain, in  0.389 seconds
Domain Reload Profiling: 881ms
	BeginReloadAssembly (135ms)
		ExecutionOrderSort (0ms)
		DisableScriptedObjects (0ms)
		BackupInstance (0ms)
		ReleaseScriptingObjects (0ms)
		CreateAndSetChildDomain (1ms)
	RebuildCommonClasses (49ms)
	RebuildNativeTypeToScriptingClass (16ms)
	initialDomainReloadingComplete (95ms)
	LoadAllAssembliesAndSetupDomain (196ms)
		LoadAssemblies (130ms)
		RebuildTransferFunctionScriptingTraits (0ms)
		AnalyzeDomain (186ms)
			TypeCache.Refresh (184ms)
				TypeCache.ScanAssembly (168ms)
			ScanForSourceGeneratedMonoScriptInfo (2ms)
			ResolveRequiredComponents (1ms)
	FinalizeReload (389ms)
		ReleaseScriptCaches (0ms)
		RebuildScriptCaches (0ms)
		SetupLoadedEditorAssemblies (304ms)
			LogAssemblyErrors (0ms)
			InitializePlatformSupportModulesInManaged (15ms)
			SetLoadedEditorAssemblies (10ms)
			RefreshPlugins (0ms)
			BeforeProcessingInitializeOnLoad (4ms)
			ProcessInitializeOnLoadAttributes (203ms)
			ProcessInitializeOnLoadMethodAttributes (72ms)
			AfterProcessingInitializeOnLoad (0ms)
			EditorAssembliesLoaded (0ms)
		ExecutionOrderSort2 (0ms)
		AwakeInstancesAfterBackupRestoration (0ms)
========================================================================
Worker process is ready to serve import requests
Begin MonoManager ReloadAssembly
Symbol file LoadedFromMemory doesn't match image E:\GitHub\TESIS\Tesis Enchanted Skylands\Library\PackageCache\com.unity.visualscripting@1.8.0\Editor\VisualScripting.Core\Dependencies\YamlDotNet\Unity.VisualScripting.YamlDotNet.dll
Symbol file LoadedFromMemory doesn't match image E:\GitHub\TESIS\Tesis Enchanted Skylands\Library\PackageCache\com.unity.visualscripting@1.8.0\Editor\VisualScripting.Core\Dependencies\DotNetZip\Unity.VisualScripting.IonicZip.dll
- Loaded All Assemblies, in  1.118 seconds
Refreshing native plugins compatible for Editor in 4.60 ms, found 3 plugins.
Native extension for WindowsStandalone target not found
Package Manager log level set to [2]
[Package Manager] Server::EnsureServerProcessIsRunning -- launch failed, reason: Unity was launched with the -noUpm command-line argument
[Package Manager] UpmClient::Send -- Unable to send message (not connected to UPM process).
[Package Manager] Cannot connect to Unity Package Manager local server
[Package Manager] Server::EnsureServerProcessIsRunning -- launch failed, reason: Unity was launched with the -noUpm command-line argument
[Package Manager] UpmClient::Send -- Unable to send message (not connected to UPM process).
[Package Manager] Cannot connect to Unity Package Manager local server
Mono: successfully reloaded assembly
- Finished resetting the current domain, in  1.120 seconds
Domain Reload Profiling: 2234ms
	BeginReloadAssembly (188ms)
		ExecutionOrderSort (0ms)
		DisableScriptedObjects (9ms)
		BackupInstance (0ms)
		ReleaseScriptingObjects (0ms)
		CreateAndSetChildDomain (25ms)
	RebuildCommonClasses (48ms)
	RebuildNativeTypeToScriptingClass (16ms)
	initialDomainReloadingComplete (68ms)
	LoadAllAssembliesAndSetupDomain (792ms)
		LoadAssemblies (381ms)
		RebuildTransferFunctionScriptingTraits (0ms)
		AnalyzeDomain (504ms)
			TypeCache.Refresh (447ms)
				TypeCache.ScanAssembly (430ms)
			ScanForSourceGeneratedMonoScriptInfo (38ms)
			ResolveRequiredComponents (19ms)
	FinalizeReload (1121ms)
		ReleaseScriptCaches (0ms)
		RebuildScriptCaches (0ms)
		SetupLoadedEditorAssemblies (808ms)
			LogAssemblyErrors (0ms)
			InitializePlatformSupportModulesInManaged (11ms)
			SetLoadedEditorAssemblies (3ms)
			RefreshPlugins (0ms)
			BeforeProcessingInitializeOnLoad (103ms)
			ProcessInitializeOnLoadAttributes (573ms)
			ProcessInitializeOnLoadMethodAttributes (101ms)
			AfterProcessingInitializeOnLoad (15ms)
			EditorAssembliesLoaded (0ms)
		ExecutionOrderSort2 (0ms)
		AwakeInstancesAfterBackupRestoration (9ms)
Launched and connected shader compiler UnityShaderCompiler.exe after 0.05 seconds
Refreshing native plugins compatible for Editor in 3.49 ms, found 3 plugins.
Preloading 0 native plugins for Editor in 0.00 ms.
Unloading 6873 Unused Serialized files (Serialized files now loaded: 0)
Unloading 88 unused Assets / (1.2 MB). Loaded Objects now: 7375.
Memory consumption went from 422.4 MB to 421.2 MB.
Total: 6.861900 ms (FindLiveObjects: 2.097600 ms CreateObjectMapping: 0.394400 ms MarkObjects: 3.902600 ms  DeleteObjects: 0.466000 ms)

AssetImportParameters requested are different than current active one (requested -> active):
  custom:container-demuxer-ogg: 62fdf1f143b41e24485cea50d1cbac27 -> 
  custom:framework-win-MediaFoundation: 216162199b28c13a410421893ffa2e32 -> 
  custom:container-muxer-webm: aa71ff27fc2769a1b78a27578f13a17b -> 
  custom:video-decoder-webm-vp8: 9c59270c3fd7afecdb556c50c9e8de78 -> 
  custom:SearchIndexIgnoredProperties: e643bd26f0fe6173181afceb89e7c659 -> 
  custom:AudioImporter_EditorPlatform: d09bf68614088b80899f8185d706f6e7 -> 
  custom:audio-decoder-ogg-vorbis: bf7c407c2cedff20999df2af8eb42d56 -> 
  custom:audio-encoder-webm-vorbis: bf7c407c2cedff20999df2af8eb42d56 -> 
  custom:video-decoder-ogg-theora: a1e56fd34408186e4bbccfd4996cb3dc -> 
  custom:CustomObjectIndexerAttribute: a3ef5dd2817f97addfee359851a9dba5 -> 
  custom:container-demuxer-webm: 4f35f7cbe854078d1ac9338744f61a02 -> 
  custom:video-encoder-webm-vp8: eb34c28f22e8b96e1ab97ce403110664 -> 
========================================================================
Received Import Request.
  Time since last request: 305114.942692 seconds.
  path: Assets/Prefabs/Pillars/Ice/IceCristals
  artifactKey: Guid(d2009133f220f6242a82d09f378a8243) Importer(815301076,1909f56bfc062723c751e8b465ee728b)
Start importing Assets/Prefabs/Pillars/Ice/IceCristals using Guid(d2009133f220f6242a82d09f378a8243) Importer(815301076,1909f56bfc062723c751e8b465ee728b)  -> (artifact id: '8771927ce6ca37691987479fd93125c3') in 0.003586 seconds
Number of updated asset objects reloaded before import = 0
Number of asset objects unloaded after import = 0
========================================================================
Received Import Request.
  Time since last request: 0.080831 seconds.
  path: Assets/Prefabs/Pillars/Ice/IceCristals/PillarIceCrystals 1.prefab
  artifactKey: Guid(bc83040d66c97c84ca9da6a7273e5298) Importer(815301076,1909f56bfc062723c751e8b465ee728b)
Start importing Assets/Prefabs/Pillars/Ice/IceCristals/PillarIceCrystals 1.prefab using Guid(bc83040d66c97c84ca9da6a7273e5298) Importer(815301076,1909f56bfc062723c751e8b465ee728b)  -> (artifact id: 'b692d8582436b4c448e0825d95129608') in 0.005537 seconds
Number of updated asset objects reloaded before import = 0
Number of asset objects unloaded after import = 84
========================================================================
Received Import Request.
  Time since last request: 127.459020 seconds.
  path: Assets/Settings/URP-HighFidelity-Renderer.asset
  artifactKey: Guid(c40be3174f62c4acf8c1216858c64956) Importer(815301076,1909f56bfc062723c751e8b465ee728b)
Start importing Assets/Settings/URP-HighFidelity-Renderer.asset using Guid(c40be3174f62c4acf8c1216858c64956) Importer(815301076,1909f56bfc062723c751e8b465ee728b)  -> (artifact id: 'cae8fe3a65b00907f37eabcca58acb97') in 0.002054 seconds
Number of updated asset objects reloaded before import = 0
Number of asset objects unloaded after import = 0
========================================================================
Received Prepare
Begin MonoManager ReloadAssembly
Symbol file LoadedFromMemory doesn't match image E:\GitHub\TESIS\Tesis Enchanted Skylands\Library\PackageCache\com.unity.visualscripting@1.8.0\Editor\VisualScripting.Core\Dependencies\YamlDotNet\Unity.VisualScripting.YamlDotNet.dll
Symbol file LoadedFromMemory doesn't match image E:\GitHub\TESIS\Tesis Enchanted Skylands\Library\PackageCache\com.unity.visualscripting@1.8.0\Editor\VisualScripting.Core\Dependencies\DotNetZip\Unity.VisualScripting.IonicZip.dll
- Loaded All Assemblies, in  0.773 seconds
Refreshing native plugins compatible for Editor in 5.05 ms, found 3 plugins.
Native extension for WindowsStandalone target not found
[Package Manager] Server::EnsureServerProcessIsRunning -- launch failed, reason: Unity was launched with the -noUpm command-line argument
[Package Manager] UpmClient::Send -- Unable to send message (not connected to UPM process).
[Package Manager] Cannot connect to Unity Package Manager local server
[Package Manager] Server::EnsureServerProcessIsRunning -- launch failed, reason: Unity was launched with the -noUpm command-line argument
[Package Manager] UpmClient::Send -- Unable to send message (not connected to UPM process).
[Package Manager] Cannot connect to Unity Package Manager local server
Mono: successfully reloaded assembly
- Finished resetting the current domain, in  1.595 seconds
Domain Reload Profiling: 2365ms
	BeginReloadAssembly (148ms)
		ExecutionOrderSort (0ms)
		DisableScriptedObjects (5ms)
		BackupInstance (0ms)
		ReleaseScriptingObjects (0ms)
		CreateAndSetChildDomain (36ms)
	RebuildCommonClasses (35ms)
	RebuildNativeTypeToScriptingClass (13ms)
	initialDomainReloadingComplete (38ms)
	LoadAllAssembliesAndSetupDomain (534ms)
		LoadAssemblies (272ms)
		RebuildTransferFunctionScriptingTraits (0ms)
		AnalyzeDomain (329ms)
			TypeCache.Refresh (315ms)
				TypeCache.ScanAssembly (303ms)
			ScanForSourceGeneratedMonoScriptInfo (0ms)
			ResolveRequiredComponents (14ms)
	FinalizeReload (1596ms)
		ReleaseScriptCaches (0ms)
		RebuildScriptCaches (0ms)
		SetupLoadedEditorAssemblies (646ms)
			LogAssemblyErrors (0ms)
			InitializePlatformSupportModulesInManaged (10ms)
			SetLoadedEditorAssemblies (3ms)
			RefreshPlugins (0ms)
			BeforeProcessingInitializeOnLoad (101ms)
			ProcessInitializeOnLoadAttributes (425ms)
			ProcessInitializeOnLoadMethodAttributes (91ms)
			AfterProcessingInitializeOnLoad (15ms)
			EditorAssembliesLoaded (0ms)
		ExecutionOrderSort2 (0ms)
		AwakeInstancesAfterBackupRestoration (26ms)
Refreshing native plugins compatible for Editor in 3.68 ms, found 3 plugins.
Preloading 0 native plugins for Editor in 0.00 ms.
Unloading 6458 Unused Serialized files (Serialized files now loaded: 0)
Unloading 45 unused Assets / (1.1 MB). Loaded Objects now: 7392.
Memory consumption went from 334.5 MB to 333.4 MB.
Total: 4.931500 ms (FindLiveObjects: 0.960000 ms CreateObjectMapping: 0.401800 ms MarkObjects: 3.313600 ms  DeleteObjects: 0.254700 ms)

Prepare: number of updated asset objects reloaded= 0
AssetImportParameters requested are different than current active one (requested -> active):
  custom:container-demuxer-ogg: 62fdf1f143b41e24485cea50d1cbac27 -> 
  custom:framework-win-MediaFoundation: 216162199b28c13a410421893ffa2e32 -> 
  custom:container-muxer-webm: aa71ff27fc2769a1b78a27578f13a17b -> 
  custom:video-decoder-webm-vp8: 9c59270c3fd7afecdb556c50c9e8de78 -> 
  custom:SearchIndexIgnoredProperties: e643bd26f0fe6173181afceb89e7c659 -> 
  custom:AudioImporter_EditorPlatform: d09bf68614088b80899f8185d706f6e7 -> 
  custom:audio-decoder-ogg-vorbis: bf7c407c2cedff20999df2af8eb42d56 -> 
  custom:audio-encoder-webm-vorbis: bf7c407c2cedff20999df2af8eb42d56 -> 
  custom:video-decoder-ogg-theora: a1e56fd34408186e4bbccfd4996cb3dc -> 
  custom:CustomObjectIndexerAttribute: a3ef5dd2817f97addfee359851a9dba5 -> 
  custom:container-demuxer-webm: 4f35f7cbe854078d1ac9338744f61a02 -> 
  custom:video-encoder-webm-vp8: eb34c28f22e8b96e1ab97ce403110664 -> 
========================================================================
Received Prepare
Begin MonoManager ReloadAssembly
Symbol file LoadedFromMemory doesn't match image E:\GitHub\TESIS\Tesis Enchanted Skylands\Library\PackageCache\com.unity.visualscripting@1.8.0\Editor\VisualScripting.Core\Dependencies\YamlDotNet\Unity.VisualScripting.YamlDotNet.dll
Symbol file LoadedFromMemory doesn't match image E:\GitHub\TESIS\Tesis Enchanted Skylands\Library\PackageCache\com.unity.visualscripting@1.8.0\Editor\VisualScripting.Core\Dependencies\DotNetZip\Unity.VisualScripting.IonicZip.dll
- Loaded All Assemblies, in  0.784 seconds
Refreshing native plugins compatible for Editor in 3.19 ms, found 3 plugins.
Native extension for WindowsStandalone target not found
[Package Manager] Server::EnsureServerProcessIsRunning -- launch failed, reason: Unity was launched with the -noUpm command-line argument
[Package Manager] UpmClient::Send -- Unable to send message (not connected to UPM process).
[Package Manager] Cannot connect to Unity Package Manager local server
[Package Manager] Server::EnsureServerProcessIsRunning -- launch failed, reason: Unity was launched with the -noUpm command-line argument
[Package Manager] UpmClient::Send -- Unable to send message (not connected to UPM process).
[Package Manager] Cannot connect to Unity Package Manager local server
Mono: successfully reloaded assembly
- Finished resetting the current domain, in  1.682 seconds
Domain Reload Profiling: 2463ms
	BeginReloadAssembly (154ms)
		ExecutionOrderSort (0ms)
		DisableScriptedObjects (5ms)
		BackupInstance (0ms)
		ReleaseScriptingObjects (0ms)
		CreateAndSetChildDomain (36ms)
	RebuildCommonClasses (35ms)
	RebuildNativeTypeToScriptingClass (13ms)
	initialDomainReloadingComplete (37ms)
	LoadAllAssembliesAndSetupDomain (541ms)
		LoadAssemblies (287ms)
		RebuildTransferFunctionScriptingTraits (0ms)
		AnalyzeDomain (326ms)
			TypeCache.Refresh (312ms)
				TypeCache.ScanAssembly (300ms)
			ScanForSourceGeneratedMonoScriptInfo (0ms)
			ResolveRequiredComponents (14ms)
	FinalizeReload (1682ms)
		ReleaseScriptCaches (0ms)
		RebuildScriptCaches (0ms)
		SetupLoadedEditorAssemblies (702ms)
			LogAssemblyErrors (0ms)
			InitializePlatformSupportModulesInManaged (8ms)
			SetLoadedEditorAssemblies (5ms)
			RefreshPlugins (0ms)
			BeforeProcessingInitializeOnLoad (98ms)
			ProcessInitializeOnLoadAttributes (491ms)
			ProcessInitializeOnLoadMethodAttributes (87ms)
			AfterProcessingInitializeOnLoad (13ms)
			EditorAssembliesLoaded (0ms)
		ExecutionOrderSort2 (0ms)
		AwakeInstancesAfterBackupRestoration (25ms)
Refreshing native plugins compatible for Editor in 4.83 ms, found 3 plugins.
Preloading 0 native plugins for Editor in 0.00 ms.
Unloading 6458 Unused Serialized files (Serialized files now loaded: 0)
Unloading 45 unused Assets / (1.1 MB). Loaded Objects now: 7408.
Memory consumption went from 334.5 MB to 333.4 MB.
Total: 5.646300 ms (FindLiveObjects: 0.871300 ms CreateObjectMapping: 1.264000 ms MarkObjects: 3.228900 ms  DeleteObjects: 0.280600 ms)

Prepare: number of updated asset objects reloaded= 0
AssetImportParameters requested are different than current active one (requested -> active):
  custom:container-demuxer-ogg: 62fdf1f143b41e24485cea50d1cbac27 -> 
  custom:framework-win-MediaFoundation: 216162199b28c13a410421893ffa2e32 -> 
  custom:container-muxer-webm: aa71ff27fc2769a1b78a27578f13a17b -> 
  custom:video-decoder-webm-vp8: 9c59270c3fd7afecdb556c50c9e8de78 -> 
  custom:SearchIndexIgnoredProperties: e643bd26f0fe6173181afceb89e7c659 -> 
  custom:AudioImporter_EditorPlatform: d09bf68614088b80899f8185d706f6e7 -> 
  custom:audio-decoder-ogg-vorbis: bf7c407c2cedff20999df2af8eb42d56 -> 
  custom:audio-encoder-webm-vorbis: bf7c407c2cedff20999df2af8eb42d56 -> 
  custom:video-decoder-ogg-theora: a1e56fd34408186e4bbccfd4996cb3dc -> 
  custom:CustomObjectIndexerAttribute: a3ef5dd2817f97addfee359851a9dba5 -> 
  custom:container-demuxer-webm: 4f35f7cbe854078d1ac9338744f61a02 -> 
  custom:video-encoder-webm-vp8: eb34c28f22e8b96e1ab97ce403110664 -> 
========================================================================
Received Import Request.
  Time since last request: 87.280241 seconds.
  path: Assets/Arte/Shaders/Camera/DizzyShader.shadergraph
  artifactKey: Guid(859c8f2cd792076498d3b7feac55100e) Importer(815301076,1909f56bfc062723c751e8b465ee728b)
Start importing Assets/Arte/Shaders/Camera/DizzyShader.shadergraph using Guid(859c8f2cd792076498d3b7feac55100e) Importer(815301076,1909f56bfc062723c751e8b465ee728b)  -> (artifact id: 'f9381f893d48e45ebc5d7364f0f97c42') in 0.026521 seconds
Number of updated asset objects reloaded before import = 0
Number of asset objects unloaded after import = 1
========================================================================
Received Prepare
Begin MonoManager ReloadAssembly
Symbol file LoadedFromMemory doesn't match image E:\GitHub\TESIS\Tesis Enchanted Skylands\Library\PackageCache\com.unity.visualscripting@1.8.0\Editor\VisualScripting.Core\Dependencies\YamlDotNet\Unity.VisualScripting.YamlDotNet.dll
Symbol file LoadedFromMemory doesn't match image E:\GitHub\TESIS\Tesis Enchanted Skylands\Library\PackageCache\com.unity.visualscripting@1.8.0\Editor\VisualScripting.Core\Dependencies\DotNetZip\Unity.VisualScripting.IonicZip.dll
- Loaded All Assemblies, in  0.787 seconds
Refreshing native plugins compatible for Editor in 3.17 ms, found 3 plugins.
Native extension for WindowsStandalone target not found
[Package Manager] Server::EnsureServerProcessIsRunning -- launch failed, reason: Unity was launched with the -noUpm command-line argument
[Package Manager] UpmClient::Send -- Unable to send message (not connected to UPM process).
[Package Manager] Cannot connect to Unity Package Manager local server
[Package Manager] Server::EnsureServerProcessIsRunning -- launch failed, reason: Unity was launched with the -noUpm command-line argument
[Package Manager] UpmClient::Send -- Unable to send message (not connected to UPM process).
[Package Manager] Cannot connect to Unity Package Manager local server
Mono: successfully reloaded assembly
- Finished resetting the current domain, in  1.491 seconds
Domain Reload Profiling: 2275ms
	BeginReloadAssembly (159ms)
		ExecutionOrderSort (0ms)
		DisableScriptedObjects (5ms)
		BackupInstance (0ms)
		ReleaseScriptingObjects (0ms)
		CreateAndSetChildDomain (38ms)
	RebuildCommonClasses (35ms)
	RebuildNativeTypeToScriptingClass (13ms)
	initialDomainReloadingComplete (36ms)
	LoadAllAssembliesAndSetupDomain (539ms)
		LoadAssemblies (291ms)
		RebuildTransferFunctionScriptingTraits (0ms)
		AnalyzeDomain (321ms)
			TypeCache.Refresh (307ms)
				TypeCache.ScanAssembly (296ms)
			ScanForSourceGeneratedMonoScriptInfo (0ms)
			ResolveRequiredComponents (14ms)
	FinalizeReload (1492ms)
		ReleaseScriptCaches (0ms)
		RebuildScriptCaches (0ms)
		SetupLoadedEditorAssemblies (663ms)
			LogAssemblyErrors (0ms)
			InitializePlatformSupportModulesInManaged (7ms)
			SetLoadedEditorAssemblies (3ms)
			RefreshPlugins (0ms)
			BeforeProcessingInitializeOnLoad (82ms)
			ProcessInitializeOnLoadAttributes (470ms)
			ProcessInitializeOnLoadMethodAttributes (87ms)
			AfterProcessingInitializeOnLoad (14ms)
			EditorAssembliesLoaded (0ms)
		ExecutionOrderSort2 (0ms)
		AwakeInstancesAfterBackupRestoration (25ms)
Refreshing native plugins compatible for Editor in 3.54 ms, found 3 plugins.
Preloading 0 native plugins for Editor in 0.00 ms.
Unloading 6458 Unused Serialized files (Serialized files now loaded: 0)
Unloading 45 unused Assets / (1.1 MB). Loaded Objects now: 7424.
Memory consumption went from 334.5 MB to 333.4 MB.
Total: 4.895600 ms (FindLiveObjects: 0.843800 ms CreateObjectMapping: 0.317500 ms MarkObjects: 3.526800 ms  DeleteObjects: 0.206100 ms)

Prepare: number of updated asset objects reloaded= 0
AssetImportParameters requested are different than current active one (requested -> active):
  custom:container-demuxer-ogg: 62fdf1f143b41e24485cea50d1cbac27 -> 
  custom:framework-win-MediaFoundation: 216162199b28c13a410421893ffa2e32 -> 
  custom:container-muxer-webm: aa71ff27fc2769a1b78a27578f13a17b -> 
  custom:video-decoder-webm-vp8: 9c59270c3fd7afecdb556c50c9e8de78 -> 
  custom:SearchIndexIgnoredProperties: e643bd26f0fe6173181afceb89e7c659 -> 
  custom:AudioImporter_EditorPlatform: d09bf68614088b80899f8185d706f6e7 -> 
  custom:audio-decoder-ogg-vorbis: bf7c407c2cedff20999df2af8eb42d56 -> 
  custom:audio-encoder-webm-vorbis: bf7c407c2cedff20999df2af8eb42d56 -> 
  custom:video-decoder-ogg-theora: a1e56fd34408186e4bbccfd4996cb3dc -> 
  custom:CustomObjectIndexerAttribute: a3ef5dd2817f97addfee359851a9dba5 -> 
  custom:container-demuxer-webm: 4f35f7cbe854078d1ac9338744f61a02 -> 
  custom:video-encoder-webm-vp8: eb34c28f22e8b96e1ab97ce403110664 -> 
========================================================================
Received Prepare
Begin MonoManager ReloadAssembly
Symbol file LoadedFromMemory doesn't match image E:\GitHub\TESIS\Tesis Enchanted Skylands\Library\PackageCache\com.unity.visualscripting@1.8.0\Editor\VisualScripting.Core\Dependencies\YamlDotNet\Unity.VisualScripting.YamlDotNet.dll
Symbol file LoadedFromMemory doesn't match image E:\GitHub\TESIS\Tesis Enchanted Skylands\Library\PackageCache\com.unity.visualscripting@1.8.0\Editor\VisualScripting.Core\Dependencies\DotNetZip\Unity.VisualScripting.IonicZip.dll
- Loaded All Assemblies, in  0.764 seconds
Refreshing native plugins compatible for Editor in 3.26 ms, found 3 plugins.
Native extension for WindowsStandalone target not found
[Package Manager] Server::EnsureServerProcessIsRunning -- launch failed, reason: Unity was launched with the -noUpm command-line argument
[Package Manager] UpmClient::Send -- Unable to send message (not connected to UPM process).
[Package Manager] Cannot connect to Unity Package Manager local server
[Package Manager] Server::EnsureServerProcessIsRunning -- launch failed, reason: Unity was launched with the -noUpm command-line argument
[Package Manager] UpmClient::Send -- Unable to send message (not connected to UPM process).
[Package Manager] Cannot connect to Unity Package Manager local server
Mono: successfully reloaded assembly
- Finished resetting the current domain, in  1.471 seconds
Domain Reload Profiling: 2232ms
	BeginReloadAssembly (152ms)
		ExecutionOrderSort (0ms)
		DisableScriptedObjects (5ms)
		BackupInstance (0ms)
		ReleaseScriptingObjects (0ms)
		CreateAndSetChildDomain (35ms)
	RebuildCommonClasses (35ms)
	RebuildNativeTypeToScriptingClass (13ms)
	initialDomainReloadingComplete (36ms)
	LoadAllAssembliesAndSetupDomain (526ms)
		LoadAssemblies (275ms)
		RebuildTransferFunctionScriptingTraits (0ms)
		AnalyzeDomain (320ms)
			TypeCache.Refresh (306ms)
				TypeCache.ScanAssembly (295ms)
			ScanForSourceGeneratedMonoScriptInfo (0ms)
			ResolveRequiredComponents (14ms)
	FinalizeReload (1471ms)
		ReleaseScriptCaches (0ms)
		RebuildScriptCaches (0ms)
		SetupLoadedEditorAssemblies (648ms)
			LogAssemblyErrors (0ms)
			InitializePlatformSupportModulesInManaged (8ms)
			SetLoadedEditorAssemblies (3ms)
			RefreshPlugins (0ms)
			BeforeProcessingInitializeOnLoad (80ms)
			ProcessInitializeOnLoadAttributes (459ms)
			ProcessInitializeOnLoadMethodAttributes (85ms)
			AfterProcessingInitializeOnLoad (13ms)
			EditorAssembliesLoaded (0ms)
		ExecutionOrderSort2 (0ms)
		AwakeInstancesAfterBackupRestoration (24ms)
Refreshing native plugins compatible for Editor in 3.89 ms, found 3 plugins.
Preloading 0 native plugins for Editor in 0.00 ms.
Unloading 6458 Unused Serialized files (Serialized files now loaded: 0)
Unloading 45 unused Assets / (1.1 MB). Loaded Objects now: 7440.
Memory consumption went from 334.6 MB to 333.4 MB.
Total: 5.144800 ms (FindLiveObjects: 1.023400 ms CreateObjectMapping: 0.397400 ms MarkObjects: 3.509600 ms  DeleteObjects: 0.213300 ms)

Prepare: number of updated asset objects reloaded= 0
AssetImportParameters requested are different than current active one (requested -> active):
  custom:container-demuxer-ogg: 62fdf1f143b41e24485cea50d1cbac27 -> 
  custom:framework-win-MediaFoundation: 216162199b28c13a410421893ffa2e32 -> 
  custom:container-muxer-webm: aa71ff27fc2769a1b78a27578f13a17b -> 
  custom:video-decoder-webm-vp8: 9c59270c3fd7afecdb556c50c9e8de78 -> 
  custom:SearchIndexIgnoredProperties: e643bd26f0fe6173181afceb89e7c659 -> 
  custom:AudioImporter_EditorPlatform: d09bf68614088b80899f8185d706f6e7 -> 
  custom:audio-decoder-ogg-vorbis: bf7c407c2cedff20999df2af8eb42d56 -> 
  custom:audio-encoder-webm-vorbis: bf7c407c2cedff20999df2af8eb42d56 -> 
  custom:video-decoder-ogg-theora: a1e56fd34408186e4bbccfd4996cb3dc -> 
  custom:CustomObjectIndexerAttribute: a3ef5dd2817f97addfee359851a9dba5 -> 
  custom:container-demuxer-webm: 4f35f7cbe854078d1ac9338744f61a02 -> 
  custom:video-encoder-webm-vp8: eb34c28f22e8b96e1ab97ce403110664 -> 
========================================================================
Received Import Request.
  Time since last request: 98.414318 seconds.
  path: Assets/Prefabs/Player.prefab
  artifactKey: Guid(6227959bbce8c014586a9e641911101a) Importer(815301076,1909f56bfc062723c751e8b465ee728b)
Start importing Assets/Prefabs/Player.prefab using Guid(6227959bbce8c014586a9e641911101a) Importer(815301076,1909f56bfc062723c751e8b465ee728b)  -> (artifact id: '7389814dac318559ac48e14463a05fa0') in 0.107848 seconds
Number of updated asset objects reloaded before import = 0
Number of asset objects unloaded after import = 3338
========================================================================
Received Import Request.
  Time since last request: 14.928065 seconds.
  path: Assets/Prefabs/Player.prefab
  artifactKey: Guid(6227959bbce8c014586a9e641911101a) Importer(815301076,1909f56bfc062723c751e8b465ee728b)
Start importing Assets/Prefabs/Player.prefab using Guid(6227959bbce8c014586a9e641911101a) Importer(815301076,1909f56bfc062723c751e8b465ee728b)  -> (artifact id: 'd4e939bd1ff8e014be5abd9220d46299') in 0.059920 seconds
Number of updated asset objects reloaded before import = 0
Number of asset objects unloaded after import = 3338
========================================================================
Received Import Request.
  Time since last request: 24.923692 seconds.
  path: Assets/Prefabs/Player.prefab
  artifactKey: Guid(6227959bbce8c014586a9e641911101a) Importer(815301076,1909f56bfc062723c751e8b465ee728b)
Start importing Assets/Prefabs/Player.prefab using Guid(6227959bbce8c014586a9e641911101a) Importer(815301076,1909f56bfc062723c751e8b465ee728b)  -> (artifact id: '1ff7cbf2a28a6d299c9a0cc05b96eac6') in 0.052963 seconds
Number of updated asset objects reloaded before import = 5
Number of asset objects unloaded after import = 3338
========================================================================
Received Import Request.
  Time since last request: 56.944619 seconds.
  path: Assets/Scenes/Level 2.unity
  artifactKey: Guid(c1ba445d740376047ab1eb68e78085a7) Importer(815301076,1909f56bfc062723c751e8b465ee728b)
Start importing Assets/Scenes/Level 2.unity using Guid(c1ba445d740376047ab1eb68e78085a7) Importer(815301076,1909f56bfc062723c751e8b465ee728b)  -> (artifact id: 'de0f2ef8db309088500748c31e4139ab') in 0.000661 seconds
Number of updated asset objects reloaded before import = 0
Number of asset objects unloaded after import = 0
========================================================================
Received Import Request.
  Time since last request: 41.794776 seconds.
  path: Assets/Arte/VFXGraphs/Teleport/VFX_TPalo.vfx
  artifactKey: Guid(04836c1efab982f488f988a3885d04fb) Importer(815301076,1909f56bfc062723c751e8b465ee728b)
Start importing Assets/Arte/VFXGraphs/Teleport/VFX_TPalo.vfx using Guid(04836c1efab982f488f988a3885d04fb) Importer(815301076,1909f56bfc062723c751e8b465ee728b)  -> (artifact id: '7ffb99e44d13ba15ea9c6bb097b74e46') in 0.004234 seconds
Number of updated asset objects reloaded before import = 0
Number of asset objects unloaded after import = 17
========================================================================
Received Import Request.
  Time since last request: 13.483468 seconds.
  path: Assets/Arte/VFXGraphs/Teleport/VFX_TPalo.vfx
  artifactKey: Guid(04836c1efab982f488f988a3885d04fb) Importer(815301076,1909f56bfc062723c751e8b465ee728b)
Start importing Assets/Arte/VFXGraphs/Teleport/VFX_TPalo.vfx using Guid(04836c1efab982f488f988a3885d04fb) Importer(815301076,1909f56bfc062723c751e8b465ee728b)  -> (artifact id: 'd8fbf75fa01024458aa10ae7dc41d12a') in 0.003942 seconds
Number of updated asset objects reloaded before import = 4
Number of asset objects unloaded after import = 17
========================================================================
Received Import Request.
  Time since last request: 9.008438 seconds.
  path: Assets/Arte/VFXGraphs/Teleport/VFX_TPalo.vfx
  artifactKey: Guid(04836c1efab982f488f988a3885d04fb) Importer(815301076,1909f56bfc062723c751e8b465ee728b)
Start importing Assets/Arte/VFXGraphs/Teleport/VFX_TPalo.vfx using Guid(04836c1efab982f488f988a3885d04fb) Importer(815301076,1909f56bfc062723c751e8b465ee728b)  -> (artifact id: '7ea4b64a16d23163ef03110e32305ffb') in 0.003753 seconds
Number of updated asset objects reloaded before import = 4
Number of asset objects unloaded after import = 17
========================================================================
Received Import Request.
  Time since last request: 5.878839 seconds.
  path: Assets/Arte/VFXGraphs/Teleport/VFX_TPalo.vfx
  artifactKey: Guid(04836c1efab982f488f988a3885d04fb) Importer(815301076,1909f56bfc062723c751e8b465ee728b)
Start importing Assets/Arte/VFXGraphs/Teleport/VFX_TPalo.vfx using Guid(04836c1efab982f488f988a3885d04fb) Importer(815301076,1909f56bfc062723c751e8b465ee728b)  -> (artifact id: 'd849985e3fcfea8f80c0155bd31a3760') in 0.003701 seconds
Number of updated asset objects reloaded before import = 4
Number of asset objects unloaded after import = 17
========================================================================
Received Import Request.
  Time since last request: 10.551505 seconds.
  path: Assets/Arte/VFXGraphs/Teleport/VFX_TPalo.vfx
  artifactKey: Guid(04836c1efab982f488f988a3885d04fb) Importer(815301076,1909f56bfc062723c751e8b465ee728b)
Start importing Assets/Arte/VFXGraphs/Teleport/VFX_TPalo.vfx using Guid(04836c1efab982f488f988a3885d04fb) Importer(815301076,1909f56bfc062723c751e8b465ee728b)  -> (artifact id: '1bb6c56de10777b88ce1009b62dbd996') in 0.003876 seconds
Number of updated asset objects reloaded before import = 4
Number of asset objects unloaded after import = 17
========================================================================
Received Import Request.
  Time since last request: 8.059976 seconds.
  path: Assets/Arte/VFXGraphs/Teleport/VFX_TPalo.vfx
  artifactKey: Guid(04836c1efab982f488f988a3885d04fb) Importer(815301076,1909f56bfc062723c751e8b465ee728b)
Start importing Assets/Arte/VFXGraphs/Teleport/VFX_TPalo.vfx using Guid(04836c1efab982f488f988a3885d04fb) Importer(815301076,1909f56bfc062723c751e8b465ee728b)  -> (artifact id: 'f7fc3aa9c046e1c8c301ae2917b68557') in 0.003751 seconds
Number of updated asset objects reloaded before import = 4
Number of asset objects unloaded after import = 17
========================================================================
Received Import Request.
  Time since last request: 4.958660 seconds.
  path: Assets/Arte/VFXGraphs/Teleport/VFX_TPalo.vfx
  artifactKey: Guid(04836c1efab982f488f988a3885d04fb) Importer(815301076,1909f56bfc062723c751e8b465ee728b)
Start importing Assets/Arte/VFXGraphs/Teleport/VFX_TPalo.vfx using Guid(04836c1efab982f488f988a3885d04fb) Importer(815301076,1909f56bfc062723c751e8b465ee728b)  -> (artifact id: 'ae7311444aac7c496f40caf46cba9ed1') in 0.003920 seconds
Number of updated asset objects reloaded before import = 4
Number of asset objects unloaded after import = 17
========================================================================
Received Prepare
Refreshing native plugins compatible for Editor in 3.48 ms, found 3 plugins.
Preloading 0 native plugins for Editor in 0.00 ms.
Unloading 4 Unused Serialized files (Serialized files now loaded: 0)
Unloading 4 unused Assets / (1.1 MB). Loaded Objects now: 7443.
Memory consumption went from 235.5 MB to 234.4 MB.
Total: 4.633000 ms (FindLiveObjects: 0.831100 ms CreateObjectMapping: 0.300500 ms MarkObjects: 3.338600 ms  DeleteObjects: 0.161700 ms)

Prepare: number of updated asset objects reloaded= 8
AssetImportParameters requested are different than current active one (requested -> active):
  custom:container-demuxer-ogg: 62fdf1f143b41e24485cea50d1cbac27 -> 
  custom:framework-win-MediaFoundation: 216162199b28c13a410421893ffa2e32 -> 
  custom:container-muxer-webm: aa71ff27fc2769a1b78a27578f13a17b -> 
  custom:video-decoder-webm-vp8: 9c59270c3fd7afecdb556c50c9e8de78 -> 
  custom:SearchIndexIgnoredProperties: e643bd26f0fe6173181afceb89e7c659 -> 
  custom:AudioImporter_EditorPlatform: d09bf68614088b80899f8185d706f6e7 -> 
  custom:audio-decoder-ogg-vorbis: bf7c407c2cedff20999df2af8eb42d56 -> 
  custom:audio-encoder-webm-vorbis: bf7c407c2cedff20999df2af8eb42d56 -> 
  custom:video-decoder-ogg-theora: a1e56fd34408186e4bbccfd4996cb3dc -> 
  custom:CustomObjectIndexerAttribute: a3ef5dd2817f97addfee359851a9dba5 -> 
  custom:container-demuxer-webm: 4f35f7cbe854078d1ac9338744f61a02 -> 
  custom:video-encoder-webm-vp8: eb34c28f22e8b96e1ab97ce403110664 -> 
========================================================================
Received Import Request.
  Time since last request: 640.159793 seconds.
  path: Assets/Arte/VFXGraphs/Teleport/VFX_TPalo.vfx
  artifactKey: Guid(04836c1efab982f488f988a3885d04fb) Importer(815301076,1909f56bfc062723c751e8b465ee728b)
Start importing Assets/Arte/VFXGraphs/Teleport/VFX_TPalo.vfx using Guid(04836c1efab982f488f988a3885d04fb) Importer(815301076,1909f56bfc062723c751e8b465ee728b)  -> (artifact id: 'a11e13a68a24a33bd2f5b39789776aef') in 0.028467 seconds
Number of updated asset objects reloaded before import = 4
Number of asset objects unloaded after import = 17
========================================================================
Received Import Request.
  Time since last request: 6.997673 seconds.
  path: Assets/Arte/VFXGraphs/Teleport/VFX_TPalo.vfx
  artifactKey: Guid(04836c1efab982f488f988a3885d04fb) Importer(815301076,1909f56bfc062723c751e8b465ee728b)
Start importing Assets/Arte/VFXGraphs/Teleport/VFX_TPalo.vfx using Guid(04836c1efab982f488f988a3885d04fb) Importer(815301076,1909f56bfc062723c751e8b465ee728b)  -> (artifact id: '252b7505963a47cb868221a2b64f5d58') in 0.003963 seconds
Number of updated asset objects reloaded before import = 4
Number of asset objects unloaded after import = 17
========================================================================
Received Import Request.
  Time since last request: 52.172461 seconds.
  path: Assets/Scenes/Level 1.unity
  artifactKey: Guid(4c5530793a80d1b408cd477531e4eb43) Importer(815301076,1909f56bfc062723c751e8b465ee728b)
Start importing Assets/Scenes/Level 1.unity using Guid(4c5530793a80d1b408cd477531e4eb43) Importer(815301076,1909f56bfc062723c751e8b465ee728b)  -> (artifact id: 'd3b6ff50e05d6fcb0d308308cc27cd54') in 0.000694 seconds
Number of updated asset objects reloaded before import = 0
Number of asset objects unloaded after import = 0
========================================================================
Received Import Request.
  Time since last request: 22.680710 seconds.
  path: Assets/Scenes/Level 3.unity
  artifactKey: Guid(39d10cdd2eb9a7e4993706e616fd563d) Importer(815301076,1909f56bfc062723c751e8b465ee728b)
Start importing Assets/Scenes/Level 3.unity using Guid(39d10cdd2eb9a7e4993706e616fd563d) Importer(815301076,1909f56bfc062723c751e8b465ee728b)  -> (artifact id: '71109bc798c58a50b5f136a47df1661c') in 0.000518 seconds
Number of updated asset objects reloaded before import = 0
Number of asset objects unloaded after import = 0
========================================================================
Received Import Request.
  Time since last request: 56.032889 seconds.
  path: Assets/Scenes/Level 2.unity
  artifactKey: Guid(c1ba445d740376047ab1eb68e78085a7) Importer(815301076,1909f56bfc062723c751e8b465ee728b)
Start importing Assets/Scenes/Level 2.unity using Guid(c1ba445d740376047ab1eb68e78085a7) Importer(815301076,1909f56bfc062723c751e8b465ee728b)  -> (artifact id: '3ba2d3ee999e12a2e2e4c251148c04a0') in 0.000585 seconds
Number of updated asset objects reloaded before import = 0
Number of asset objects unloaded after import = 0
========================================================================
Received Import Request.
  Time since last request: 3.630128 seconds.
  path: Assets/Scenes/Level 4.unity
  artifactKey: Guid(599ee35e584062341a77d39f0a7f536b) Importer(815301076,1909f56bfc062723c751e8b465ee728b)
Start importing Assets/Scenes/Level 4.unity using Guid(599ee35e584062341a77d39f0a7f536b) Importer(815301076,1909f56bfc062723c751e8b465ee728b)  -> (artifact id: '99c167b7f98994a7de0ec5868164575b') in 0.000547 seconds
Number of updated asset objects reloaded before import = 0
Number of asset objects unloaded after import = 0
========================================================================
Received Import Request.
  Time since last request: 7.139713 seconds.
  path: Assets/Scenes/Level 6.unity
  artifactKey: Guid(b56eb6600aa7dd84590913865dbbfeff) Importer(815301076,1909f56bfc062723c751e8b465ee728b)
Start importing Assets/Scenes/Level 6.unity using Guid(b56eb6600aa7dd84590913865dbbfeff) Importer(815301076,1909f56bfc062723c751e8b465ee728b)  -> (artifact id: 'a0481accaf56e03eb59b4f033ff57d89') in 0.000619 seconds
Number of updated asset objects reloaded before import = 0
Number of asset objects unloaded after import = 0
========================================================================
Received Import Request.
  Time since last request: 103.233259 seconds.
  path: Assets/Scenes/Level 4.unity
  artifactKey: Guid(599ee35e584062341a77d39f0a7f536b) Importer(815301076,1909f56bfc062723c751e8b465ee728b)
Start importing Assets/Scenes/Level 4.unity using Guid(599ee35e584062341a77d39f0a7f536b) Importer(815301076,1909f56bfc062723c751e8b465ee728b)  -> (artifact id: '4b5b9dac81fc1f40f1b58fa355d18174') in 0.000687 seconds
Number of updated asset objects reloaded before import = 0
Number of asset objects unloaded after import = 0
========================================================================
Received Import Request.
  Time since last request: 45.180577 seconds.
  path: Assets/Prefabs/TrailS
  artifactKey: Guid(46d2eafa03904ba419944c960f190095) Importer(815301076,1909f56bfc062723c751e8b465ee728b)
Start importing Assets/Prefabs/TrailS using Guid(46d2eafa03904ba419944c960f190095) Importer(815301076,1909f56bfc062723c751e8b465ee728b)  -> (artifact id: '175de2ca38661a5791658deded46e288') in 0.000499 seconds
Number of updated asset objects reloaded before import = 0
Number of asset objects unloaded after import = 0
========================================================================
Received Import Request.
  Time since last request: 36.274376 seconds.
  path: Assets/Prefabs/Pillars/Crystals
  artifactKey: Guid(3cd352fbf95db4844849b668d528be43) Importer(815301076,1909f56bfc062723c751e8b465ee728b)
Start importing Assets/Prefabs/Pillars/Crystals using Guid(3cd352fbf95db4844849b668d528be43) Importer(815301076,1909f56bfc062723c751e8b465ee728b)  -> (artifact id: '31478f022d25e1ff80f469e5b063f1a0') in 0.000574 seconds
Number of updated asset objects reloaded before import = 0
Number of asset objects unloaded after import = 0
========================================================================
Received Import Request.
  Time since last request: 11.401758 seconds.
  path: Assets/Prefabs/Pillars/Crystals/polySurface7.prefab
  artifactKey: Guid(8f500d24acb560c499ea84864ae30b33) Importer(815301076,1909f56bfc062723c751e8b465ee728b)
Start importing Assets/Prefabs/Pillars/Crystals/polySurface7.prefab using Guid(8f500d24acb560c499ea84864ae30b33) Importer(815301076,1909f56bfc062723c751e8b465ee728b)  -> (artifact id: '8a6fe85e0b04b461d0d6d82318f08f3a') in 0.001908 seconds
Number of updated asset objects reloaded before import = 0
Number of asset objects unloaded after import = 6
========================================================================
Received Import Request.
  Time since last request: 6.204420 seconds.
  path: Assets/Prefabs/Pillars/Crystals/Crystal 1.prefab
  artifactKey: Guid(8f500d24acb560c499ea84864ae30b33) Importer(815301076,1909f56bfc062723c751e8b465ee728b)
Start importing Assets/Prefabs/Pillars/Crystals/Crystal 1.prefab using Guid(8f500d24acb560c499ea84864ae30b33) Importer(815301076,1909f56bfc062723c751e8b465ee728b)  -> (artifact id: '755eaca638ef730cd83cfefe7e6fcf28') in 0.001493 seconds
Number of updated asset objects reloaded before import = 0
Number of asset objects unloaded after import = 6
========================================================================
Received Import Request.
  Time since last request: 19.274456 seconds.
  path: Assets/Prefabs/Pillars/Crystals/polySurface12.prefab
  artifactKey: Guid(394d2202974854b4287086b8971934c1) Importer(815301076,1909f56bfc062723c751e8b465ee728b)
Start importing Assets/Prefabs/Pillars/Crystals/polySurface12.prefab using Guid(394d2202974854b4287086b8971934c1) Importer(815301076,1909f56bfc062723c751e8b465ee728b)  -> (artifact id: 'd822f9478ed13321a74d100ca77ef364') in 0.001812 seconds
Number of updated asset objects reloaded before import = 0
Number of asset objects unloaded after import = 6
========================================================================
Received Import Request.
  Time since last request: 3.380783 seconds.
  path: Assets/Prefabs/Pillars/Crystals/polySurface14.prefab
  artifactKey: Guid(6376843748cb5874f9fb44c67da1920a) Importer(815301076,1909f56bfc062723c751e8b465ee728b)
Start importing Assets/Prefabs/Pillars/Crystals/polySurface14.prefab using Guid(6376843748cb5874f9fb44c67da1920a) Importer(815301076,1909f56bfc062723c751e8b465ee728b)  -> (artifact id: 'e3aa0dd6d660909a8ec8d9bf5b0c89c2') in 0.001491 seconds
Number of updated asset objects reloaded before import = 0
Number of asset objects unloaded after import = 6
========================================================================
Received Import Request.
  Time since last request: 2.527671 seconds.
  path: Assets/Prefabs/Pillars/Crystals/polySurface18.prefab
  artifactKey: Guid(2036a47d87f4f2945a348f01a1392abe) Importer(815301076,1909f56bfc062723c751e8b465ee728b)
Start importing Assets/Prefabs/Pillars/Crystals/polySurface18.prefab using Guid(2036a47d87f4f2945a348f01a1392abe) Importer(815301076,1909f56bfc062723c751e8b465ee728b)  -> (artifact id: 'b07e92dd6cb7f2a6ed3652df65722123') in 0.001577 seconds
Number of updated asset objects reloaded before import = 0
Number of asset objects unloaded after import = 6
========================================================================
Received Import Request.
  Time since last request: 10.606714 seconds.
  path: Assets/Prefabs/Pillars/Crystals/Crystal 2.prefab
  artifactKey: Guid(394d2202974854b4287086b8971934c1) Importer(815301076,1909f56bfc062723c751e8b465ee728b)
Start importing Assets/Prefabs/Pillars/Crystals/Crystal 2.prefab using Guid(394d2202974854b4287086b8971934c1) Importer(815301076,1909f56bfc062723c751e8b465ee728b)  -> (artifact id: '8399fc40dab3a1d37b51208ba25c836d') in 0.001603 seconds
Number of updated asset objects reloaded before import = 0
Number of asset objects unloaded after import = 6
========================================================================
Received Import Request.
  Time since last request: 4.404661 seconds.
  path: Assets/Prefabs/Pillars/Crystals/Crystal 3.prefab
  artifactKey: Guid(6376843748cb5874f9fb44c67da1920a) Importer(815301076,1909f56bfc062723c751e8b465ee728b)
Start importing Assets/Prefabs/Pillars/Crystals/Crystal 3.prefab using Guid(6376843748cb5874f9fb44c67da1920a) Importer(815301076,1909f56bfc062723c751e8b465ee728b)  -> (artifact id: 'debf6a08951659ad458f85c5f5b0fbed') in 0.001474 seconds
Number of updated asset objects reloaded before import = 0
Number of asset objects unloaded after import = 6
========================================================================
Received Import Request.
  Time since last request: 5.453538 seconds.
  path: Assets/Prefabs/Pillars/Crystals/Crystal 4.prefab
  artifactKey: Guid(2036a47d87f4f2945a348f01a1392abe) Importer(815301076,1909f56bfc062723c751e8b465ee728b)
Start importing Assets/Prefabs/Pillars/Crystals/Crystal 4.prefab using Guid(2036a47d87f4f2945a348f01a1392abe) Importer(815301076,1909f56bfc062723c751e8b465ee728b)  -> (artifact id: 'ca77180235f80617eddcadfdcaf8c08d') in 0.001629 seconds
Number of updated asset objects reloaded before import = 0
Number of asset objects unloaded after import = 6
========================================================================
Received Import Request.
  Time since last request: 49.507886 seconds.
  path: Assets/Prefabs/Pillars/Crystals/Crystal 1.prefab
  artifactKey: Guid(8f500d24acb560c499ea84864ae30b33) Importer(815301076,1909f56bfc062723c751e8b465ee728b)
Start importing Assets/Prefabs/Pillars/Crystals/Crystal 1.prefab using Guid(8f500d24acb560c499ea84864ae30b33) Importer(815301076,1909f56bfc062723c751e8b465ee728b)  -> (artifact id: '81b173b8171458504458ea14f6cd0249') in 0.001624 seconds
Number of updated asset objects reloaded before import = 0
Number of asset objects unloaded after import = 6
========================================================================
Received Import Request.
  Time since last request: 23.072053 seconds.
  path: Assets/Scripts/RandomRotation.cs
  artifactKey: Guid(3daabca09612e6749b239ac4fde79d1d) Importer(815301076,1909f56bfc062723c751e8b465ee728b)
Start importing Assets/Scripts/RandomRotation.cs using Guid(3daabca09612e6749b239ac4fde79d1d) Importer(815301076,1909f56bfc062723c751e8b465ee728b)  -> (artifact id: '2b615fbde6f78a8aa93954bace959504') in 0.002019 seconds
Number of updated asset objects reloaded before import = 0
Number of asset objects unloaded after import = 0
========================================================================
Received Import Request.
  Time since last request: 26.497453 seconds.
  path: Assets/Prefabs/Pillars/Crystals/Crystal 1.prefab
  artifactKey: Guid(8f500d24acb560c499ea84864ae30b33) Importer(815301076,1909f56bfc062723c751e8b465ee728b)
Start importing Assets/Prefabs/Pillars/Crystals/Crystal 1.prefab using Guid(8f500d24acb560c499ea84864ae30b33) Importer(815301076,1909f56bfc062723c751e8b465ee728b)  -> (artifact id: 'a052ef8b4ea75f81e469816ee9e65a5e') in 0.003543 seconds
Number of updated asset objects reloaded before import = 0
Number of asset objects unloaded after import = 7
========================================================================
Received Import Request.
  Time since last request: 6.870231 seconds.
  path: Assets/Prefabs/Pillars/Crystals/Crystal 2.prefab
  artifactKey: Guid(394d2202974854b4287086b8971934c1) Importer(815301076,1909f56bfc062723c751e8b465ee728b)
Start importing Assets/Prefabs/Pillars/Crystals/Crystal 2.prefab using Guid(394d2202974854b4287086b8971934c1) Importer(815301076,1909f56bfc062723c751e8b465ee728b)  -> (artifact id: '28ed82abab2c2791c0ce8b4350192a60') in 0.001581 seconds
Number of updated asset objects reloaded before import = 0
Number of asset objects unloaded after import = 7
========================================================================
Received Import Request.
  Time since last request: 3.430559 seconds.
  path: Assets/Prefabs/Pillars/Crystals/Crystal 3.prefab
  artifactKey: Guid(6376843748cb5874f9fb44c67da1920a) Importer(815301076,1909f56bfc062723c751e8b465ee728b)
Start importing Assets/Prefabs/Pillars/Crystals/Crystal 3.prefab using Guid(6376843748cb5874f9fb44c67da1920a) Importer(815301076,1909f56bfc062723c751e8b465ee728b)  -> (artifact id: '7cf780c79d441f8243413e9f82ab8b3e') in 0.001627 seconds
Number of updated asset objects reloaded before import = 0
Number of asset objects unloaded after import = 7
========================================================================
Received Import Request.
  Time since last request: 4.020567 seconds.
  path: Assets/Prefabs/Pillars/Crystals/Crystal 4.prefab
  artifactKey: Guid(2036a47d87f4f2945a348f01a1392abe) Importer(815301076,1909f56bfc062723c751e8b465ee728b)
Start importing Assets/Prefabs/Pillars/Crystals/Crystal 4.prefab using Guid(2036a47d87f4f2945a348f01a1392abe) Importer(815301076,1909f56bfc062723c751e8b465ee728b)  -> (artifact id: 'ea68f0188b2b81d3e6d56dcefad08cc5') in 0.001560 seconds
Number of updated asset objects reloaded before import = 0
Number of asset objects unloaded after import = 7
========================================================================
Received Import Request.
  Time since last request: 26.416227 seconds.
  path: Assets/Prefabs/Pillars/Crystals/Crystal 1.prefab
  artifactKey: Guid(8f500d24acb560c499ea84864ae30b33) Importer(815301076,1909f56bfc062723c751e8b465ee728b)
Start importing Assets/Prefabs/Pillars/Crystals/Crystal 1.prefab using Guid(8f500d24acb560c499ea84864ae30b33) Importer(815301076,1909f56bfc062723c751e8b465ee728b)  -> (artifact id: '231de8cece3997d92cad04361e15d482') in 0.001685 seconds
Number of updated asset objects reloaded before import = 0
Number of asset objects unloaded after import = 7
========================================================================
Received Import Request.
  Time since last request: 4.389249 seconds.
  path: Assets/Prefabs/Pillars/Crystals/Crystal 1.prefab
  artifactKey: Guid(8f500d24acb560c499ea84864ae30b33) Importer(815301076,1909f56bfc062723c751e8b465ee728b)
Start importing Assets/Prefabs/Pillars/Crystals/Crystal 1.prefab using Guid(8f500d24acb560c499ea84864ae30b33) Importer(815301076,1909f56bfc062723c751e8b465ee728b)  -> (artifact id: 'fee2ebdf6fea2dabd0a4a4b5de3069a7') in 0.001774 seconds
Number of updated asset objects reloaded before import = 0
Number of asset objects unloaded after import = 7
========================================================================
Received Import Request.
  Time since last request: 5.395920 seconds.
  path: Assets/Prefabs/Pillars/Crystals/Crystal 1.prefab
  artifactKey: Guid(8f500d24acb560c499ea84864ae30b33) Importer(815301076,1909f56bfc062723c751e8b465ee728b)
Start importing Assets/Prefabs/Pillars/Crystals/Crystal 1.prefab using Guid(8f500d24acb560c499ea84864ae30b33) Importer(815301076,1909f56bfc062723c751e8b465ee728b)  -> (artifact id: 'f8e63323af90d461fa0c96811f5afc24') in 0.001552 seconds
Number of updated asset objects reloaded before import = 0
Number of asset objects unloaded after import = 7
========================================================================
Received Import Request.
  Time since last request: 7.835524 seconds.
  path: Assets/Prefabs/Pillars/Crystals/Crystal 1.prefab
  artifactKey: Guid(8f500d24acb560c499ea84864ae30b33) Importer(815301076,1909f56bfc062723c751e8b465ee728b)
Start importing Assets/Prefabs/Pillars/Crystals/Crystal 1.prefab using Guid(8f500d24acb560c499ea84864ae30b33) Importer(815301076,1909f56bfc062723c751e8b465ee728b)  -> (artifact id: '4090eb714172f0ddb037459c3b05e6db') in 0.001602 seconds
Number of updated asset objects reloaded before import = 0
Number of asset objects unloaded after import = 7
========================================================================
Received Import Request.
  Time since last request: 12.431860 seconds.
  path: Assets/Prefabs/Pillars/Crystals/Crystal 1.prefab
  artifactKey: Guid(8f500d24acb560c499ea84864ae30b33) Importer(815301076,1909f56bfc062723c751e8b465ee728b)
Start importing Assets/Prefabs/Pillars/Crystals/Crystal 1.prefab using Guid(8f500d24acb560c499ea84864ae30b33) Importer(815301076,1909f56bfc062723c751e8b465ee728b)  -> (artifact id: 'c372bd5a85d043b3c069a75915b93177') in 0.001692 seconds
Number of updated asset objects reloaded before import = 0
Number of asset objects unloaded after import = 7
========================================================================
Received Prepare
Begin MonoManager ReloadAssembly
Symbol file LoadedFromMemory doesn't match image E:\GitHub\TESIS\Tesis Enchanted Skylands\Library\PackageCache\com.unity.visualscripting@1.8.0\Editor\VisualScripting.Core\Dependencies\YamlDotNet\Unity.VisualScripting.YamlDotNet.dll
Symbol file LoadedFromMemory doesn't match image E:\GitHub\TESIS\Tesis Enchanted Skylands\Library\PackageCache\com.unity.visualscripting@1.8.0\Editor\VisualScripting.Core\Dependencies\DotNetZip\Unity.VisualScripting.IonicZip.dll
- Loaded All Assemblies, in  0.769 seconds
Refreshing native plugins compatible for Editor in 3.09 ms, found 3 plugins.
Native extension for WindowsStandalone target not found
[Package Manager] Server::EnsureServerProcessIsRunning -- launch failed, reason: Unity was launched with the -noUpm command-line argument
[Package Manager] UpmClient::Send -- Unable to send message (not connected to UPM process).
[Package Manager] Cannot connect to Unity Package Manager local server
[Package Manager] Server::EnsureServerProcessIsRunning -- launch failed, reason: Unity was launched with the -noUpm command-line argument
[Package Manager] UpmClient::Send -- Unable to send message (not connected to UPM process).
[Package Manager] Cannot connect to Unity Package Manager local server
Mono: successfully reloaded assembly
- Finished resetting the current domain, in  1.758 seconds
Domain Reload Profiling: 2524ms
	BeginReloadAssembly (137ms)
		ExecutionOrderSort (0ms)
		DisableScriptedObjects (5ms)
		BackupInstance (0ms)
		ReleaseScriptingObjects (0ms)
		CreateAndSetChildDomain (37ms)
	RebuildCommonClasses (36ms)
	RebuildNativeTypeToScriptingClass (13ms)
	initialDomainReloadingComplete (37ms)
	LoadAllAssembliesAndSetupDomain (544ms)
		LoadAssemblies (265ms)
		RebuildTransferFunctionScriptingTraits (0ms)
		AnalyzeDomain (333ms)
			TypeCache.Refresh (310ms)
				TypeCache.ScanAssembly (298ms)
			ScanForSourceGeneratedMonoScriptInfo (0ms)
			ResolveRequiredComponents (23ms)
	FinalizeReload (1759ms)
		ReleaseScriptCaches (0ms)
		RebuildScriptCaches (0ms)
		SetupLoadedEditorAssemblies (705ms)
			LogAssemblyErrors (0ms)
			InitializePlatformSupportModulesInManaged (10ms)
			SetLoadedEditorAssemblies (4ms)
			RefreshPlugins (0ms)
			BeforeProcessingInitializeOnLoad (101ms)
			ProcessInitializeOnLoadAttributes (489ms)
			ProcessInitializeOnLoadMethodAttributes (88ms)
			AfterProcessingInitializeOnLoad (14ms)
			EditorAssembliesLoaded (0ms)
		ExecutionOrderSort2 (0ms)
		AwakeInstancesAfterBackupRestoration (23ms)
Refreshing native plugins compatible for Editor in 4.68 ms, found 3 plugins.
Preloading 0 native plugins for Editor in 0.00 ms.
Unloading 6458 Unused Serialized files (Serialized files now loaded: 0)
Unloading 45 unused Assets / (1.1 MB). Loaded Objects now: 7459.
Memory consumption went from 335.4 MB to 334.3 MB.
Total: 5.238700 ms (FindLiveObjects: 1.084500 ms CreateObjectMapping: 0.421400 ms MarkObjects: 3.452300 ms  DeleteObjects: 0.279300 ms)

Prepare: number of updated asset objects reloaded= 0
AssetImportParameters requested are different than current active one (requested -> active):
  custom:container-demuxer-ogg: 62fdf1f143b41e24485cea50d1cbac27 -> 
  custom:framework-win-MediaFoundation: 216162199b28c13a410421893ffa2e32 -> 
  custom:container-muxer-webm: aa71ff27fc2769a1b78a27578f13a17b -> 
  custom:video-decoder-webm-vp8: 9c59270c3fd7afecdb556c50c9e8de78 -> 
  custom:SearchIndexIgnoredProperties: e643bd26f0fe6173181afceb89e7c659 -> 
  custom:AudioImporter_EditorPlatform: d09bf68614088b80899f8185d706f6e7 -> 
  custom:audio-decoder-ogg-vorbis: bf7c407c2cedff20999df2af8eb42d56 -> 
  custom:audio-encoder-webm-vorbis: bf7c407c2cedff20999df2af8eb42d56 -> 
  custom:video-decoder-ogg-theora: a1e56fd34408186e4bbccfd4996cb3dc -> 
  custom:CustomObjectIndexerAttribute: a3ef5dd2817f97addfee359851a9dba5 -> 
  custom:container-demuxer-webm: 4f35f7cbe854078d1ac9338744f61a02 -> 
  custom:video-encoder-webm-vp8: eb34c28f22e8b96e1ab97ce403110664 -> 
========================================================================
Received Import Request.
  Time since last request: 24.249250 seconds.
  path: Assets/Prefabs/Pillars/Crystals/Crystal 2.prefab
  artifactKey: Guid(394d2202974854b4287086b8971934c1) Importer(815301076,1909f56bfc062723c751e8b465ee728b)
Start importing Assets/Prefabs/Pillars/Crystals/Crystal 2.prefab using Guid(394d2202974854b4287086b8971934c1) Importer(815301076,1909f56bfc062723c751e8b465ee728b)  -> (artifact id: '19b14f84b0ba09e9039aebf5d0904911') in 0.033756 seconds
Number of updated asset objects reloaded before import = 0
Number of asset objects unloaded after import = 7
========================================================================
Received Import Request.
  Time since last request: 2.191467 seconds.
  path: Assets/Prefabs/Pillars/Crystals/Crystal 2.prefab
  artifactKey: Guid(394d2202974854b4287086b8971934c1) Importer(815301076,1909f56bfc062723c751e8b465ee728b)
Start importing Assets/Prefabs/Pillars/Crystals/Crystal 2.prefab using Guid(394d2202974854b4287086b8971934c1) Importer(815301076,1909f56bfc062723c751e8b465ee728b)  -> (artifact id: 'e22199a5f4d0096235fc86d328434006') in 0.001621 seconds
Number of updated asset objects reloaded before import = 0
Number of asset objects unloaded after import = 7
========================================================================
Received Import Request.
  Time since last request: 2.689976 seconds.
  path: Assets/Prefabs/Pillars/Crystals/Crystal 3.prefab
  artifactKey: Guid(6376843748cb5874f9fb44c67da1920a) Importer(815301076,1909f56bfc062723c751e8b465ee728b)
Start importing Assets/Prefabs/Pillars/Crystals/Crystal 3.prefab using Guid(6376843748cb5874f9fb44c67da1920a) Importer(815301076,1909f56bfc062723c751e8b465ee728b)  -> (artifact id: 'ca4d73dfc86acf4c45ee2e14dbcbdc2e') in 0.001703 seconds
Number of updated asset objects reloaded before import = 0
Number of asset objects unloaded after import = 7
========================================================================
Received Import Request.
  Time since last request: 1.638923 seconds.
  path: Assets/Prefabs/Pillars/Crystals/Crystal 3.prefab
  artifactKey: Guid(6376843748cb5874f9fb44c67da1920a) Importer(815301076,1909f56bfc062723c751e8b465ee728b)
Start importing Assets/Prefabs/Pillars/Crystals/Crystal 3.prefab using Guid(6376843748cb5874f9fb44c67da1920a) Importer(815301076,1909f56bfc062723c751e8b465ee728b)  -> (artifact id: '4befa7111fbe1cfb4ac0752d526a5157') in 0.001862 seconds
Number of updated asset objects reloaded before import = 0
Number of asset objects unloaded after import = 7
========================================================================
Received Import Request.
  Time since last request: 3.396106 seconds.
  path: Assets/Prefabs/Pillars/Crystals/Crystal 4.prefab
  artifactKey: Guid(2036a47d87f4f2945a348f01a1392abe) Importer(815301076,1909f56bfc062723c751e8b465ee728b)
Start importing Assets/Prefabs/Pillars/Crystals/Crystal 4.prefab using Guid(2036a47d87f4f2945a348f01a1392abe) Importer(815301076,1909f56bfc062723c751e8b465ee728b)  -> (artifact id: 'b21a5b5c3b3eab59bf5ff9c40a4b36e3') in 0.001616 seconds
Number of updated asset objects reloaded before import = 0
Number of asset objects unloaded after import = 7
========================================================================
Received Import Request.
  Time since last request: 1.693993 seconds.
  path: Assets/Prefabs/Pillars/Crystals/Crystal 4.prefab
  artifactKey: Guid(2036a47d87f4f2945a348f01a1392abe) Importer(815301076,1909f56bfc062723c751e8b465ee728b)
Start importing Assets/Prefabs/Pillars/Crystals/Crystal 4.prefab using Guid(2036a47d87f4f2945a348f01a1392abe) Importer(815301076,1909f56bfc062723c751e8b465ee728b)  -> (artifact id: 'e6a0d8c0f623360349c7cdfa6ff8b038') in 0.001839 seconds
Number of updated asset objects reloaded before import = 0
Number of asset objects unloaded after import = 7
========================================================================
Received Prepare
Begin MonoManager ReloadAssembly
Symbol file LoadedFromMemory doesn't match image E:\GitHub\TESIS\Tesis Enchanted Skylands\Library\PackageCache\com.unity.visualscripting@1.8.0\Editor\VisualScripting.Core\Dependencies\YamlDotNet\Unity.VisualScripting.YamlDotNet.dll
Symbol file LoadedFromMemory doesn't match image E:\GitHub\TESIS\Tesis Enchanted Skylands\Library\PackageCache\com.unity.visualscripting@1.8.0\Editor\VisualScripting.Core\Dependencies\DotNetZip\Unity.VisualScripting.IonicZip.dll
- Loaded All Assemblies, in  0.789 seconds
Refreshing native plugins compatible for Editor in 3.11 ms, found 3 plugins.
Native extension for WindowsStandalone target not found
[Package Manager] Server::EnsureServerProcessIsRunning -- launch failed, reason: Unity was launched with the -noUpm command-line argument
[Package Manager] UpmClient::Send -- Unable to send message (not connected to UPM process).
[Package Manager] Cannot connect to Unity Package Manager local server
[Package Manager] Server::EnsureServerProcessIsRunning -- launch failed, reason: Unity was launched with the -noUpm command-line argument
[Package Manager] UpmClient::Send -- Unable to send message (not connected to UPM process).
[Package Manager] Cannot connect to Unity Package Manager local server
Mono: successfully reloaded assembly
- Finished resetting the current domain, in  1.670 seconds
Domain Reload Profiling: 2456ms
	BeginReloadAssembly (160ms)
		ExecutionOrderSort (0ms)
		DisableScriptedObjects (5ms)
		BackupInstance (0ms)
		ReleaseScriptingObjects (0ms)
		CreateAndSetChildDomain (40ms)
	RebuildCommonClasses (35ms)
	RebuildNativeTypeToScriptingClass (13ms)
	initialDomainReloadingComplete (37ms)
	LoadAllAssembliesAndSetupDomain (540ms)
		LoadAssemblies (288ms)
		RebuildTransferFunctionScriptingTraits (0ms)
		AnalyzeDomain (323ms)
			TypeCache.Refresh (308ms)
				TypeCache.ScanAssembly (296ms)
			ScanForSourceGeneratedMonoScriptInfo (0ms)
			ResolveRequiredComponents (15ms)
	FinalizeReload (1671ms)
		ReleaseScriptCaches (0ms)
		RebuildScriptCaches (0ms)
		SetupLoadedEditorAssemblies (708ms)
			LogAssemblyErrors (0ms)
			InitializePlatformSupportModulesInManaged (10ms)
			SetLoadedEditorAssemblies (5ms)
			RefreshPlugins (0ms)
			BeforeProcessingInitializeOnLoad (102ms)
			ProcessInitializeOnLoadAttributes (488ms)
			ProcessInitializeOnLoadMethodAttributes (92ms)
			AfterProcessingInitializeOnLoad (12ms)
			EditorAssembliesLoaded (0ms)
		ExecutionOrderSort2 (0ms)
		AwakeInstancesAfterBackupRestoration (25ms)
Refreshing native plugins compatible for Editor in 5.02 ms, found 3 plugins.
Preloading 0 native plugins for Editor in 0.00 ms.
Unloading 6458 Unused Serialized files (Serialized files now loaded: 0)
Unloading 45 unused Assets / (1.1 MB). Loaded Objects now: 7475.
Memory consumption went from 335.4 MB to 334.3 MB.
Total: 5.594200 ms (FindLiveObjects: 1.531100 ms CreateObjectMapping: 0.536000 ms MarkObjects: 3.279800 ms  DeleteObjects: 0.246300 ms)

Prepare: number of updated asset objects reloaded= 0
AssetImportParameters requested are different than current active one (requested -> active):
  custom:container-demuxer-ogg: 62fdf1f143b41e24485cea50d1cbac27 -> 
  custom:framework-win-MediaFoundation: 216162199b28c13a410421893ffa2e32 -> 
  custom:container-muxer-webm: aa71ff27fc2769a1b78a27578f13a17b -> 
  custom:video-decoder-webm-vp8: 9c59270c3fd7afecdb556c50c9e8de78 -> 
  custom:SearchIndexIgnoredProperties: e643bd26f0fe6173181afceb89e7c659 -> 
  custom:AudioImporter_EditorPlatform: d09bf68614088b80899f8185d706f6e7 -> 
  custom:audio-decoder-ogg-vorbis: bf7c407c2cedff20999df2af8eb42d56 -> 
  custom:audio-encoder-webm-vorbis: bf7c407c2cedff20999df2af8eb42d56 -> 
  custom:video-decoder-ogg-theora: a1e56fd34408186e4bbccfd4996cb3dc -> 
  custom:CustomObjectIndexerAttribute: a3ef5dd2817f97addfee359851a9dba5 -> 
  custom:container-demuxer-webm: 4f35f7cbe854078d1ac9338744f61a02 -> 
  custom:video-encoder-webm-vp8: eb34c28f22e8b96e1ab97ce403110664 -> 
========================================================================
Received Import Request.
  Time since last request: 34.164764 seconds.
  path: Assets/Prefabs/Pillars/Crystals/Crystal 1.prefab
  artifactKey: Guid(8f500d24acb560c499ea84864ae30b33) Importer(815301076,1909f56bfc062723c751e8b465ee728b)
Start importing Assets/Prefabs/Pillars/Crystals/Crystal 1.prefab using Guid(8f500d24acb560c499ea84864ae30b33) Importer(815301076,1909f56bfc062723c751e8b465ee728b)  -> (artifact id: '11726357bbb1dee6467900df975d1fb4') in 0.029715 seconds
Number of updated asset objects reloaded before import = 0
Number of asset objects unloaded after import = 7
========================================================================
Received Import Request.
  Time since last request: 1.490756 seconds.
  path: Assets/Prefabs/Pillars/Crystals/Crystal 2.prefab
  artifactKey: Guid(394d2202974854b4287086b8971934c1) Importer(815301076,1909f56bfc062723c751e8b465ee728b)
Start importing Assets/Prefabs/Pillars/Crystals/Crystal 2.prefab using Guid(394d2202974854b4287086b8971934c1) Importer(815301076,1909f56bfc062723c751e8b465ee728b)  -> (artifact id: '5e75f44aed4e92b1b827f068d737a2f7') in 0.001648 seconds
Number of updated asset objects reloaded before import = 0
Number of asset objects unloaded after import = 7
========================================================================
Received Import Request.
  Time since last request: 1.440520 seconds.
  path: Assets/Prefabs/Pillars/Crystals/Crystal 3.prefab
  artifactKey: Guid(6376843748cb5874f9fb44c67da1920a) Importer(815301076,1909f56bfc062723c751e8b465ee728b)
Start importing Assets/Prefabs/Pillars/Crystals/Crystal 3.prefab using Guid(6376843748cb5874f9fb44c67da1920a) Importer(815301076,1909f56bfc062723c751e8b465ee728b)  -> (artifact id: 'f6cf2af15311545decace01aca568852') in 0.001885 seconds
Number of updated asset objects reloaded before import = 0
Number of asset objects unloaded after import = 7
========================================================================
Received Import Request.
  Time since last request: 1.411821 seconds.
  path: Assets/Prefabs/Pillars/Crystals/Crystal 4.prefab
  artifactKey: Guid(2036a47d87f4f2945a348f01a1392abe) Importer(815301076,1909f56bfc062723c751e8b465ee728b)
Start importing Assets/Prefabs/Pillars/Crystals/Crystal 4.prefab using Guid(2036a47d87f4f2945a348f01a1392abe) Importer(815301076,1909f56bfc062723c751e8b465ee728b)  -> (artifact id: '9131780e128220afdc6d26c1fb605814') in 0.001578 seconds
Number of updated asset objects reloaded before import = 0
Number of asset objects unloaded after import = 7
========================================================================
Received Prepare
Begin MonoManager ReloadAssembly
Symbol file LoadedFromMemory doesn't match image E:\GitHub\TESIS\Tesis Enchanted Skylands\Library\PackageCache\com.unity.visualscripting@1.8.0\Editor\VisualScripting.Core\Dependencies\YamlDotNet\Unity.VisualScripting.YamlDotNet.dll
Symbol file LoadedFromMemory doesn't match image E:\GitHub\TESIS\Tesis Enchanted Skylands\Library\PackageCache\com.unity.visualscripting@1.8.0\Editor\VisualScripting.Core\Dependencies\DotNetZip\Unity.VisualScripting.IonicZip.dll
- Loaded All Assemblies, in  0.793 seconds
Refreshing native plugins compatible for Editor in 2.98 ms, found 3 plugins.
Native extension for WindowsStandalone target not found
[Package Manager] Server::EnsureServerProcessIsRunning -- launch failed, reason: Unity was launched with the -noUpm command-line argument
[Package Manager] UpmClient::Send -- Unable to send message (not connected to UPM process).
[Package Manager] Cannot connect to Unity Package Manager local server
[Package Manager] Server::EnsureServerProcessIsRunning -- launch failed, reason: Unity was launched with the -noUpm command-line argument
[Package Manager] UpmClient::Send -- Unable to send message (not connected to UPM process).
[Package Manager] Cannot connect to Unity Package Manager local server
Mono: successfully reloaded assembly
- Finished resetting the current domain, in  1.671 seconds
Domain Reload Profiling: 2461ms
	BeginReloadAssembly (158ms)
		ExecutionOrderSort (0ms)
		DisableScriptedObjects (5ms)
		BackupInstance (0ms)
		ReleaseScriptingObjects (0ms)
		CreateAndSetChildDomain (38ms)
	RebuildCommonClasses (36ms)
	RebuildNativeTypeToScriptingClass (13ms)
	initialDomainReloadingComplete (38ms)
	LoadAllAssembliesAndSetupDomain (545ms)
		LoadAssemblies (291ms)
		RebuildTransferFunctionScriptingTraits (0ms)
		AnalyzeDomain (326ms)
			TypeCache.Refresh (310ms)
				TypeCache.ScanAssembly (297ms)
			ScanForSourceGeneratedMonoScriptInfo (0ms)
			ResolveRequiredComponents (16ms)
	FinalizeReload (1672ms)
		ReleaseScriptCaches (0ms)
		RebuildScriptCaches (0ms)
		SetupLoadedEditorAssemblies (708ms)
			LogAssemblyErrors (0ms)
			InitializePlatformSupportModulesInManaged (10ms)
			SetLoadedEditorAssemblies (4ms)
			RefreshPlugins (0ms)
			BeforeProcessingInitializeOnLoad (103ms)
			ProcessInitializeOnLoadAttributes (487ms)
			ProcessInitializeOnLoadMethodAttributes (90ms)
			AfterProcessingInitializeOnLoad (14ms)
			EditorAssembliesLoaded (0ms)
		ExecutionOrderSort2 (0ms)
		AwakeInstancesAfterBackupRestoration (24ms)
Refreshing native plugins compatible for Editor in 4.97 ms, found 3 plugins.
Preloading 0 native plugins for Editor in 0.00 ms.
Unloading 6458 Unused Serialized files (Serialized files now loaded: 0)
Unloading 45 unused Assets / (1.1 MB). Loaded Objects now: 7491.
Memory consumption went from 335.5 MB to 334.3 MB.
Total: 5.607000 ms (FindLiveObjects: 0.985400 ms CreateObjectMapping: 0.419200 ms MarkObjects: 3.916300 ms  DeleteObjects: 0.284200 ms)

Prepare: number of updated asset objects reloaded= 0
AssetImportParameters requested are different than current active one (requested -> active):
  custom:container-demuxer-ogg: 62fdf1f143b41e24485cea50d1cbac27 -> 
  custom:framework-win-MediaFoundation: 216162199b28c13a410421893ffa2e32 -> 
  custom:container-muxer-webm: aa71ff27fc2769a1b78a27578f13a17b -> 
  custom:video-decoder-webm-vp8: 9c59270c3fd7afecdb556c50c9e8de78 -> 
  custom:SearchIndexIgnoredProperties: e643bd26f0fe6173181afceb89e7c659 -> 
  custom:AudioImporter_EditorPlatform: d09bf68614088b80899f8185d706f6e7 -> 
  custom:audio-decoder-ogg-vorbis: bf7c407c2cedff20999df2af8eb42d56 -> 
  custom:audio-encoder-webm-vorbis: bf7c407c2cedff20999df2af8eb42d56 -> 
  custom:video-decoder-ogg-theora: a1e56fd34408186e4bbccfd4996cb3dc -> 
  custom:CustomObjectIndexerAttribute: a3ef5dd2817f97addfee359851a9dba5 -> 
  custom:container-demuxer-webm: 4f35f7cbe854078d1ac9338744f61a02 -> 
  custom:video-encoder-webm-vp8: eb34c28f22e8b96e1ab97ce403110664 -> 
========================================================================
Received Import Request.
  Time since last request: 36.512625 seconds.
  path: Assets/Prefabs/Pillars/Crystals/Crystal 1.prefab
  artifactKey: Guid(8f500d24acb560c499ea84864ae30b33) Importer(815301076,1909f56bfc062723c751e8b465ee728b)
Start importing Assets/Prefabs/Pillars/Crystals/Crystal 1.prefab using Guid(8f500d24acb560c499ea84864ae30b33) Importer(815301076,1909f56bfc062723c751e8b465ee728b)  -> (artifact id: '3eca00cc3f41ece0b147a5c89972bf55') in 0.030586 seconds
Number of updated asset objects reloaded before import = 0
Number of asset objects unloaded after import = 7
========================================================================
Received Import Request.
  Time since last request: 0.974493 seconds.
  path: Assets/Prefabs/Pillars/Crystals/Crystal 1.prefab
  artifactKey: Guid(8f500d24acb560c499ea84864ae30b33) Importer(815301076,1909f56bfc062723c751e8b465ee728b)
Start importing Assets/Prefabs/Pillars/Crystals/Crystal 1.prefab using Guid(8f500d24acb560c499ea84864ae30b33) Importer(815301076,1909f56bfc062723c751e8b465ee728b)  -> (artifact id: '69949b26f7b4d66eed86c6beb38842a0') in 0.002896 seconds
Number of updated asset objects reloaded before import = 0
Number of asset objects unloaded after import = 7
========================================================================
Received Import Request.
  Time since last request: 6.405937 seconds.
  path: Assets/Prefabs/Pillars/Crystals/Crystal 2.prefab
  artifactKey: Guid(394d2202974854b4287086b8971934c1) Importer(815301076,1909f56bfc062723c751e8b465ee728b)
Start importing Assets/Prefabs/Pillars/Crystals/Crystal 2.prefab using Guid(394d2202974854b4287086b8971934c1) Importer(815301076,1909f56bfc062723c751e8b465ee728b)  -> (artifact id: '33f8b5743cbe880e6edd12df0dc6a179') in 0.001543 seconds
Number of updated asset objects reloaded before import = 0
Number of asset objects unloaded after import = 7
========================================================================
Received Import Request.
  Time since last request: 0.605458 seconds.
  path: Assets/Prefabs/Pillars/Crystals/Crystal 2.prefab
  artifactKey: Guid(394d2202974854b4287086b8971934c1) Importer(815301076,1909f56bfc062723c751e8b465ee728b)
Start importing Assets/Prefabs/Pillars/Crystals/Crystal 2.prefab using Guid(394d2202974854b4287086b8971934c1) Importer(815301076,1909f56bfc062723c751e8b465ee728b)  -> (artifact id: 'c86f4c8c5c5f595e6c7fc3d352693ff1') in 0.001776 seconds
Number of updated asset objects reloaded before import = 0
Number of asset objects unloaded after import = 7
========================================================================
Received Import Request.
  Time since last request: 1.916867 seconds.
  path: Assets/Prefabs/Pillars/Crystals/Crystal 3.prefab
  artifactKey: Guid(6376843748cb5874f9fb44c67da1920a) Importer(815301076,1909f56bfc062723c751e8b465ee728b)
Start importing Assets/Prefabs/Pillars/Crystals/Crystal 3.prefab using Guid(6376843748cb5874f9fb44c67da1920a) Importer(815301076,1909f56bfc062723c751e8b465ee728b)  -> (artifact id: '36f3a234d3c68903d22c5eb715da318e') in 0.001680 seconds
Number of updated asset objects reloaded before import = 0
Number of asset objects unloaded after import = 7
========================================================================
Received Import Request.
  Time since last request: 0.611400 seconds.
  path: Assets/Prefabs/Pillars/Crystals/Crystal 3.prefab
  artifactKey: Guid(6376843748cb5874f9fb44c67da1920a) Importer(815301076,1909f56bfc062723c751e8b465ee728b)
Start importing Assets/Prefabs/Pillars/Crystals/Crystal 3.prefab using Guid(6376843748cb5874f9fb44c67da1920a) Importer(815301076,1909f56bfc062723c751e8b465ee728b)  -> (artifact id: '6ee053cfb6a3a0245aba0a43259a2faa') in 0.001787 seconds
Number of updated asset objects reloaded before import = 0
Number of asset objects unloaded after import = 7
========================================================================
Received Import Request.
  Time since last request: 1.238891 seconds.
  path: Assets/Prefabs/Pillars/Crystals/Crystal 4.prefab
  artifactKey: Guid(2036a47d87f4f2945a348f01a1392abe) Importer(815301076,1909f56bfc062723c751e8b465ee728b)
Start importing Assets/Prefabs/Pillars/Crystals/Crystal 4.prefab using Guid(2036a47d87f4f2945a348f01a1392abe) Importer(815301076,1909f56bfc062723c751e8b465ee728b)  -> (artifact id: 'f37cdb84bb3591c2ea73d25c08f141a4') in 0.001669 seconds
Number of updated asset objects reloaded before import = 0
Number of asset objects unloaded after import = 7
========================================================================
Received Import Request.
  Time since last request: 0.410854 seconds.
  path: Assets/Prefabs/Pillars/Crystals/Crystal 4.prefab
  artifactKey: Guid(2036a47d87f4f2945a348f01a1392abe) Importer(815301076,1909f56bfc062723c751e8b465ee728b)
Start importing Assets/Prefabs/Pillars/Crystals/Crystal 4.prefab using Guid(2036a47d87f4f2945a348f01a1392abe) Importer(815301076,1909f56bfc062723c751e8b465ee728b)  -> (artifact id: 'e606b9d718fbbe693f1042df4191f43f') in 0.001830 seconds
Number of updated asset objects reloaded before import = 0
Number of asset objects unloaded after import = 7
========================================================================
Received Prepare
Begin MonoManager ReloadAssembly
Symbol file LoadedFromMemory doesn't match image E:\GitHub\TESIS\Tesis Enchanted Skylands\Library\PackageCache\com.unity.visualscripting@1.8.0\Editor\VisualScripting.Core\Dependencies\YamlDotNet\Unity.VisualScripting.YamlDotNet.dll
Symbol file LoadedFromMemory doesn't match image E:\GitHub\TESIS\Tesis Enchanted Skylands\Library\PackageCache\com.unity.visualscripting@1.8.0\Editor\VisualScripting.Core\Dependencies\DotNetZip\Unity.VisualScripting.IonicZip.dll
- Loaded All Assemblies, in  0.771 seconds
Refreshing native plugins compatible for Editor in 3.08 ms, found 3 plugins.
Native extension for WindowsStandalone target not found
[Package Manager] Server::EnsureServerProcessIsRunning -- launch failed, reason: Unity was launched with the -noUpm command-line argument
[Package Manager] UpmClient::Send -- Unable to send message (not connected to UPM process).
[Package Manager] Cannot connect to Unity Package Manager local server
[Package Manager] Server::EnsureServerProcessIsRunning -- launch failed, reason: Unity was launched with the -noUpm command-line argument
[Package Manager] UpmClient::Send -- Unable to send message (not connected to UPM process).
[Package Manager] Cannot connect to Unity Package Manager local server
Mono: successfully reloaded assembly
- Finished resetting the current domain, in  1.684 seconds
Domain Reload Profiling: 2453ms
	BeginReloadAssembly (152ms)
		ExecutionOrderSort (0ms)
		DisableScriptedObjects (5ms)
		BackupInstance (0ms)
		ReleaseScriptingObjects (0ms)
		CreateAndSetChildDomain (35ms)
	RebuildCommonClasses (35ms)
	RebuildNativeTypeToScriptingClass (13ms)
	initialDomainReloadingComplete (36ms)
	LoadAllAssembliesAndSetupDomain (532ms)
		LoadAssemblies (276ms)
		RebuildTransferFunctionScriptingTraits (0ms)
		AnalyzeDomain (325ms)
			TypeCache.Refresh (310ms)
				TypeCache.ScanAssembly (299ms)
			ScanForSourceGeneratedMonoScriptInfo (0ms)
			ResolveRequiredComponents (14ms)
	FinalizeReload (1686ms)
		ReleaseScriptCaches (0ms)
		RebuildScriptCaches (0ms)
		SetupLoadedEditorAssemblies (709ms)
			LogAssemblyErrors (0ms)
			InitializePlatformSupportModulesInManaged (10ms)
			SetLoadedEditorAssemblies (4ms)
			RefreshPlugins (0ms)
			BeforeProcessingInitializeOnLoad (100ms)
			ProcessInitializeOnLoadAttributes (489ms)
			ProcessInitializeOnLoadMethodAttributes (92ms)
			AfterProcessingInitializeOnLoad (14ms)
			EditorAssembliesLoaded (0ms)
		ExecutionOrderSort2 (0ms)
		AwakeInstancesAfterBackupRestoration (25ms)
Refreshing native plugins compatible for Editor in 4.81 ms, found 3 plugins.
Preloading 0 native plugins for Editor in 0.00 ms.
Unloading 6458 Unused Serialized files (Serialized files now loaded: 0)
Unloading 45 unused Assets / (1.1 MB). Loaded Objects now: 7507.
Memory consumption went from 335.5 MB to 334.3 MB.
Total: 6.385600 ms (FindLiveObjects: 1.680400 ms CreateObjectMapping: 0.532400 ms MarkObjects: 3.911800 ms  DeleteObjects: 0.259600 ms)

Prepare: number of updated asset objects reloaded= 0
AssetImportParameters requested are different than current active one (requested -> active):
  custom:container-demuxer-ogg: 62fdf1f143b41e24485cea50d1cbac27 -> 
  custom:framework-win-MediaFoundation: 216162199b28c13a410421893ffa2e32 -> 
  custom:container-muxer-webm: aa71ff27fc2769a1b78a27578f13a17b -> 
  custom:video-decoder-webm-vp8: 9c59270c3fd7afecdb556c50c9e8de78 -> 
  custom:SearchIndexIgnoredProperties: e643bd26f0fe6173181afceb89e7c659 -> 
  custom:AudioImporter_EditorPlatform: d09bf68614088b80899f8185d706f6e7 -> 
  custom:audio-decoder-ogg-vorbis: bf7c407c2cedff20999df2af8eb42d56 -> 
  custom:audio-encoder-webm-vorbis: bf7c407c2cedff20999df2af8eb42d56 -> 
  custom:video-decoder-ogg-theora: a1e56fd34408186e4bbccfd4996cb3dc -> 
  custom:CustomObjectIndexerAttribute: a3ef5dd2817f97addfee359851a9dba5 -> 
  custom:container-demuxer-webm: 4f35f7cbe854078d1ac9338744f61a02 -> 
  custom:video-encoder-webm-vp8: eb34c28f22e8b96e1ab97ce403110664 -> 
========================================================================
Received Import Request.
  Time since last request: 23.970563 seconds.
  path: Assets/Prefabs/Pillars/Crystals/Crystal 1.prefab
  artifactKey: Guid(8f500d24acb560c499ea84864ae30b33) Importer(815301076,1909f56bfc062723c751e8b465ee728b)
Start importing Assets/Prefabs/Pillars/Crystals/Crystal 1.prefab using Guid(8f500d24acb560c499ea84864ae30b33) Importer(815301076,1909f56bfc062723c751e8b465ee728b)  -> (artifact id: '4e1e5b1e60bb760e51aeeafa00f0c9e3') in 0.029960 seconds
Number of updated asset objects reloaded before import = 0
Number of asset objects unloaded after import = 7
========================================================================
Received Import Request.
  Time since last request: 1.371936 seconds.
  path: Assets/Prefabs/Pillars/Crystals/Crystal 1.prefab
  artifactKey: Guid(8f500d24acb560c499ea84864ae30b33) Importer(815301076,1909f56bfc062723c751e8b465ee728b)
Start importing Assets/Prefabs/Pillars/Crystals/Crystal 1.prefab using Guid(8f500d24acb560c499ea84864ae30b33) Importer(815301076,1909f56bfc062723c751e8b465ee728b)  -> (artifact id: 'a8477a316656a2f660e1fedabaa23dff') in 0.001600 seconds
Number of updated asset objects reloaded before import = 0
Number of asset objects unloaded after import = 7
========================================================================
Received Import Request.
  Time since last request: 1.821265 seconds.
  path: Assets/Prefabs/Pillars/Crystals/Crystal 2.prefab
  artifactKey: Guid(394d2202974854b4287086b8971934c1) Importer(815301076,1909f56bfc062723c751e8b465ee728b)
Start importing Assets/Prefabs/Pillars/Crystals/Crystal 2.prefab using Guid(394d2202974854b4287086b8971934c1) Importer(815301076,1909f56bfc062723c751e8b465ee728b)  -> (artifact id: '5787250f375bc3bcd49f5527ab227265') in 0.001908 seconds
Number of updated asset objects reloaded before import = 0
Number of asset objects unloaded after import = 7
========================================================================
Received Import Request.
  Time since last request: 0.828137 seconds.
  path: Assets/Prefabs/Pillars/Crystals/Crystal 2.prefab
  artifactKey: Guid(394d2202974854b4287086b8971934c1) Importer(815301076,1909f56bfc062723c751e8b465ee728b)
Start importing Assets/Prefabs/Pillars/Crystals/Crystal 2.prefab using Guid(394d2202974854b4287086b8971934c1) Importer(815301076,1909f56bfc062723c751e8b465ee728b)  -> (artifact id: '526d2f795277655c64a3411529dd22cd') in 0.001599 seconds
Number of updated asset objects reloaded before import = 0
Number of asset objects unloaded after import = 7
========================================================================
Received Import Request.
  Time since last request: 1.417819 seconds.
  path: Assets/Prefabs/Pillars/Crystals/Crystal 3.prefab
  artifactKey: Guid(6376843748cb5874f9fb44c67da1920a) Importer(815301076,1909f56bfc062723c751e8b465ee728b)
Start importing Assets/Prefabs/Pillars/Crystals/Crystal 3.prefab using Guid(6376843748cb5874f9fb44c67da1920a) Importer(815301076,1909f56bfc062723c751e8b465ee728b)  -> (artifact id: 'f8bff7260034bdbdb90273bf78edb687') in 0.001825 seconds
Number of updated asset objects reloaded before import = 0
Number of asset objects unloaded after import = 7
========================================================================
Received Import Request.
  Time since last request: 0.785766 seconds.
  path: Assets/Prefabs/Pillars/Crystals/Crystal 3.prefab
  artifactKey: Guid(6376843748cb5874f9fb44c67da1920a) Importer(815301076,1909f56bfc062723c751e8b465ee728b)
Start importing Assets/Prefabs/Pillars/Crystals/Crystal 3.prefab using Guid(6376843748cb5874f9fb44c67da1920a) Importer(815301076,1909f56bfc062723c751e8b465ee728b)  -> (artifact id: 'aae7b2803c79f01d3c923b4cb478db4b') in 0.003153 seconds
Number of updated asset objects reloaded before import = 0
Number of asset objects unloaded after import = 7
========================================================================
Received Import Request.
  Time since last request: 1.657501 seconds.
  path: Assets/Prefabs/Pillars/Crystals/Crystal 4.prefab
  artifactKey: Guid(2036a47d87f4f2945a348f01a1392abe) Importer(815301076,1909f56bfc062723c751e8b465ee728b)
Start importing Assets/Prefabs/Pillars/Crystals/Crystal 4.prefab using Guid(2036a47d87f4f2945a348f01a1392abe) Importer(815301076,1909f56bfc062723c751e8b465ee728b)  -> (artifact id: '3ecb7d8db876f3996337cbaec1c5dd93') in 0.001836 seconds
Number of updated asset objects reloaded before import = 0
Number of asset objects unloaded after import = 7
========================================================================
Received Import Request.
  Time since last request: 0.398308 seconds.
  path: Assets/Prefabs/Pillars/Crystals/Crystal 4.prefab
  artifactKey: Guid(2036a47d87f4f2945a348f01a1392abe) Importer(815301076,1909f56bfc062723c751e8b465ee728b)
Start importing Assets/Prefabs/Pillars/Crystals/Crystal 4.prefab using Guid(2036a47d87f4f2945a348f01a1392abe) Importer(815301076,1909f56bfc062723c751e8b465ee728b)  -> (artifact id: '37a48dc885cc88647200ebdb040f5efb') in 0.002882 seconds
Number of updated asset objects reloaded before import = 0
Number of asset objects unloaded after import = 7
========================================================================
Received Prepare
Begin MonoManager ReloadAssembly
Symbol file LoadedFromMemory doesn't match image E:\GitHub\TESIS\Tesis Enchanted Skylands\Library\PackageCache\com.unity.visualscripting@1.8.0\Editor\VisualScripting.Core\Dependencies\YamlDotNet\Unity.VisualScripting.YamlDotNet.dll
Symbol file LoadedFromMemory doesn't match image E:\GitHub\TESIS\Tesis Enchanted Skylands\Library\PackageCache\com.unity.visualscripting@1.8.0\Editor\VisualScripting.Core\Dependencies\DotNetZip\Unity.VisualScripting.IonicZip.dll
- Loaded All Assemblies, in  0.770 seconds
Refreshing native plugins compatible for Editor in 3.89 ms, found 3 plugins.
Native extension for WindowsStandalone target not found
[Package Manager] Server::EnsureServerProcessIsRunning -- launch failed, reason: Unity was launched with the -noUpm command-line argument
[Package Manager] UpmClient::Send -- Unable to send message (not connected to UPM process).
[Package Manager] Cannot connect to Unity Package Manager local server
[Package Manager] Server::EnsureServerProcessIsRunning -- launch failed, reason: Unity was launched with the -noUpm command-line argument
[Package Manager] UpmClient::Send -- Unable to send message (not connected to UPM process).
[Package Manager] Cannot connect to Unity Package Manager local server
Mono: successfully reloaded assembly
- Finished resetting the current domain, in  1.615 seconds
Domain Reload Profiling: 2382ms
	BeginReloadAssembly (154ms)
		ExecutionOrderSort (0ms)
		DisableScriptedObjects (5ms)
		BackupInstance (0ms)
		ReleaseScriptingObjects (0ms)
		CreateAndSetChildDomain (36ms)
	RebuildCommonClasses (35ms)
	RebuildNativeTypeToScriptingClass (13ms)
	initialDomainReloadingComplete (36ms)
	LoadAllAssembliesAndSetupDomain (528ms)
		LoadAssemblies (274ms)
		RebuildTransferFunctionScriptingTraits (0ms)
		AnalyzeDomain (324ms)
			TypeCache.Refresh (310ms)
				TypeCache.ScanAssembly (298ms)
			ScanForSourceGeneratedMonoScriptInfo (0ms)
			ResolveRequiredComponents (14ms)
	FinalizeReload (1616ms)
		ReleaseScriptCaches (0ms)
		RebuildScriptCaches (0ms)
		SetupLoadedEditorAssemblies (648ms)
			LogAssemblyErrors (0ms)
			InitializePlatformSupportModulesInManaged (10ms)
			SetLoadedEditorAssemblies (4ms)
			RefreshPlugins (0ms)
			BeforeProcessingInitializeOnLoad (94ms)
			ProcessInitializeOnLoadAttributes (448ms)
			ProcessInitializeOnLoadMethodAttributes (80ms)
			AfterProcessingInitializeOnLoad (13ms)
			EditorAssembliesLoaded (0ms)
		ExecutionOrderSort2 (0ms)
		AwakeInstancesAfterBackupRestoration (21ms)
Refreshing native plugins compatible for Editor in 2.99 ms, found 3 plugins.
Preloading 0 native plugins for Editor in 0.00 ms.
Unloading 6458 Unused Serialized files (Serialized files now loaded: 0)
Unloading 45 unused Assets / (1.1 MB). Loaded Objects now: 7523.
Memory consumption went from 335.5 MB to 334.4 MB.
Total: 4.338600 ms (FindLiveObjects: 0.844200 ms CreateObjectMapping: 0.310800 ms MarkObjects: 2.985000 ms  DeleteObjects: 0.197500 ms)

Prepare: number of updated asset objects reloaded= 0
AssetImportParameters requested are different than current active one (requested -> active):
  custom:container-demuxer-ogg: 62fdf1f143b41e24485cea50d1cbac27 -> 
  custom:framework-win-MediaFoundation: 216162199b28c13a410421893ffa2e32 -> 
  custom:container-muxer-webm: aa71ff27fc2769a1b78a27578f13a17b -> 
  custom:video-decoder-webm-vp8: 9c59270c3fd7afecdb556c50c9e8de78 -> 
  custom:SearchIndexIgnoredProperties: e643bd26f0fe6173181afceb89e7c659 -> 
  custom:AudioImporter_EditorPlatform: d09bf68614088b80899f8185d706f6e7 -> 
  custom:audio-decoder-ogg-vorbis: bf7c407c2cedff20999df2af8eb42d56 -> 
  custom:audio-encoder-webm-vorbis: bf7c407c2cedff20999df2af8eb42d56 -> 
  custom:video-decoder-ogg-theora: a1e56fd34408186e4bbccfd4996cb3dc -> 
  custom:CustomObjectIndexerAttribute: a3ef5dd2817f97addfee359851a9dba5 -> 
  custom:container-demuxer-webm: 4f35f7cbe854078d1ac9338744f61a02 -> 
  custom:video-encoder-webm-vp8: eb34c28f22e8b96e1ab97ce403110664 -> 
========================================================================
Received Import Request.
  Time since last request: 34.079261 seconds.
  path: Assets/Prefabs/Pillars/Crystals/Crystal 1.prefab
  artifactKey: Guid(8f500d24acb560c499ea84864ae30b33) Importer(815301076,1909f56bfc062723c751e8b465ee728b)
Start importing Assets/Prefabs/Pillars/Crystals/Crystal 1.prefab using Guid(8f500d24acb560c499ea84864ae30b33) Importer(815301076,1909f56bfc062723c751e8b465ee728b)  -> (artifact id: 'f273eb45a8a4e3edf51b88328fe1fea0') in 0.028140 seconds
Number of updated asset objects reloaded before import = 0
Number of asset objects unloaded after import = 7
========================================================================
Received Import Request.
  Time since last request: 0.121547 seconds.
  path: Assets/Prefabs/Pillars/Crystals/Crystal 1.prefab
  artifactKey: Guid(8f500d24acb560c499ea84864ae30b33) Importer(815301076,1909f56bfc062723c751e8b465ee728b)
Start importing Assets/Prefabs/Pillars/Crystals/Crystal 1.prefab using Guid(8f500d24acb560c499ea84864ae30b33) Importer(815301076,1909f56bfc062723c751e8b465ee728b)  -> (artifact id: 'eecd5a40447caaa20e24548d8309b541') in 0.002617 seconds
Number of updated asset objects reloaded before import = 0
Number of asset objects unloaded after import = 7
========================================================================
Received Import Request.
  Time since last request: 1.060657 seconds.
  path: Assets/Prefabs/Pillars/Crystals/Crystal 1.prefab
  artifactKey: Guid(8f500d24acb560c499ea84864ae30b33) Importer(815301076,1909f56bfc062723c751e8b465ee728b)
Start importing Assets/Prefabs/Pillars/Crystals/Crystal 1.prefab using Guid(8f500d24acb560c499ea84864ae30b33) Importer(815301076,1909f56bfc062723c751e8b465ee728b)  -> (artifact id: '90c682dc497b9282380d2b94cc43bdc5') in 0.001623 seconds
Number of updated asset objects reloaded before import = 0
Number of asset objects unloaded after import = 7
========================================================================
Received Import Request.
  Time since last request: 1.603561 seconds.
  path: Assets/Prefabs/Pillars/Crystals/Crystal 2.prefab
  artifactKey: Guid(394d2202974854b4287086b8971934c1) Importer(815301076,1909f56bfc062723c751e8b465ee728b)
Start importing Assets/Prefabs/Pillars/Crystals/Crystal 2.prefab using Guid(394d2202974854b4287086b8971934c1) Importer(815301076,1909f56bfc062723c751e8b465ee728b)  -> (artifact id: 'c1818748fa4cd9ba4ce6fead4afc8185') in 0.001658 seconds
Number of updated asset objects reloaded before import = 0
Number of asset objects unloaded after import = 7
========================================================================
Received Import Request.
  Time since last request: 0.413966 seconds.
  path: Assets/Prefabs/Pillars/Crystals/Crystal 2.prefab
  artifactKey: Guid(394d2202974854b4287086b8971934c1) Importer(815301076,1909f56bfc062723c751e8b465ee728b)
Start importing Assets/Prefabs/Pillars/Crystals/Crystal 2.prefab using Guid(394d2202974854b4287086b8971934c1) Importer(815301076,1909f56bfc062723c751e8b465ee728b)  -> (artifact id: 'f18979444bf457c44a0841deebc40b8b') in 0.001725 seconds
Number of updated asset objects reloaded before import = 0
Number of asset objects unloaded after import = 7
========================================================================
Received Import Request.
  Time since last request: 0.187268 seconds.
  path: Assets/Prefabs/Pillars/Crystals/Crystal 2.prefab
  artifactKey: Guid(394d2202974854b4287086b8971934c1) Importer(815301076,1909f56bfc062723c751e8b465ee728b)
Start importing Assets/Prefabs/Pillars/Crystals/Crystal 2.prefab using Guid(394d2202974854b4287086b8971934c1) Importer(815301076,1909f56bfc062723c751e8b465ee728b)  -> (artifact id: 'f2028a7d527e747b3f740c34e228e7f4') in 0.001683 seconds
Number of updated asset objects reloaded before import = 0
Number of asset objects unloaded after import = 7
========================================================================
Received Import Request.
  Time since last request: 1.261707 seconds.
  path: Assets/Prefabs/Pillars/Crystals/Crystal 3.prefab
  artifactKey: Guid(6376843748cb5874f9fb44c67da1920a) Importer(815301076,1909f56bfc062723c751e8b465ee728b)
Start importing Assets/Prefabs/Pillars/Crystals/Crystal 3.prefab using Guid(6376843748cb5874f9fb44c67da1920a) Importer(815301076,1909f56bfc062723c751e8b465ee728b)  -> (artifact id: '9fec135047468979324181b8cbce59e8') in 0.001827 seconds
Number of updated asset objects reloaded before import = 0
Number of asset objects unloaded after import = 7
========================================================================
Received Import Request.
  Time since last request: 0.185268 seconds.
  path: Assets/Prefabs/Pillars/Crystals/Crystal 3.prefab
  artifactKey: Guid(6376843748cb5874f9fb44c67da1920a) Importer(815301076,1909f56bfc062723c751e8b465ee728b)
Start importing Assets/Prefabs/Pillars/Crystals/Crystal 3.prefab using Guid(6376843748cb5874f9fb44c67da1920a) Importer(815301076,1909f56bfc062723c751e8b465ee728b)  -> (artifact id: '6565bf63e39185ecab3ba84a9ce1c936') in 0.002988 seconds
Number of updated asset objects reloaded before import = 0
Number of asset objects unloaded after import = 7
========================================================================
Received Import Request.
  Time since last request: 0.405329 seconds.
  path: Assets/Prefabs/Pillars/Crystals/Crystal 3.prefab
  artifactKey: Guid(6376843748cb5874f9fb44c67da1920a) Importer(815301076,1909f56bfc062723c751e8b465ee728b)
Start importing Assets/Prefabs/Pillars/Crystals/Crystal 3.prefab using Guid(6376843748cb5874f9fb44c67da1920a) Importer(815301076,1909f56bfc062723c751e8b465ee728b)  -> (artifact id: '85d4109b6af66c0cdc2b01de365c0e06') in 0.001815 seconds
Number of updated asset objects reloaded before import = 0
Number of asset objects unloaded after import = 7
========================================================================
Received Import Request.
  Time since last request: 1.732510 seconds.
  path: Assets/Prefabs/Pillars/Crystals/Crystal 4.prefab
  artifactKey: Guid(2036a47d87f4f2945a348f01a1392abe) Importer(815301076,1909f56bfc062723c751e8b465ee728b)
Start importing Assets/Prefabs/Pillars/Crystals/Crystal 4.prefab using Guid(2036a47d87f4f2945a348f01a1392abe) Importer(815301076,1909f56bfc062723c751e8b465ee728b)  -> (artifact id: 'e1ada2064ffbf60f5dfbce8f0f1864a1') in 0.002940 seconds
Number of updated asset objects reloaded before import = 0
Number of asset objects unloaded after import = 7
========================================================================
Received Import Request.
  Time since last request: 0.423486 seconds.
  path: Assets/Prefabs/Pillars/Crystals/Crystal 4.prefab
  artifactKey: Guid(2036a47d87f4f2945a348f01a1392abe) Importer(815301076,1909f56bfc062723c751e8b465ee728b)
Start importing Assets/Prefabs/Pillars/Crystals/Crystal 4.prefab using Guid(2036a47d87f4f2945a348f01a1392abe) Importer(815301076,1909f56bfc062723c751e8b465ee728b)  -> (artifact id: '98b0343383baf77e61a1a5d54b2b5694') in 0.001901 seconds
Number of updated asset objects reloaded before import = 0
Number of asset objects unloaded after import = 7
========================================================================
Received Import Request.
  Time since last request: 0.186333 seconds.
  path: Assets/Prefabs/Pillars/Crystals/Crystal 4.prefab
  artifactKey: Guid(2036a47d87f4f2945a348f01a1392abe) Importer(815301076,1909f56bfc062723c751e8b465ee728b)
Start importing Assets/Prefabs/Pillars/Crystals/Crystal 4.prefab using Guid(2036a47d87f4f2945a348f01a1392abe) Importer(815301076,1909f56bfc062723c751e8b465ee728b)  -> (artifact id: 'd2c60537ed5ee53fac9cb0c4fbb8a0a8') in 0.002754 seconds
Number of updated asset objects reloaded before import = 0
Number of asset objects unloaded after import = 7
========================================================================
Received Prepare
Begin MonoManager ReloadAssembly
Symbol file LoadedFromMemory doesn't match image E:\GitHub\TESIS\Tesis Enchanted Skylands\Library\PackageCache\com.unity.visualscripting@1.8.0\Editor\VisualScripting.Core\Dependencies\YamlDotNet\Unity.VisualScripting.YamlDotNet.dll
Symbol file LoadedFromMemory doesn't match image E:\GitHub\TESIS\Tesis Enchanted Skylands\Library\PackageCache\com.unity.visualscripting@1.8.0\Editor\VisualScripting.Core\Dependencies\DotNetZip\Unity.VisualScripting.IonicZip.dll
- Loaded All Assemblies, in  0.769 seconds
Refreshing native plugins compatible for Editor in 3.18 ms, found 3 plugins.
Native extension for WindowsStandalone target not found
[Package Manager] Server::EnsureServerProcessIsRunning -- launch failed, reason: Unity was launched with the -noUpm command-line argument
[Package Manager] UpmClient::Send -- Unable to send message (not connected to UPM process).
[Package Manager] Cannot connect to Unity Package Manager local server
[Package Manager] Server::EnsureServerProcessIsRunning -- launch failed, reason: Unity was launched with the -noUpm command-line argument
[Package Manager] UpmClient::Send -- Unable to send message (not connected to UPM process).
[Package Manager] Cannot connect to Unity Package Manager local server
Mono: successfully reloaded assembly
- Finished resetting the current domain, in  1.651 seconds
Domain Reload Profiling: 2417ms
	BeginReloadAssembly (153ms)
		ExecutionOrderSort (0ms)
		DisableScriptedObjects (5ms)
		BackupInstance (0ms)
		ReleaseScriptingObjects (0ms)
		CreateAndSetChildDomain (36ms)
	RebuildCommonClasses (35ms)
	RebuildNativeTypeToScriptingClass (13ms)
	initialDomainReloadingComplete (36ms)
	LoadAllAssembliesAndSetupDomain (527ms)
		LoadAssemblies (278ms)
		RebuildTransferFunctionScriptingTraits (0ms)
		AnalyzeDomain (319ms)
			TypeCache.Refresh (305ms)
				TypeCache.ScanAssembly (294ms)
			ScanForSourceGeneratedMonoScriptInfo (0ms)
			ResolveRequiredComponents (14ms)
	FinalizeReload (1652ms)
		ReleaseScriptCaches (0ms)
		RebuildScriptCaches (0ms)
		SetupLoadedEditorAssemblies (712ms)
			LogAssemblyErrors (0ms)
			InitializePlatformSupportModulesInManaged (11ms)
			SetLoadedEditorAssemblies (4ms)
			RefreshPlugins (0ms)
			BeforeProcessingInitializeOnLoad (102ms)
			ProcessInitializeOnLoadAttributes (491ms)
			ProcessInitializeOnLoadMethodAttributes (91ms)
			AfterProcessingInitializeOnLoad (14ms)
			EditorAssembliesLoaded (0ms)
		ExecutionOrderSort2 (0ms)
		AwakeInstancesAfterBackupRestoration (26ms)
Refreshing native plugins compatible for Editor in 4.24 ms, found 3 plugins.
Preloading 0 native plugins for Editor in 0.00 ms.
Unloading 6458 Unused Serialized files (Serialized files now loaded: 0)
Unloading 45 unused Assets / (1.1 MB). Loaded Objects now: 7539.
Memory consumption went from 335.5 MB to 334.4 MB.
Total: 5.251400 ms (FindLiveObjects: 0.955700 ms CreateObjectMapping: 0.370700 ms MarkObjects: 3.674700 ms  DeleteObjects: 0.249200 ms)

Prepare: number of updated asset objects reloaded= 0
AssetImportParameters requested are different than current active one (requested -> active):
  custom:container-demuxer-ogg: 62fdf1f143b41e24485cea50d1cbac27 -> 
  custom:framework-win-MediaFoundation: 216162199b28c13a410421893ffa2e32 -> 
  custom:container-muxer-webm: aa71ff27fc2769a1b78a27578f13a17b -> 
  custom:video-decoder-webm-vp8: 9c59270c3fd7afecdb556c50c9e8de78 -> 
  custom:SearchIndexIgnoredProperties: e643bd26f0fe6173181afceb89e7c659 -> 
  custom:AudioImporter_EditorPlatform: d09bf68614088b80899f8185d706f6e7 -> 
  custom:audio-decoder-ogg-vorbis: bf7c407c2cedff20999df2af8eb42d56 -> 
  custom:audio-encoder-webm-vorbis: bf7c407c2cedff20999df2af8eb42d56 -> 
  custom:video-decoder-ogg-theora: a1e56fd34408186e4bbccfd4996cb3dc -> 
  custom:CustomObjectIndexerAttribute: a3ef5dd2817f97addfee359851a9dba5 -> 
  custom:container-demuxer-webm: 4f35f7cbe854078d1ac9338744f61a02 -> 
  custom:video-encoder-webm-vp8: eb34c28f22e8b96e1ab97ce403110664 -> 
========================================================================
Received Import Request.
  Time since last request: 124.059548 seconds.
  path: Assets/Prefabs/Pillars/Ice/IceCristals/PillarIceCrystals 1.prefab
  artifactKey: Guid(bc83040d66c97c84ca9da6a7273e5298) Importer(815301076,1909f56bfc062723c751e8b465ee728b)
Start importing Assets/Prefabs/Pillars/Ice/IceCristals/PillarIceCrystals 1.prefab using Guid(bc83040d66c97c84ca9da6a7273e5298) Importer(815301076,1909f56bfc062723c751e8b465ee728b)  -> (artifact id: 'c716975cb982fd69aeda7ae8f43e8687') in 0.039266 seconds
Number of updated asset objects reloaded before import = 0
Number of asset objects unloaded after import = 84
========================================================================
Received Import Request.
  Time since last request: 2.371882 seconds.
  path: Assets/Prefabs/Pillars/Crystals/Crystal 1.prefab
  artifactKey: Guid(8f500d24acb560c499ea84864ae30b33) Importer(815301076,1909f56bfc062723c751e8b465ee728b)
Start importing Assets/Prefabs/Pillars/Crystals/Crystal 1.prefab using Guid(8f500d24acb560c499ea84864ae30b33) Importer(815301076,1909f56bfc062723c751e8b465ee728b)  -> (artifact id: 'a69ace2aa9c0856b55bb6bf76a1bc136') in 0.002364 seconds
Number of updated asset objects reloaded before import = 0
Number of asset objects unloaded after import = 8
========================================================================
Received Import Request.
  Time since last request: 4.848869 seconds.
  path: Assets/Prefabs/Pillars/Crystals/Crystal 2.prefab
  artifactKey: Guid(394d2202974854b4287086b8971934c1) Importer(815301076,1909f56bfc062723c751e8b465ee728b)
Start importing Assets/Prefabs/Pillars/Crystals/Crystal 2.prefab using Guid(394d2202974854b4287086b8971934c1) Importer(815301076,1909f56bfc062723c751e8b465ee728b)  -> (artifact id: 'e07dc73ce51733170d5c7c04e7448c9e') in 0.002039 seconds
Number of updated asset objects reloaded before import = 0
Number of asset objects unloaded after import = 8
========================================================================
Received Import Request.
  Time since last request: 3.053011 seconds.
  path: Assets/Prefabs/Pillars/Crystals/Crystal 3.prefab
  artifactKey: Guid(6376843748cb5874f9fb44c67da1920a) Importer(815301076,1909f56bfc062723c751e8b465ee728b)
Start importing Assets/Prefabs/Pillars/Crystals/Crystal 3.prefab using Guid(6376843748cb5874f9fb44c67da1920a) Importer(815301076,1909f56bfc062723c751e8b465ee728b)  -> (artifact id: '23b683403e633394768dd36ca897aa0e') in 0.002302 seconds
Number of updated asset objects reloaded before import = 0
Number of asset objects unloaded after import = 8
========================================================================
Received Import Request.
  Time since last request: 2.174961 seconds.
  path: Assets/Prefabs/Pillars/Crystals/Crystal 4.prefab
  artifactKey: Guid(2036a47d87f4f2945a348f01a1392abe) Importer(815301076,1909f56bfc062723c751e8b465ee728b)
Start importing Assets/Prefabs/Pillars/Crystals/Crystal 4.prefab using Guid(2036a47d87f4f2945a348f01a1392abe) Importer(815301076,1909f56bfc062723c751e8b465ee728b)  -> (artifact id: 'a098c265093180d431b88367ac70af7e') in 0.001985 seconds
Number of updated asset objects reloaded before import = 0
Number of asset objects unloaded after import = 8
========================================================================
Received Prepare
Begin MonoManager ReloadAssembly
Symbol file LoadedFromMemory doesn't match image E:\GitHub\TESIS\Tesis Enchanted Skylands\Library\PackageCache\com.unity.visualscripting@1.8.0\Editor\VisualScripting.Core\Dependencies\YamlDotNet\Unity.VisualScripting.YamlDotNet.dll
Symbol file LoadedFromMemory doesn't match image E:\GitHub\TESIS\Tesis Enchanted Skylands\Library\PackageCache\com.unity.visualscripting@1.8.0\Editor\VisualScripting.Core\Dependencies\DotNetZip\Unity.VisualScripting.IonicZip.dll
- Loaded All Assemblies, in  0.855 seconds
Refreshing native plugins compatible for Editor in 4.90 ms, found 3 plugins.
Native extension for WindowsStandalone target not found
[Package Manager] Server::EnsureServerProcessIsRunning -- launch failed, reason: Unity was launched with the -noUpm command-line argument
[Package Manager] UpmClient::Send -- Unable to send message (not connected to UPM process).
[Package Manager] Cannot connect to Unity Package Manager local server
[Package Manager] Server::EnsureServerProcessIsRunning -- launch failed, reason: Unity was launched with the -noUpm command-line argument
[Package Manager] UpmClient::Send -- Unable to send message (not connected to UPM process).
[Package Manager] Cannot connect to Unity Package Manager local server
Mono: successfully reloaded assembly
- Finished resetting the current domain, in  1.646 seconds
Domain Reload Profiling: 2498ms
	BeginReloadAssembly (162ms)
		ExecutionOrderSort (0ms)
		DisableScriptedObjects (5ms)
		BackupInstance (0ms)
		ReleaseScriptingObjects (0ms)
		CreateAndSetChildDomain (38ms)
	RebuildCommonClasses (36ms)
	RebuildNativeTypeToScriptingClass (15ms)
	initialDomainReloadingComplete (36ms)
	LoadAllAssembliesAndSetupDomain (602ms)
		LoadAssemblies (295ms)
		RebuildTransferFunctionScriptingTraits (0ms)
		AnalyzeDomain (382ms)
			TypeCache.Refresh (358ms)
				TypeCache.ScanAssembly (342ms)
			ScanForSourceGeneratedMonoScriptInfo (10ms)
			ResolveRequiredComponents (15ms)
	FinalizeReload (1646ms)
		ReleaseScriptCaches (0ms)
		RebuildScriptCaches (0ms)
		SetupLoadedEditorAssemblies (649ms)
			LogAssemblyErrors (0ms)
			InitializePlatformSupportModulesInManaged (8ms)
			SetLoadedEditorAssemblies (3ms)
			RefreshPlugins (0ms)
			BeforeProcessingInitializeOnLoad (94ms)
			ProcessInitializeOnLoadAttributes (447ms)
			ProcessInitializeOnLoadMethodAttributes (83ms)
			AfterProcessingInitializeOnLoad (13ms)
			EditorAssembliesLoaded (0ms)
		ExecutionOrderSort2 (0ms)
		AwakeInstancesAfterBackupRestoration (22ms)
Refreshing native plugins compatible for Editor in 3.14 ms, found 3 plugins.
Preloading 0 native plugins for Editor in 0.00 ms.
Unloading 6458 Unused Serialized files (Serialized files now loaded: 0)
Unloading 45 unused Assets / (1.1 MB). Loaded Objects now: 7555.
Memory consumption went from 335.5 MB to 334.4 MB.
Total: 4.413900 ms (FindLiveObjects: 0.852700 ms CreateObjectMapping: 0.329800 ms MarkObjects: 3.017600 ms  DeleteObjects: 0.212400 ms)

Prepare: number of updated asset objects reloaded= 0
AssetImportParameters requested are different than current active one (requested -> active):
  custom:container-demuxer-ogg: 62fdf1f143b41e24485cea50d1cbac27 -> 
  custom:framework-win-MediaFoundation: 216162199b28c13a410421893ffa2e32 -> 
  custom:container-muxer-webm: aa71ff27fc2769a1b78a27578f13a17b -> 
  custom:video-decoder-webm-vp8: 9c59270c3fd7afecdb556c50c9e8de78 -> 
  custom:SearchIndexIgnoredProperties: e643bd26f0fe6173181afceb89e7c659 -> 
  custom:AudioImporter_EditorPlatform: d09bf68614088b80899f8185d706f6e7 -> 
  custom:audio-decoder-ogg-vorbis: bf7c407c2cedff20999df2af8eb42d56 -> 
  custom:audio-encoder-webm-vorbis: bf7c407c2cedff20999df2af8eb42d56 -> 
  custom:video-decoder-ogg-theora: a1e56fd34408186e4bbccfd4996cb3dc -> 
  custom:CustomObjectIndexerAttribute: a3ef5dd2817f97addfee359851a9dba5 -> 
  custom:container-demuxer-webm: 4f35f7cbe854078d1ac9338744f61a02 -> 
  custom:video-encoder-webm-vp8: eb34c28f22e8b96e1ab97ce403110664 -> 
========================================================================
Received Prepare
Begin MonoManager ReloadAssembly
Symbol file LoadedFromMemory doesn't match image E:\GitHub\TESIS\Tesis Enchanted Skylands\Library\PackageCache\com.unity.visualscripting@1.8.0\Editor\VisualScripting.Core\Dependencies\YamlDotNet\Unity.VisualScripting.YamlDotNet.dll
Symbol file LoadedFromMemory doesn't match image E:\GitHub\TESIS\Tesis Enchanted Skylands\Library\PackageCache\com.unity.visualscripting@1.8.0\Editor\VisualScripting.Core\Dependencies\DotNetZip\Unity.VisualScripting.IonicZip.dll
- Loaded All Assemblies, in  0.878 seconds
Refreshing native plugins compatible for Editor in 3.03 ms, found 3 plugins.
Native extension for WindowsStandalone target not found
[Package Manager] Server::EnsureServerProcessIsRunning -- launch failed, reason: Unity was launched with the -noUpm command-line argument
[Package Manager] UpmClient::Send -- Unable to send message (not connected to UPM process).
[Package Manager] Cannot connect to Unity Package Manager local server
[Package Manager] Server::EnsureServerProcessIsRunning -- launch failed, reason: Unity was launched with the -noUpm command-line argument
[Package Manager] UpmClient::Send -- Unable to send message (not connected to UPM process).
[Package Manager] Cannot connect to Unity Package Manager local server
Mono: successfully reloaded assembly
- Finished resetting the current domain, in  1.555 seconds
Domain Reload Profiling: 2429ms
	BeginReloadAssembly (154ms)
		ExecutionOrderSort (0ms)
		DisableScriptedObjects (5ms)
		BackupInstance (0ms)
		ReleaseScriptingObjects (0ms)
		CreateAndSetChildDomain (37ms)
	RebuildCommonClasses (37ms)
	RebuildNativeTypeToScriptingClass (13ms)
	initialDomainReloadingComplete (37ms)
	LoadAllAssembliesAndSetupDomain (634ms)
		LoadAssemblies (296ms)
		RebuildTransferFunctionScriptingTraits (0ms)
		AnalyzeDomain (405ms)
			TypeCache.Refresh (379ms)
				TypeCache.ScanAssembly (366ms)
			ScanForSourceGeneratedMonoScriptInfo (10ms)
			ResolveRequiredComponents (16ms)
	FinalizeReload (1555ms)
		ReleaseScriptCaches (0ms)
		RebuildScriptCaches (0ms)
		SetupLoadedEditorAssemblies (620ms)
			LogAssemblyErrors (0ms)
			InitializePlatformSupportModulesInManaged (7ms)
			SetLoadedEditorAssemblies (3ms)
			RefreshPlugins (0ms)
			BeforeProcessingInitializeOnLoad (89ms)
			ProcessInitializeOnLoadAttributes (426ms)
			ProcessInitializeOnLoadMethodAttributes (80ms)
			AfterProcessingInitializeOnLoad (14ms)
			EditorAssembliesLoaded (0ms)
		ExecutionOrderSort2 (0ms)
		AwakeInstancesAfterBackupRestoration (21ms)
Refreshing native plugins compatible for Editor in 3.18 ms, found 3 plugins.
Preloading 0 native plugins for Editor in 0.00 ms.
Unloading 6458 Unused Serialized files (Serialized files now loaded: 0)
Unloading 45 unused Assets / (1.1 MB). Loaded Objects now: 7571.
Memory consumption went from 335.5 MB to 334.4 MB.
Total: 5.684700 ms (FindLiveObjects: 0.792300 ms CreateObjectMapping: 0.310300 ms MarkObjects: 4.209100 ms  DeleteObjects: 0.371500 ms)

Prepare: number of updated asset objects reloaded= 0
AssetImportParameters requested are different than current active one (requested -> active):
  custom:container-demuxer-ogg: 62fdf1f143b41e24485cea50d1cbac27 -> 
  custom:framework-win-MediaFoundation: 216162199b28c13a410421893ffa2e32 -> 
  custom:container-muxer-webm: aa71ff27fc2769a1b78a27578f13a17b -> 
  custom:video-decoder-webm-vp8: 9c59270c3fd7afecdb556c50c9e8de78 -> 
  custom:SearchIndexIgnoredProperties: e643bd26f0fe6173181afceb89e7c659 -> 
  custom:AudioImporter_EditorPlatform: d09bf68614088b80899f8185d706f6e7 -> 
  custom:audio-decoder-ogg-vorbis: bf7c407c2cedff20999df2af8eb42d56 -> 
  custom:audio-encoder-webm-vorbis: bf7c407c2cedff20999df2af8eb42d56 -> 
  custom:video-decoder-ogg-theora: a1e56fd34408186e4bbccfd4996cb3dc -> 
  custom:CustomObjectIndexerAttribute: a3ef5dd2817f97addfee359851a9dba5 -> 
  custom:container-demuxer-webm: 4f35f7cbe854078d1ac9338744f61a02 -> 
  custom:video-encoder-webm-vp8: eb34c28f22e8b96e1ab97ce403110664 -> 
========================================================================
Received Prepare
Begin MonoManager ReloadAssembly
Symbol file LoadedFromMemory doesn't match image E:\GitHub\TESIS\Tesis Enchanted Skylands\Library\PackageCache\com.unity.visualscripting@1.8.0\Editor\VisualScripting.Core\Dependencies\YamlDotNet\Unity.VisualScripting.YamlDotNet.dll
Symbol file LoadedFromMemory doesn't match image E:\GitHub\TESIS\Tesis Enchanted Skylands\Library\PackageCache\com.unity.visualscripting@1.8.0\Editor\VisualScripting.Core\Dependencies\DotNetZip\Unity.VisualScripting.IonicZip.dll
- Loaded All Assemblies, in  0.772 seconds
Refreshing native plugins compatible for Editor in 3.03 ms, found 3 plugins.
Native extension for WindowsStandalone target not found
[Package Manager] Server::EnsureServerProcessIsRunning -- launch failed, reason: Unity was launched with the -noUpm command-line argument
[Package Manager] UpmClient::Send -- Unable to send message (not connected to UPM process).
[Package Manager] Cannot connect to Unity Package Manager local server
[Package Manager] Server::EnsureServerProcessIsRunning -- launch failed, reason: Unity was launched with the -noUpm command-line argument
[Package Manager] UpmClient::Send -- Unable to send message (not connected to UPM process).
[Package Manager] Cannot connect to Unity Package Manager local server
Mono: successfully reloaded assembly
- Finished resetting the current domain, in  1.603 seconds
Domain Reload Profiling: 2372ms
	BeginReloadAssembly (158ms)
		ExecutionOrderSort (0ms)
		DisableScriptedObjects (5ms)
		BackupInstance (0ms)
		ReleaseScriptingObjects (0ms)
		CreateAndSetChildDomain (42ms)
	RebuildCommonClasses (35ms)
	RebuildNativeTypeToScriptingClass (13ms)
	initialDomainReloadingComplete (37ms)
	LoadAllAssembliesAndSetupDomain (525ms)
		LoadAssemblies (272ms)
		RebuildTransferFunctionScriptingTraits (0ms)
		AnalyzeDomain (322ms)
			TypeCache.Refresh (308ms)
				TypeCache.ScanAssembly (296ms)
			ScanForSourceGeneratedMonoScriptInfo (0ms)
			ResolveRequiredComponents (14ms)
	FinalizeReload (1604ms)
		ReleaseScriptCaches (0ms)
		RebuildScriptCaches (0ms)
		SetupLoadedEditorAssemblies (708ms)
			LogAssemblyErrors (0ms)
			InitializePlatformSupportModulesInManaged (10ms)
			SetLoadedEditorAssemblies (5ms)
			RefreshPlugins (0ms)
			BeforeProcessingInitializeOnLoad (104ms)
			ProcessInitializeOnLoadAttributes (484ms)
			ProcessInitializeOnLoadMethodAttributes (90ms)
			AfterProcessingInitializeOnLoad (15ms)
			EditorAssembliesLoaded (0ms)
		ExecutionOrderSort2 (0ms)
		AwakeInstancesAfterBackupRestoration (24ms)
Refreshing native plugins compatible for Editor in 7.09 ms, found 3 plugins.
Preloading 0 native plugins for Editor in 0.00 ms.
Unloading 6458 Unused Serialized files (Serialized files now loaded: 0)
Unloading 45 unused Assets / (1.1 MB). Loaded Objects now: 7587.
Memory consumption went from 335.5 MB to 334.4 MB.
Total: 7.181900 ms (FindLiveObjects: 1.260800 ms CreateObjectMapping: 0.776800 ms MarkObjects: 4.912700 ms  DeleteObjects: 0.230300 ms)

Prepare: number of updated asset objects reloaded= 0
AssetImportParameters requested are different than current active one (requested -> active):
  custom:container-demuxer-ogg: 62fdf1f143b41e24485cea50d1cbac27 -> 
  custom:framework-win-MediaFoundation: 216162199b28c13a410421893ffa2e32 -> 
  custom:container-muxer-webm: aa71ff27fc2769a1b78a27578f13a17b -> 
  custom:video-decoder-webm-vp8: 9c59270c3fd7afecdb556c50c9e8de78 -> 
  custom:SearchIndexIgnoredProperties: e643bd26f0fe6173181afceb89e7c659 -> 
  custom:AudioImporter_EditorPlatform: d09bf68614088b80899f8185d706f6e7 -> 
  custom:audio-decoder-ogg-vorbis: bf7c407c2cedff20999df2af8eb42d56 -> 
  custom:audio-encoder-webm-vorbis: bf7c407c2cedff20999df2af8eb42d56 -> 
  custom:video-decoder-ogg-theora: a1e56fd34408186e4bbccfd4996cb3dc -> 
  custom:CustomObjectIndexerAttribute: a3ef5dd2817f97addfee359851a9dba5 -> 
  custom:container-demuxer-webm: 4f35f7cbe854078d1ac9338744f61a02 -> 
  custom:video-encoder-webm-vp8: eb34c28f22e8b96e1ab97ce403110664 -> 
========================================================================
Received Prepare
Begin MonoManager ReloadAssembly
Symbol file LoadedFromMemory doesn't match image E:\GitHub\TESIS\Tesis Enchanted Skylands\Library\PackageCache\com.unity.visualscripting@1.8.0\Editor\VisualScripting.Core\Dependencies\YamlDotNet\Unity.VisualScripting.YamlDotNet.dll
Symbol file LoadedFromMemory doesn't match image E:\GitHub\TESIS\Tesis Enchanted Skylands\Library\PackageCache\com.unity.visualscripting@1.8.0\Editor\VisualScripting.Core\Dependencies\DotNetZip\Unity.VisualScripting.IonicZip.dll
- Loaded All Assemblies, in  0.778 seconds
Refreshing native plugins compatible for Editor in 3.07 ms, found 3 plugins.
Native extension for WindowsStandalone target not found
[Package Manager] Server::EnsureServerProcessIsRunning -- launch failed, reason: Unity was launched with the -noUpm command-line argument
[Package Manager] UpmClient::Send -- Unable to send message (not connected to UPM process).
[Package Manager] Cannot connect to Unity Package Manager local server
[Package Manager] Server::EnsureServerProcessIsRunning -- launch failed, reason: Unity was launched with the -noUpm command-line argument
[Package Manager] UpmClient::Send -- Unable to send message (not connected to UPM process).
[Package Manager] Cannot connect to Unity Package Manager local server
Mono: successfully reloaded assembly
- Finished resetting the current domain, in  1.665 seconds
Domain Reload Profiling: 2440ms
	BeginReloadAssembly (159ms)
		ExecutionOrderSort (0ms)
		DisableScriptedObjects (5ms)
		BackupInstance (0ms)
		ReleaseScriptingObjects (0ms)
		CreateAndSetChildDomain (40ms)
	RebuildCommonClasses (36ms)
	RebuildNativeTypeToScriptingClass (13ms)
	initialDomainReloadingComplete (37ms)
	LoadAllAssembliesAndSetupDomain (530ms)
		LoadAssemblies (282ms)
		RebuildTransferFunctionScriptingTraits (0ms)
		AnalyzeDomain (318ms)
			TypeCache.Refresh (304ms)
				TypeCache.ScanAssembly (292ms)
			ScanForSourceGeneratedMonoScriptInfo (0ms)
			ResolveRequiredComponents (14ms)
	FinalizeReload (1666ms)
		ReleaseScriptCaches (0ms)
		RebuildScriptCaches (0ms)
		SetupLoadedEditorAssemblies (718ms)
			LogAssemblyErrors (0ms)
			InitializePlatformSupportModulesInManaged (10ms)
			SetLoadedEditorAssemblies (3ms)
			RefreshPlugins (0ms)
			BeforeProcessingInitializeOnLoad (100ms)
			ProcessInitializeOnLoadAttributes (499ms)
			ProcessInitializeOnLoadMethodAttributes (89ms)
			AfterProcessingInitializeOnLoad (16ms)
			EditorAssembliesLoaded (0ms)
		ExecutionOrderSort2 (0ms)
		AwakeInstancesAfterBackupRestoration (25ms)
Refreshing native plugins compatible for Editor in 3.91 ms, found 3 plugins.
Preloading 0 native plugins for Editor in 0.00 ms.
Unloading 6458 Unused Serialized files (Serialized files now loaded: 0)
Unloading 45 unused Assets / (1.1 MB). Loaded Objects now: 7603.
Memory consumption went from 335.6 MB to 334.4 MB.
Total: 5.361400 ms (FindLiveObjects: 1.028600 ms CreateObjectMapping: 0.424300 ms MarkObjects: 3.638000 ms  DeleteObjects: 0.269400 ms)

Prepare: number of updated asset objects reloaded= 0
AssetImportParameters requested are different than current active one (requested -> active):
  custom:container-demuxer-ogg: 62fdf1f143b41e24485cea50d1cbac27 -> 
  custom:framework-win-MediaFoundation: 216162199b28c13a410421893ffa2e32 -> 
  custom:container-muxer-webm: aa71ff27fc2769a1b78a27578f13a17b -> 
  custom:video-decoder-webm-vp8: 9c59270c3fd7afecdb556c50c9e8de78 -> 
  custom:SearchIndexIgnoredProperties: e643bd26f0fe6173181afceb89e7c659 -> 
  custom:AudioImporter_EditorPlatform: d09bf68614088b80899f8185d706f6e7 -> 
  custom:audio-decoder-ogg-vorbis: bf7c407c2cedff20999df2af8eb42d56 -> 
  custom:audio-encoder-webm-vorbis: bf7c407c2cedff20999df2af8eb42d56 -> 
  custom:video-decoder-ogg-theora: a1e56fd34408186e4bbccfd4996cb3dc -> 
  custom:CustomObjectIndexerAttribute: a3ef5dd2817f97addfee359851a9dba5 -> 
  custom:container-demuxer-webm: 4f35f7cbe854078d1ac9338744f61a02 -> 
  custom:video-encoder-webm-vp8: eb34c28f22e8b96e1ab97ce403110664 -> 
========================================================================
Received Import Request.
  Time since last request: 218.155328 seconds.
  path: Assets/Prefabs/Pillars/Crystals/Crystal 2.prefab
  artifactKey: Guid(394d2202974854b4287086b8971934c1) Importer(815301076,1909f56bfc062723c751e8b465ee728b)
Start importing Assets/Prefabs/Pillars/Crystals/Crystal 2.prefab using Guid(394d2202974854b4287086b8971934c1) Importer(815301076,1909f56bfc062723c751e8b465ee728b)  -> (artifact id: 'b88c42a3a36c8ee388d477e967078b20') in 0.018394 seconds
Number of updated asset objects reloaded before import = 0
Number of asset objects unloaded after import = 8
========================================================================
Received Import Request.
  Time since last request: 0.000016 seconds.
  path: Assets/Prefabs/Pillars/Crystals/Crystal 4.prefab
  artifactKey: Guid(2036a47d87f4f2945a348f01a1392abe) Importer(815301076,1909f56bfc062723c751e8b465ee728b)
Start importing Assets/Prefabs/Pillars/Crystals/Crystal 4.prefab using Guid(2036a47d87f4f2945a348f01a1392abe) Importer(815301076,1909f56bfc062723c751e8b465ee728b)  -> (artifact id: 'a1fdad203b305a00b09a21d1c7b4df17') in 0.003001 seconds
Number of updated asset objects reloaded before import = 0
Number of asset objects unloaded after import = 8
========================================================================
Received Import Request.
  Time since last request: 3.377192 seconds.
  path: Assets/Prefabs/Pillars/Crystals/Crystal 1.prefab
  artifactKey: Guid(8f500d24acb560c499ea84864ae30b33) Importer(815301076,1909f56bfc062723c751e8b465ee728b)
Start importing Assets/Prefabs/Pillars/Crystals/Crystal 1.prefab using Guid(8f500d24acb560c499ea84864ae30b33) Importer(815301076,1909f56bfc062723c751e8b465ee728b)  -> (artifact id: '2b0fc6b46b19a9f7c28816307b5e75de') in 0.001966 seconds
Number of updated asset objects reloaded before import = 0
Number of asset objects unloaded after import = 8
========================================================================
Received Import Request.
  Time since last request: 2.746766 seconds.
  path: Assets/Prefabs/Pillars/Crystals/Crystal 2.prefab
  artifactKey: Guid(394d2202974854b4287086b8971934c1) Importer(815301076,1909f56bfc062723c751e8b465ee728b)
Start importing Assets/Prefabs/Pillars/Crystals/Crystal 2.prefab using Guid(394d2202974854b4287086b8971934c1) Importer(815301076,1909f56bfc062723c751e8b465ee728b)  -> (artifact id: '408997caa8b5763e8b15af6a5e1dfef1') in 0.001865 seconds
Number of updated asset objects reloaded before import = 0
Number of asset objects unloaded after import = 8
========================================================================
Received Import Request.
  Time since last request: 2.253253 seconds.
  path: Assets/Prefabs/Pillars/Crystals/Crystal 3.prefab
  artifactKey: Guid(6376843748cb5874f9fb44c67da1920a) Importer(815301076,1909f56bfc062723c751e8b465ee728b)
Start importing Assets/Prefabs/Pillars/Crystals/Crystal 3.prefab using Guid(6376843748cb5874f9fb44c67da1920a) Importer(815301076,1909f56bfc062723c751e8b465ee728b)  -> (artifact id: '4a30845fb48ab22207cfb982ea234c06') in 0.001969 seconds
Number of updated asset objects reloaded before import = 0
Number of asset objects unloaded after import = 8
========================================================================
Received Import Request.
  Time since last request: 3.439124 seconds.
  path: Assets/Prefabs/Pillars/Crystals/Crystal 4.prefab
  artifactKey: Guid(2036a47d87f4f2945a348f01a1392abe) Importer(815301076,1909f56bfc062723c751e8b465ee728b)
Start importing Assets/Prefabs/Pillars/Crystals/Crystal 4.prefab using Guid(2036a47d87f4f2945a348f01a1392abe) Importer(815301076,1909f56bfc062723c751e8b465ee728b)  -> (artifact id: 'c68d0fb8347b7c086d68c2162fc51603') in 0.001741 seconds
Number of updated asset objects reloaded before import = 0
Number of asset objects unloaded after import = 8
========================================================================
Received Prepare
Begin MonoManager ReloadAssembly
Symbol file LoadedFromMemory doesn't match image E:\GitHub\TESIS\Tesis Enchanted Skylands\Library\PackageCache\com.unity.visualscripting@1.8.0\Editor\VisualScripting.Core\Dependencies\YamlDotNet\Unity.VisualScripting.YamlDotNet.dll
Symbol file LoadedFromMemory doesn't match image E:\GitHub\TESIS\Tesis Enchanted Skylands\Library\PackageCache\com.unity.visualscripting@1.8.0\Editor\VisualScripting.Core\Dependencies\DotNetZip\Unity.VisualScripting.IonicZip.dll
- Loaded All Assemblies, in  0.774 seconds
Refreshing native plugins compatible for Editor in 3.19 ms, found 3 plugins.
Native extension for WindowsStandalone target not found
[Package Manager] Server::EnsureServerProcessIsRunning -- launch failed, reason: Unity was launched with the -noUpm command-line argument
[Package Manager] UpmClient::Send -- Unable to send message (not connected to UPM process).
[Package Manager] Cannot connect to Unity Package Manager local server
[Package Manager] Server::EnsureServerProcessIsRunning -- launch failed, reason: Unity was launched with the -noUpm command-line argument
[Package Manager] UpmClient::Send -- Unable to send message (not connected to UPM process).
[Package Manager] Cannot connect to Unity Package Manager local server
Mono: successfully reloaded assembly
- Finished resetting the current domain, in  1.785 seconds
Domain Reload Profiling: 2556ms
	BeginReloadAssembly (153ms)
		ExecutionOrderSort (0ms)
		DisableScriptedObjects (5ms)
		BackupInstance (0ms)
		ReleaseScriptingObjects (0ms)
		CreateAndSetChildDomain (35ms)
	RebuildCommonClasses (35ms)
	RebuildNativeTypeToScriptingClass (13ms)
	initialDomainReloadingComplete (36ms)
	LoadAllAssembliesAndSetupDomain (533ms)
		LoadAssemblies (278ms)
		RebuildTransferFunctionScriptingTraits (0ms)
		AnalyzeDomain (325ms)
			TypeCache.Refresh (311ms)
				TypeCache.ScanAssembly (299ms)
			ScanForSourceGeneratedMonoScriptInfo (0ms)
			ResolveRequiredComponents (14ms)
	FinalizeReload (1785ms)
		ReleaseScriptCaches (0ms)
		RebuildScriptCaches (0ms)
		SetupLoadedEditorAssemblies (730ms)
			LogAssemblyErrors (0ms)
			InitializePlatformSupportModulesInManaged (9ms)
			SetLoadedEditorAssemblies (5ms)
			RefreshPlugins (0ms)
			BeforeProcessingInitializeOnLoad (107ms)
			ProcessInitializeOnLoadAttributes (505ms)
			ProcessInitializeOnLoadMethodAttributes (90ms)
			AfterProcessingInitializeOnLoad (14ms)
			EditorAssembliesLoaded (0ms)
		ExecutionOrderSort2 (0ms)
		AwakeInstancesAfterBackupRestoration (26ms)
Refreshing native plugins compatible for Editor in 4.64 ms, found 3 plugins.
Preloading 0 native plugins for Editor in 0.00 ms.
Unloading 6458 Unused Serialized files (Serialized files now loaded: 0)
Unloading 45 unused Assets / (1.1 MB). Loaded Objects now: 7619.
Memory consumption went from 335.6 MB to 334.4 MB.
Total: 5.428400 ms (FindLiveObjects: 0.918200 ms CreateObjectMapping: 0.284900 ms MarkObjects: 2.982000 ms  DeleteObjects: 1.242200 ms)

Prepare: number of updated asset objects reloaded= 0
AssetImportParameters requested are different than current active one (requested -> active):
  custom:container-demuxer-ogg: 62fdf1f143b41e24485cea50d1cbac27 -> 
  custom:framework-win-MediaFoundation: 216162199b28c13a410421893ffa2e32 -> 
  custom:container-muxer-webm: aa71ff27fc2769a1b78a27578f13a17b -> 
  custom:video-decoder-webm-vp8: 9c59270c3fd7afecdb556c50c9e8de78 -> 
  custom:SearchIndexIgnoredProperties: e643bd26f0fe6173181afceb89e7c659 -> 
  custom:AudioImporter_EditorPlatform: d09bf68614088b80899f8185d706f6e7 -> 
  custom:audio-decoder-ogg-vorbis: bf7c407c2cedff20999df2af8eb42d56 -> 
  custom:audio-encoder-webm-vorbis: bf7c407c2cedff20999df2af8eb42d56 -> 
  custom:video-decoder-ogg-theora: a1e56fd34408186e4bbccfd4996cb3dc -> 
  custom:CustomObjectIndexerAttribute: a3ef5dd2817f97addfee359851a9dba5 -> 
  custom:container-demuxer-webm: 4f35f7cbe854078d1ac9338744f61a02 -> 
  custom:video-encoder-webm-vp8: eb34c28f22e8b96e1ab97ce403110664 -> 
========================================================================
Received Import Request.
  Time since last request: 13.540221 seconds.
  path: Assets/Prefabs/Pillars/Crystals/Crystal 1.prefab
  artifactKey: Guid(8f500d24acb560c499ea84864ae30b33) Importer(815301076,1909f56bfc062723c751e8b465ee728b)
Start importing Assets/Prefabs/Pillars/Crystals/Crystal 1.prefab using Guid(8f500d24acb560c499ea84864ae30b33) Importer(815301076,1909f56bfc062723c751e8b465ee728b)  -> (artifact id: '156b6bf1b9706ffb2a16ccdbe81b593b') in 0.032010 seconds
Number of updated asset objects reloaded before import = 0
Number of asset objects unloaded after import = 8
========================================================================
Received Import Request.
  Time since last request: 0.000019 seconds.
  path: Assets/Prefabs/Pillars/Crystals/Crystal 3.prefab
  artifactKey: Guid(6376843748cb5874f9fb44c67da1920a) Importer(815301076,1909f56bfc062723c751e8b465ee728b)
Start importing Assets/Prefabs/Pillars/Crystals/Crystal 3.prefab using Guid(6376843748cb5874f9fb44c67da1920a) Importer(815301076,1909f56bfc062723c751e8b465ee728b)  -> (artifact id: '92da33c9b730509c580de884779ae9c3') in 0.002123 seconds
Number of updated asset objects reloaded before import = 0
Number of asset objects unloaded after import = 8
========================================================================
Received Prepare
Begin MonoManager ReloadAssembly
Symbol file LoadedFromMemory doesn't match image E:\GitHub\TESIS\Tesis Enchanted Skylands\Library\PackageCache\com.unity.visualscripting@1.8.0\Editor\VisualScripting.Core\Dependencies\YamlDotNet\Unity.VisualScripting.YamlDotNet.dll
Symbol file LoadedFromMemory doesn't match image E:\GitHub\TESIS\Tesis Enchanted Skylands\Library\PackageCache\com.unity.visualscripting@1.8.0\Editor\VisualScripting.Core\Dependencies\DotNetZip\Unity.VisualScripting.IonicZip.dll
- Loaded All Assemblies, in  0.774 seconds
Refreshing native plugins compatible for Editor in 3.26 ms, found 3 plugins.
Native extension for WindowsStandalone target not found
[Package Manager] Server::EnsureServerProcessIsRunning -- launch failed, reason: Unity was launched with the -noUpm command-line argument
[Package Manager] UpmClient::Send -- Unable to send message (not connected to UPM process).
[Package Manager] Cannot connect to Unity Package Manager local server
[Package Manager] Server::EnsureServerProcessIsRunning -- launch failed, reason: Unity was launched with the -noUpm command-line argument
[Package Manager] UpmClient::Send -- Unable to send message (not connected to UPM process).
[Package Manager] Cannot connect to Unity Package Manager local server
Mono: successfully reloaded assembly
- Finished resetting the current domain, in  1.695 seconds
Domain Reload Profiling: 2465ms
	BeginReloadAssembly (154ms)
		ExecutionOrderSort (0ms)
		DisableScriptedObjects (5ms)
		BackupInstance (0ms)
		ReleaseScriptingObjects (0ms)
		CreateAndSetChildDomain (37ms)
	RebuildCommonClasses (35ms)
	RebuildNativeTypeToScriptingClass (13ms)
	initialDomainReloadingComplete (37ms)
	LoadAllAssembliesAndSetupDomain (530ms)
		LoadAssemblies (279ms)
		RebuildTransferFunctionScriptingTraits (0ms)
		AnalyzeDomain (322ms)
			TypeCache.Refresh (307ms)
				TypeCache.ScanAssembly (296ms)
			ScanForSourceGeneratedMonoScriptInfo (0ms)
			ResolveRequiredComponents (15ms)
	FinalizeReload (1695ms)
		ReleaseScriptCaches (0ms)
		RebuildScriptCaches (0ms)
		SetupLoadedEditorAssemblies (736ms)
			LogAssemblyErrors (0ms)
			InitializePlatformSupportModulesInManaged (9ms)
			SetLoadedEditorAssemblies (5ms)
			RefreshPlugins (0ms)
			BeforeProcessingInitializeOnLoad (106ms)
			ProcessInitializeOnLoadAttributes (509ms)
			ProcessInitializeOnLoadMethodAttributes (91ms)
			AfterProcessingInitializeOnLoad (16ms)
			EditorAssembliesLoaded (0ms)
		ExecutionOrderSort2 (0ms)
		AwakeInstancesAfterBackupRestoration (25ms)
Refreshing native plugins compatible for Editor in 3.34 ms, found 3 plugins.
Preloading 0 native plugins for Editor in 0.00 ms.
Unloading 6458 Unused Serialized files (Serialized files now loaded: 0)
Unloading 45 unused Assets / (1.1 MB). Loaded Objects now: 7635.
Memory consumption went from 335.6 MB to 334.4 MB.
Total: 5.106800 ms (FindLiveObjects: 0.820700 ms CreateObjectMapping: 0.288100 ms MarkObjects: 3.740700 ms  DeleteObjects: 0.256100 ms)

Prepare: number of updated asset objects reloaded= 0
AssetImportParameters requested are different than current active one (requested -> active):
  custom:container-demuxer-ogg: 62fdf1f143b41e24485cea50d1cbac27 -> 
  custom:framework-win-MediaFoundation: 216162199b28c13a410421893ffa2e32 -> 
  custom:container-muxer-webm: aa71ff27fc2769a1b78a27578f13a17b -> 
  custom:video-decoder-webm-vp8: 9c59270c3fd7afecdb556c50c9e8de78 -> 
  custom:SearchIndexIgnoredProperties: e643bd26f0fe6173181afceb89e7c659 -> 
  custom:AudioImporter_EditorPlatform: d09bf68614088b80899f8185d706f6e7 -> 
  custom:audio-decoder-ogg-vorbis: bf7c407c2cedff20999df2af8eb42d56 -> 
  custom:audio-encoder-webm-vorbis: bf7c407c2cedff20999df2af8eb42d56 -> 
  custom:video-decoder-ogg-theora: a1e56fd34408186e4bbccfd4996cb3dc -> 
  custom:CustomObjectIndexerAttribute: a3ef5dd2817f97addfee359851a9dba5 -> 
  custom:container-demuxer-webm: 4f35f7cbe854078d1ac9338744f61a02 -> 
  custom:video-encoder-webm-vp8: eb34c28f22e8b96e1ab97ce403110664 -> 
========================================================================
Received Import Request.
  Time since last request: 27.309187 seconds.
  path: Assets/Prefabs/Pillars/Crystals/Crystal 2.prefab
  artifactKey: Guid(394d2202974854b4287086b8971934c1) Importer(815301076,1909f56bfc062723c751e8b465ee728b)
Start importing Assets/Prefabs/Pillars/Crystals/Crystal 2.prefab using Guid(394d2202974854b4287086b8971934c1) Importer(815301076,1909f56bfc062723c751e8b465ee728b)  -> (artifact id: '15b92079425003be6055421146a9b14c') in 0.029712 seconds
Number of updated asset objects reloaded before import = 0
Number of asset objects unloaded after import = 8
========================================================================
Received Import Request.
  Time since last request: 5.280383 seconds.
  path: Assets/Prefabs/Pillars/Crystals/Crystal 1.prefab
  artifactKey: Guid(8f500d24acb560c499ea84864ae30b33) Importer(815301076,1909f56bfc062723c751e8b465ee728b)
Start importing Assets/Prefabs/Pillars/Crystals/Crystal 1.prefab using Guid(8f500d24acb560c499ea84864ae30b33) Importer(815301076,1909f56bfc062723c751e8b465ee728b)  -> (artifact id: 'f7f4d740fddb40cbf09d63d6ccb3e5fa') in 0.001756 seconds
Number of updated asset objects reloaded before import = 0
Number of asset objects unloaded after import = 8
========================================================================
Received Import Request.
  Time since last request: 2.913818 seconds.
  path: Assets/Prefabs/Pillars/Crystals/Crystal 4.prefab
  artifactKey: Guid(2036a47d87f4f2945a348f01a1392abe) Importer(815301076,1909f56bfc062723c751e8b465ee728b)
Start importing Assets/Prefabs/Pillars/Crystals/Crystal 4.prefab using Guid(2036a47d87f4f2945a348f01a1392abe) Importer(815301076,1909f56bfc062723c751e8b465ee728b)  -> (artifact id: 'cef63df4756835ad67b2782bff25b1e7') in 0.001928 seconds
Number of updated asset objects reloaded before import = 0
Number of asset objects unloaded after import = 8
========================================================================
Received Prepare
Begin MonoManager ReloadAssembly
Symbol file LoadedFromMemory doesn't match image E:\GitHub\TESIS\Tesis Enchanted Skylands\Library\PackageCache\com.unity.visualscripting@1.8.0\Editor\VisualScripting.Core\Dependencies\YamlDotNet\Unity.VisualScripting.YamlDotNet.dll
Symbol file LoadedFromMemory doesn't match image E:\GitHub\TESIS\Tesis Enchanted Skylands\Library\PackageCache\com.unity.visualscripting@1.8.0\Editor\VisualScripting.Core\Dependencies\DotNetZip\Unity.VisualScripting.IonicZip.dll
- Loaded All Assemblies, in  0.783 seconds
Refreshing native plugins compatible for Editor in 3.25 ms, found 3 plugins.
Native extension for WindowsStandalone target not found
[Package Manager] Server::EnsureServerProcessIsRunning -- launch failed, reason: Unity was launched with the -noUpm command-line argument
[Package Manager] UpmClient::Send -- Unable to send message (not connected to UPM process).
[Package Manager] Cannot connect to Unity Package Manager local server
[Package Manager] Server::EnsureServerProcessIsRunning -- launch failed, reason: Unity was launched with the -noUpm command-line argument
[Package Manager] UpmClient::Send -- Unable to send message (not connected to UPM process).
[Package Manager] Cannot connect to Unity Package Manager local server
Mono: successfully reloaded assembly
- Finished resetting the current domain, in  1.855 seconds
Domain Reload Profiling: 2634ms
	BeginReloadAssembly (151ms)
		ExecutionOrderSort (0ms)
		DisableScriptedObjects (5ms)
		BackupInstance (0ms)
		ReleaseScriptingObjects (0ms)
		CreateAndSetChildDomain (35ms)
	RebuildCommonClasses (36ms)
	RebuildNativeTypeToScriptingClass (13ms)
	initialDomainReloadingComplete (37ms)
	LoadAllAssembliesAndSetupDomain (542ms)
		LoadAssemblies (281ms)
		RebuildTransferFunctionScriptingTraits (0ms)
		AnalyzeDomain (330ms)
			TypeCache.Refresh (316ms)
				TypeCache.ScanAssembly (303ms)
			ScanForSourceGeneratedMonoScriptInfo (0ms)
			ResolveRequiredComponents (15ms)
	FinalizeReload (1855ms)
		ReleaseScriptCaches (0ms)
		RebuildScriptCaches (0ms)
		SetupLoadedEditorAssemblies (725ms)
			LogAssemblyErrors (0ms)
			InitializePlatformSupportModulesInManaged (8ms)
			SetLoadedEditorAssemblies (4ms)
			RefreshPlugins (0ms)
			BeforeProcessingInitializeOnLoad (101ms)
			ProcessInitializeOnLoadAttributes (503ms)
			ProcessInitializeOnLoadMethodAttributes (93ms)
			AfterProcessingInitializeOnLoad (15ms)
			EditorAssembliesLoaded (0ms)
		ExecutionOrderSort2 (0ms)
		AwakeInstancesAfterBackupRestoration (26ms)
Refreshing native plugins compatible for Editor in 3.82 ms, found 3 plugins.
Preloading 0 native plugins for Editor in 0.00 ms.
Unloading 6458 Unused Serialized files (Serialized files now loaded: 0)
Unloading 45 unused Assets / (1.1 MB). Loaded Objects now: 7651.
Memory consumption went from 335.6 MB to 334.5 MB.
Total: 5.068400 ms (FindLiveObjects: 0.983300 ms CreateObjectMapping: 0.407000 ms MarkObjects: 3.395600 ms  DeleteObjects: 0.281400 ms)

Prepare: number of updated asset objects reloaded= 0
AssetImportParameters requested are different than current active one (requested -> active):
  custom:container-demuxer-ogg: 62fdf1f143b41e24485cea50d1cbac27 -> 
  custom:framework-win-MediaFoundation: 216162199b28c13a410421893ffa2e32 -> 
  custom:container-muxer-webm: aa71ff27fc2769a1b78a27578f13a17b -> 
  custom:video-decoder-webm-vp8: 9c59270c3fd7afecdb556c50c9e8de78 -> 
  custom:SearchIndexIgnoredProperties: e643bd26f0fe6173181afceb89e7c659 -> 
  custom:AudioImporter_EditorPlatform: d09bf68614088b80899f8185d706f6e7 -> 
  custom:audio-decoder-ogg-vorbis: bf7c407c2cedff20999df2af8eb42d56 -> 
  custom:audio-encoder-webm-vorbis: bf7c407c2cedff20999df2af8eb42d56 -> 
  custom:video-decoder-ogg-theora: a1e56fd34408186e4bbccfd4996cb3dc -> 
  custom:CustomObjectIndexerAttribute: a3ef5dd2817f97addfee359851a9dba5 -> 
  custom:container-demuxer-webm: 4f35f7cbe854078d1ac9338744f61a02 -> 
  custom:video-encoder-webm-vp8: eb34c28f22e8b96e1ab97ce403110664 -> 
========================================================================
Received Prepare
Begin MonoManager ReloadAssembly
Symbol file LoadedFromMemory doesn't match image E:\GitHub\TESIS\Tesis Enchanted Skylands\Library\PackageCache\com.unity.visualscripting@1.8.0\Editor\VisualScripting.Core\Dependencies\YamlDotNet\Unity.VisualScripting.YamlDotNet.dll
Symbol file LoadedFromMemory doesn't match image E:\GitHub\TESIS\Tesis Enchanted Skylands\Library\PackageCache\com.unity.visualscripting@1.8.0\Editor\VisualScripting.Core\Dependencies\DotNetZip\Unity.VisualScripting.IonicZip.dll
- Loaded All Assemblies, in  0.778 seconds
Refreshing native plugins compatible for Editor in 3.10 ms, found 3 plugins.
Native extension for WindowsStandalone target not found
[Package Manager] Server::EnsureServerProcessIsRunning -- launch failed, reason: Unity was launched with the -noUpm command-line argument
[Package Manager] UpmClient::Send -- Unable to send message (not connected to UPM process).
[Package Manager] Cannot connect to Unity Package Manager local server
[Package Manager] Server::EnsureServerProcessIsRunning -- launch failed, reason: Unity was launched with the -noUpm command-line argument
[Package Manager] UpmClient::Send -- Unable to send message (not connected to UPM process).
[Package Manager] Cannot connect to Unity Package Manager local server
Mono: successfully reloaded assembly
- Finished resetting the current domain, in  1.728 seconds
Domain Reload Profiling: 2503ms
	BeginReloadAssembly (151ms)
		ExecutionOrderSort (0ms)
		DisableScriptedObjects (5ms)
		BackupInstance (0ms)
		ReleaseScriptingObjects (0ms)
		CreateAndSetChildDomain (35ms)
	RebuildCommonClasses (36ms)
	RebuildNativeTypeToScriptingClass (13ms)
	initialDomainReloadingComplete (37ms)
	LoadAllAssembliesAndSetupDomain (537ms)
		LoadAssemblies (281ms)
		RebuildTransferFunctionScriptingTraits (0ms)
		AnalyzeDomain (325ms)
			TypeCache.Refresh (311ms)
				TypeCache.ScanAssembly (299ms)
			ScanForSourceGeneratedMonoScriptInfo (0ms)
			ResolveRequiredComponents (14ms)
	FinalizeReload (1729ms)
		ReleaseScriptCaches (0ms)
		RebuildScriptCaches (0ms)
		SetupLoadedEditorAssemblies (725ms)
			LogAssemblyErrors (0ms)
			InitializePlatformSupportModulesInManaged (10ms)
			SetLoadedEditorAssemblies (3ms)
			RefreshPlugins (0ms)
			BeforeProcessingInitializeOnLoad (102ms)
			ProcessInitializeOnLoadAttributes (503ms)
			ProcessInitializeOnLoadMethodAttributes (91ms)
			AfterProcessingInitializeOnLoad (16ms)
			EditorAssembliesLoaded (0ms)
		ExecutionOrderSort2 (0ms)
		AwakeInstancesAfterBackupRestoration (26ms)
Refreshing native plugins compatible for Editor in 4.95 ms, found 3 plugins.
Preloading 0 native plugins for Editor in 0.00 ms.
Unloading 6458 Unused Serialized files (Serialized files now loaded: 0)
Unloading 45 unused Assets / (1.1 MB). Loaded Objects now: 7667.
Memory consumption went from 335.6 MB to 334.5 MB.
Total: 5.325900 ms (FindLiveObjects: 0.886500 ms CreateObjectMapping: 0.327500 ms MarkObjects: 3.849600 ms  DeleteObjects: 0.261100 ms)

Prepare: number of updated asset objects reloaded= 0
AssetImportParameters requested are different than current active one (requested -> active):
  custom:container-demuxer-ogg: 62fdf1f143b41e24485cea50d1cbac27 -> 
  custom:framework-win-MediaFoundation: 216162199b28c13a410421893ffa2e32 -> 
  custom:container-muxer-webm: aa71ff27fc2769a1b78a27578f13a17b -> 
  custom:video-decoder-webm-vp8: 9c59270c3fd7afecdb556c50c9e8de78 -> 
  custom:SearchIndexIgnoredProperties: e643bd26f0fe6173181afceb89e7c659 -> 
  custom:AudioImporter_EditorPlatform: d09bf68614088b80899f8185d706f6e7 -> 
  custom:audio-decoder-ogg-vorbis: bf7c407c2cedff20999df2af8eb42d56 -> 
  custom:audio-encoder-webm-vorbis: bf7c407c2cedff20999df2af8eb42d56 -> 
  custom:video-decoder-ogg-theora: a1e56fd34408186e4bbccfd4996cb3dc -> 
  custom:CustomObjectIndexerAttribute: a3ef5dd2817f97addfee359851a9dba5 -> 
  custom:container-demuxer-webm: 4f35f7cbe854078d1ac9338744f61a02 -> 
  custom:video-encoder-webm-vp8: eb34c28f22e8b96e1ab97ce403110664 -> 
========================================================================
Received Import Request.
  Time since last request: 306.351128 seconds.
  path: Assets/Prefabs/Pillars/Crystals/Crystal 1.prefab
  artifactKey: Guid(8f500d24acb560c499ea84864ae30b33) Importer(815301076,1909f56bfc062723c751e8b465ee728b)
Start importing Assets/Prefabs/Pillars/Crystals/Crystal 1.prefab using Guid(8f500d24acb560c499ea84864ae30b33) Importer(815301076,1909f56bfc062723c751e8b465ee728b)  -> (artifact id: '36ba980d6d8644df008960e69fae7667') in 0.017654 seconds
Number of updated asset objects reloaded before import = 0
Number of asset objects unloaded after import = 7
========================================================================
Received Import Request.
  Time since last request: 123.437861 seconds.
  path: Assets/Scripts/Hazards/FloatingObject.cs
  artifactKey: Guid(e3ba5f5bc99709948bcfcb84ca6c9717) Importer(815301076,1909f56bfc062723c751e8b465ee728b)
Start importing Assets/Scripts/Hazards/FloatingObject.cs using Guid(e3ba5f5bc99709948bcfcb84ca6c9717) Importer(815301076,1909f56bfc062723c751e8b465ee728b)  -> (artifact id: '0a77415e13522e043a45a9dcd67a0a02') in 0.000594 seconds
Number of updated asset objects reloaded before import = 0
Number of asset objects unloaded after import = 0
========================================================================
Received Prepare
Begin MonoManager ReloadAssembly
Symbol file LoadedFromMemory doesn't match image E:\GitHub\TESIS\Tesis Enchanted Skylands\Library\PackageCache\com.unity.visualscripting@1.8.0\Editor\VisualScripting.Core\Dependencies\YamlDotNet\Unity.VisualScripting.YamlDotNet.dll
Symbol file LoadedFromMemory doesn't match image E:\GitHub\TESIS\Tesis Enchanted Skylands\Library\PackageCache\com.unity.visualscripting@1.8.0\Editor\VisualScripting.Core\Dependencies\DotNetZip\Unity.VisualScripting.IonicZip.dll
- Loaded All Assemblies, in  0.880 seconds
Refreshing native plugins compatible for Editor in 3.40 ms, found 3 plugins.
Native extension for WindowsStandalone target not found
[Package Manager] Server::EnsureServerProcessIsRunning -- launch failed, reason: Unity was launched with the -noUpm command-line argument
[Package Manager] UpmClient::Send -- Unable to send message (not connected to UPM process).
[Package Manager] Cannot connect to Unity Package Manager local server
[Package Manager] Server::EnsureServerProcessIsRunning -- launch failed, reason: Unity was launched with the -noUpm command-line argument
[Package Manager] UpmClient::Send -- Unable to send message (not connected to UPM process).
[Package Manager] Cannot connect to Unity Package Manager local server
Mono: successfully reloaded assembly
- Finished resetting the current domain, in  1.661 seconds
Domain Reload Profiling: 2536ms
	BeginReloadAssembly (156ms)
		ExecutionOrderSort (0ms)
		DisableScriptedObjects (5ms)
		BackupInstance (0ms)
		ReleaseScriptingObjects (0ms)
		CreateAndSetChildDomain (37ms)
	RebuildCommonClasses (38ms)
	RebuildNativeTypeToScriptingClass (13ms)
	initialDomainReloadingComplete (37ms)
	LoadAllAssembliesAndSetupDomain (631ms)
		LoadAssemblies (288ms)
		RebuildTransferFunctionScriptingTraits (0ms)
		AnalyzeDomain (414ms)
			TypeCache.Refresh (387ms)
				TypeCache.ScanAssembly (374ms)
			ScanForSourceGeneratedMonoScriptInfo (9ms)
			ResolveRequiredComponents (19ms)
	FinalizeReload (1661ms)
		ReleaseScriptCaches (0ms)
		RebuildScriptCaches (0ms)
		SetupLoadedEditorAssemblies (649ms)
			LogAssemblyErrors (0ms)
			InitializePlatformSupportModulesInManaged (9ms)
			SetLoadedEditorAssemblies (4ms)
			RefreshPlugins (0ms)
			BeforeProcessingInitializeOnLoad (93ms)
			ProcessInitializeOnLoadAttributes (447ms)
			ProcessInitializeOnLoadMethodAttributes (80ms)
			AfterProcessingInitializeOnLoad (16ms)
			EditorAssembliesLoaded (0ms)
		ExecutionOrderSort2 (0ms)
		AwakeInstancesAfterBackupRestoration (22ms)
Refreshing native plugins compatible for Editor in 4.03 ms, found 3 plugins.
Preloading 0 native plugins for Editor in 0.00 ms.
Unloading 6459 Unused Serialized files (Serialized files now loaded: 0)
Unloading 45 unused Assets / (1.1 MB). Loaded Objects now: 7684.
Memory consumption went from 335.6 MB to 334.5 MB.
Total: 6.315000 ms (FindLiveObjects: 1.076800 ms CreateObjectMapping: 0.387100 ms MarkObjects: 4.660300 ms  DeleteObjects: 0.189200 ms)

Prepare: number of updated asset objects reloaded= 0
AssetImportParameters requested are different than current active one (requested -> active):
  custom:container-demuxer-ogg: 62fdf1f143b41e24485cea50d1cbac27 -> 
  custom:framework-win-MediaFoundation: 216162199b28c13a410421893ffa2e32 -> 
  custom:container-muxer-webm: aa71ff27fc2769a1b78a27578f13a17b -> 
  custom:video-decoder-webm-vp8: 9c59270c3fd7afecdb556c50c9e8de78 -> 
  custom:SearchIndexIgnoredProperties: e643bd26f0fe6173181afceb89e7c659 -> 
  custom:AudioImporter_EditorPlatform: d09bf68614088b80899f8185d706f6e7 -> 
  custom:audio-decoder-ogg-vorbis: bf7c407c2cedff20999df2af8eb42d56 -> 
  custom:audio-encoder-webm-vorbis: bf7c407c2cedff20999df2af8eb42d56 -> 
  custom:video-decoder-ogg-theora: a1e56fd34408186e4bbccfd4996cb3dc -> 
  custom:CustomObjectIndexerAttribute: a3ef5dd2817f97addfee359851a9dba5 -> 
  custom:container-demuxer-webm: 4f35f7cbe854078d1ac9338744f61a02 -> 
  custom:video-encoder-webm-vp8: eb34c28f22e8b96e1ab97ce403110664 -> 
========================================================================
Received Import Request.
  Time since last request: 11.366250 seconds.
  path: Assets/Scripts/Hazards/FloatingObject.cs
  artifactKey: Guid(e3ba5f5bc99709948bcfcb84ca6c9717) Importer(815301076,1909f56bfc062723c751e8b465ee728b)
Start importing Assets/Scripts/Hazards/FloatingObject.cs using Guid(e3ba5f5bc99709948bcfcb84ca6c9717) Importer(815301076,1909f56bfc062723c751e8b465ee728b)  -> (artifact id: '771d995bf8418d6484c232999cc58c8b') in 0.025729 seconds
Number of updated asset objects reloaded before import = 0
Number of asset objects unloaded after import = 0
========================================================================
Received Prepare
Begin MonoManager ReloadAssembly
Symbol file LoadedFromMemory doesn't match image E:\GitHub\TESIS\Tesis Enchanted Skylands\Library\PackageCache\com.unity.visualscripting@1.8.0\Editor\VisualScripting.Core\Dependencies\YamlDotNet\Unity.VisualScripting.YamlDotNet.dll
Symbol file LoadedFromMemory doesn't match image E:\GitHub\TESIS\Tesis Enchanted Skylands\Library\PackageCache\com.unity.visualscripting@1.8.0\Editor\VisualScripting.Core\Dependencies\DotNetZip\Unity.VisualScripting.IonicZip.dll
- Loaded All Assemblies, in  0.895 seconds
Refreshing native plugins compatible for Editor in 4.74 ms, found 3 plugins.
Native extension for WindowsStandalone target not found
[Package Manager] Server::EnsureServerProcessIsRunning -- launch failed, reason: Unity was launched with the -noUpm command-line argument
[Package Manager] UpmClient::Send -- Unable to send message (not connected to UPM process).
[Package Manager] Cannot connect to Unity Package Manager local server
[Package Manager] Server::EnsureServerProcessIsRunning -- launch failed, reason: Unity was launched with the -noUpm command-line argument
[Package Manager] UpmClient::Send -- Unable to send message (not connected to UPM process).
[Package Manager] Cannot connect to Unity Package Manager local server
Mono: successfully reloaded assembly
- Finished resetting the current domain, in  1.823 seconds
Domain Reload Profiling: 2715ms
	BeginReloadAssembly (160ms)
		ExecutionOrderSort (0ms)
		DisableScriptedObjects (5ms)
		BackupInstance (0ms)
		ReleaseScriptingObjects (0ms)
		CreateAndSetChildDomain (38ms)
	RebuildCommonClasses (38ms)
	RebuildNativeTypeToScriptingClass (13ms)
	initialDomainReloadingComplete (37ms)
	LoadAllAssembliesAndSetupDomain (643ms)
		LoadAssemblies (294ms)
		RebuildTransferFunctionScriptingTraits (0ms)
		AnalyzeDomain (422ms)
			TypeCache.Refresh (393ms)
				TypeCache.ScanAssembly (377ms)
			ScanForSourceGeneratedMonoScriptInfo (11ms)
			ResolveRequiredComponents (18ms)
	FinalizeReload (1823ms)
		ReleaseScriptCaches (0ms)
		RebuildScriptCaches (0ms)
		SetupLoadedEditorAssemblies (725ms)
			LogAssemblyErrors (0ms)
			InitializePlatformSupportModulesInManaged (10ms)
			SetLoadedEditorAssemblies (3ms)
			RefreshPlugins (0ms)
			BeforeProcessingInitializeOnLoad (104ms)
			ProcessInitializeOnLoadAttributes (500ms)
			ProcessInitializeOnLoadMethodAttributes (92ms)
			AfterProcessingInitializeOnLoad (15ms)
			EditorAssembliesLoaded (0ms)
		ExecutionOrderSort2 (0ms)
		AwakeInstancesAfterBackupRestoration (26ms)
Refreshing native plugins compatible for Editor in 3.47 ms, found 3 plugins.
Preloading 0 native plugins for Editor in 0.00 ms.
Unloading 6459 Unused Serialized files (Serialized files now loaded: 0)
Unloading 45 unused Assets / (1.1 MB). Loaded Objects now: 7700.
Memory consumption went from 335.6 MB to 334.5 MB.
Total: 5.921600 ms (FindLiveObjects: 1.139400 ms CreateObjectMapping: 0.523900 ms MarkObjects: 3.788200 ms  DeleteObjects: 0.468800 ms)

Prepare: number of updated asset objects reloaded= 0
AssetImportParameters requested are different than current active one (requested -> active):
  custom:container-demuxer-ogg: 62fdf1f143b41e24485cea50d1cbac27 -> 
  custom:framework-win-MediaFoundation: 216162199b28c13a410421893ffa2e32 -> 
  custom:container-muxer-webm: aa71ff27fc2769a1b78a27578f13a17b -> 
  custom:video-decoder-webm-vp8: 9c59270c3fd7afecdb556c50c9e8de78 -> 
  custom:SearchIndexIgnoredProperties: e643bd26f0fe6173181afceb89e7c659 -> 
  custom:AudioImporter_EditorPlatform: d09bf68614088b80899f8185d706f6e7 -> 
  custom:audio-decoder-ogg-vorbis: bf7c407c2cedff20999df2af8eb42d56 -> 
  custom:audio-encoder-webm-vorbis: bf7c407c2cedff20999df2af8eb42d56 -> 
  custom:video-decoder-ogg-theora: a1e56fd34408186e4bbccfd4996cb3dc -> 
  custom:CustomObjectIndexerAttribute: a3ef5dd2817f97addfee359851a9dba5 -> 
  custom:container-demuxer-webm: 4f35f7cbe854078d1ac9338744f61a02 -> 
  custom:video-encoder-webm-vp8: eb34c28f22e8b96e1ab97ce403110664 -> 
========================================================================
Received Prepare
Begin MonoManager ReloadAssembly
Symbol file LoadedFromMemory doesn't match image E:\GitHub\TESIS\Tesis Enchanted Skylands\Library\PackageCache\com.unity.visualscripting@1.8.0\Editor\VisualScripting.Core\Dependencies\YamlDotNet\Unity.VisualScripting.YamlDotNet.dll
Symbol file LoadedFromMemory doesn't match image E:\GitHub\TESIS\Tesis Enchanted Skylands\Library\PackageCache\com.unity.visualscripting@1.8.0\Editor\VisualScripting.Core\Dependencies\DotNetZip\Unity.VisualScripting.IonicZip.dll
- Loaded All Assemblies, in  0.754 seconds
Refreshing native plugins compatible for Editor in 3.18 ms, found 3 plugins.
Native extension for WindowsStandalone target not found
[Package Manager] Server::EnsureServerProcessIsRunning -- launch failed, reason: Unity was launched with the -noUpm command-line argument
[Package Manager] UpmClient::Send -- Unable to send message (not connected to UPM process).
[Package Manager] Cannot connect to Unity Package Manager local server
[Package Manager] Server::EnsureServerProcessIsRunning -- launch failed, reason: Unity was launched with the -noUpm command-line argument
[Package Manager] UpmClient::Send -- Unable to send message (not connected to UPM process).
[Package Manager] Cannot connect to Unity Package Manager local server
Mono: successfully reloaded assembly
- Finished resetting the current domain, in  1.721 seconds
Domain Reload Profiling: 2471ms
	BeginReloadAssembly (129ms)
		ExecutionOrderSort (0ms)
		DisableScriptedObjects (5ms)
		BackupInstance (0ms)
		ReleaseScriptingObjects (0ms)
		CreateAndSetChildDomain (35ms)
	RebuildCommonClasses (35ms)
	RebuildNativeTypeToScriptingClass (13ms)
	initialDomainReloadingComplete (37ms)
	LoadAllAssembliesAndSetupDomain (535ms)
		LoadAssemblies (262ms)
		RebuildTransferFunctionScriptingTraits (0ms)
		AnalyzeDomain (322ms)
			TypeCache.Refresh (308ms)
				TypeCache.ScanAssembly (296ms)
			ScanForSourceGeneratedMonoScriptInfo (0ms)
			ResolveRequiredComponents (14ms)
	FinalizeReload (1721ms)
		ReleaseScriptCaches (0ms)
		RebuildScriptCaches (0ms)
		SetupLoadedEditorAssemblies (743ms)
			LogAssemblyErrors (0ms)
			InitializePlatformSupportModulesInManaged (10ms)
			SetLoadedEditorAssemblies (6ms)
			RefreshPlugins (0ms)
			BeforeProcessingInitializeOnLoad (114ms)
			ProcessInitializeOnLoadAttributes (507ms)
			ProcessInitializeOnLoadMethodAttributes (91ms)
			AfterProcessingInitializeOnLoad (15ms)
			EditorAssembliesLoaded (0ms)
		ExecutionOrderSort2 (0ms)
		AwakeInstancesAfterBackupRestoration (26ms)
Refreshing native plugins compatible for Editor in 4.24 ms, found 3 plugins.
Preloading 0 native plugins for Editor in 0.00 ms.
Unloading 6459 Unused Serialized files (Serialized files now loaded: 0)
Unloading 45 unused Assets / (1.1 MB). Loaded Objects now: 7716.
Memory consumption went from 335.6 MB to 334.5 MB.
Total: 5.892200 ms (FindLiveObjects: 0.881700 ms CreateObjectMapping: 0.358700 ms MarkObjects: 4.420400 ms  DeleteObjects: 0.229700 ms)

Prepare: number of updated asset objects reloaded= 0
AssetImportParameters requested are different than current active one (requested -> active):
  custom:container-demuxer-ogg: 62fdf1f143b41e24485cea50d1cbac27 -> 
  custom:framework-win-MediaFoundation: 216162199b28c13a410421893ffa2e32 -> 
  custom:container-muxer-webm: aa71ff27fc2769a1b78a27578f13a17b -> 
  custom:video-decoder-webm-vp8: 9c59270c3fd7afecdb556c50c9e8de78 -> 
  custom:SearchIndexIgnoredProperties: e643bd26f0fe6173181afceb89e7c659 -> 
  custom:AudioImporter_EditorPlatform: d09bf68614088b80899f8185d706f6e7 -> 
  custom:audio-decoder-ogg-vorbis: bf7c407c2cedff20999df2af8eb42d56 -> 
  custom:audio-encoder-webm-vorbis: bf7c407c2cedff20999df2af8eb42d56 -> 
  custom:video-decoder-ogg-theora: a1e56fd34408186e4bbccfd4996cb3dc -> 
  custom:CustomObjectIndexerAttribute: a3ef5dd2817f97addfee359851a9dba5 -> 
  custom:container-demuxer-webm: 4f35f7cbe854078d1ac9338744f61a02 -> 
  custom:video-encoder-webm-vp8: eb34c28f22e8b96e1ab97ce403110664 -> 
========================================================================
Received Prepare
Begin MonoManager ReloadAssembly
Symbol file LoadedFromMemory doesn't match image E:\GitHub\TESIS\Tesis Enchanted Skylands\Library\PackageCache\com.unity.visualscripting@1.8.0\Editor\VisualScripting.Core\Dependencies\YamlDotNet\Unity.VisualScripting.YamlDotNet.dll
Symbol file LoadedFromMemory doesn't match image E:\GitHub\TESIS\Tesis Enchanted Skylands\Library\PackageCache\com.unity.visualscripting@1.8.0\Editor\VisualScripting.Core\Dependencies\DotNetZip\Unity.VisualScripting.IonicZip.dll
- Loaded All Assemblies, in  0.782 seconds
Refreshing native plugins compatible for Editor in 3.06 ms, found 3 plugins.
Native extension for WindowsStandalone target not found
[Package Manager] Server::EnsureServerProcessIsRunning -- launch failed, reason: Unity was launched with the -noUpm command-line argument
[Package Manager] UpmClient::Send -- Unable to send message (not connected to UPM process).
[Package Manager] Cannot connect to Unity Package Manager local server
[Package Manager] Server::EnsureServerProcessIsRunning -- launch failed, reason: Unity was launched with the -noUpm command-line argument
[Package Manager] UpmClient::Send -- Unable to send message (not connected to UPM process).
[Package Manager] Cannot connect to Unity Package Manager local server
Mono: successfully reloaded assembly
- Finished resetting the current domain, in  1.573 seconds
Domain Reload Profiling: 2351ms
	BeginReloadAssembly (156ms)
		ExecutionOrderSort (0ms)
		DisableScriptedObjects (5ms)
		BackupInstance (0ms)
		ReleaseScriptingObjects (0ms)
		CreateAndSetChildDomain (37ms)
	RebuildCommonClasses (35ms)
	RebuildNativeTypeToScriptingClass (14ms)
	initialDomainReloadingComplete (38ms)
	LoadAllAssembliesAndSetupDomain (535ms)
		LoadAssemblies (286ms)
		RebuildTransferFunctionScriptingTraits (0ms)
		AnalyzeDomain (319ms)
			TypeCache.Refresh (305ms)
				TypeCache.ScanAssembly (293ms)
			ScanForSourceGeneratedMonoScriptInfo (0ms)
			ResolveRequiredComponents (14ms)
	FinalizeReload (1573ms)
		ReleaseScriptCaches (0ms)
		RebuildScriptCaches (0ms)
		SetupLoadedEditorAssemblies (601ms)
			LogAssemblyErrors (0ms)
			InitializePlatformSupportModulesInManaged (10ms)
			SetLoadedEditorAssemblies (5ms)
			RefreshPlugins (0ms)
			BeforeProcessingInitializeOnLoad (98ms)
			ProcessInitializeOnLoadAttributes (396ms)
			ProcessInitializeOnLoadMethodAttributes (79ms)
			AfterProcessingInitializeOnLoad (14ms)
			EditorAssembliesLoaded (0ms)
		ExecutionOrderSort2 (0ms)
		AwakeInstancesAfterBackupRestoration (25ms)
Refreshing native plugins compatible for Editor in 3.26 ms, found 3 plugins.
Preloading 0 native plugins for Editor in 0.00 ms.
Unloading 6459 Unused Serialized files (Serialized files now loaded: 0)
Unloading 45 unused Assets / (1.1 MB). Loaded Objects now: 7732.
Memory consumption went from 335.7 MB to 334.5 MB.
Total: 5.436600 ms (FindLiveObjects: 1.228700 ms CreateObjectMapping: 0.803600 ms MarkObjects: 3.181300 ms  DeleteObjects: 0.221700 ms)

Prepare: number of updated asset objects reloaded= 0
AssetImportParameters requested are different than current active one (requested -> active):
  custom:container-demuxer-ogg: 62fdf1f143b41e24485cea50d1cbac27 -> 
  custom:framework-win-MediaFoundation: 216162199b28c13a410421893ffa2e32 -> 
  custom:container-muxer-webm: aa71ff27fc2769a1b78a27578f13a17b -> 
  custom:video-decoder-webm-vp8: 9c59270c3fd7afecdb556c50c9e8de78 -> 
  custom:SearchIndexIgnoredProperties: e643bd26f0fe6173181afceb89e7c659 -> 
  custom:AudioImporter_EditorPlatform: d09bf68614088b80899f8185d706f6e7 -> 
  custom:audio-decoder-ogg-vorbis: bf7c407c2cedff20999df2af8eb42d56 -> 
  custom:audio-encoder-webm-vorbis: bf7c407c2cedff20999df2af8eb42d56 -> 
  custom:video-decoder-ogg-theora: a1e56fd34408186e4bbccfd4996cb3dc -> 
  custom:CustomObjectIndexerAttribute: a3ef5dd2817f97addfee359851a9dba5 -> 
  custom:container-demuxer-webm: 4f35f7cbe854078d1ac9338744f61a02 -> 
  custom:video-encoder-webm-vp8: eb34c28f22e8b96e1ab97ce403110664 -> 
========================================================================
Received Prepare
Begin MonoManager ReloadAssembly
Symbol file LoadedFromMemory doesn't match image E:\GitHub\TESIS\Tesis Enchanted Skylands\Library\PackageCache\com.unity.visualscripting@1.8.0\Editor\VisualScripting.Core\Dependencies\YamlDotNet\Unity.VisualScripting.YamlDotNet.dll
Symbol file LoadedFromMemory doesn't match image E:\GitHub\TESIS\Tesis Enchanted Skylands\Library\PackageCache\com.unity.visualscripting@1.8.0\Editor\VisualScripting.Core\Dependencies\DotNetZip\Unity.VisualScripting.IonicZip.dll
- Loaded All Assemblies, in  0.763 seconds
Refreshing native plugins compatible for Editor in 3.13 ms, found 3 plugins.
Native extension for WindowsStandalone target not found
[Package Manager] Server::EnsureServerProcessIsRunning -- launch failed, reason: Unity was launched with the -noUpm command-line argument
[Package Manager] UpmClient::Send -- Unable to send message (not connected to UPM process).
[Package Manager] Cannot connect to Unity Package Manager local server
[Package Manager] Server::EnsureServerProcessIsRunning -- launch failed, reason: Unity was launched with the -noUpm command-line argument
[Package Manager] UpmClient::Send -- Unable to send message (not connected to UPM process).
[Package Manager] Cannot connect to Unity Package Manager local server
Mono: successfully reloaded assembly
- Finished resetting the current domain, in  1.725 seconds
Domain Reload Profiling: 2484ms
	BeginReloadAssembly (153ms)
		ExecutionOrderSort (0ms)
		DisableScriptedObjects (5ms)
		BackupInstance (0ms)
		ReleaseScriptingObjects (0ms)
		CreateAndSetChildDomain (36ms)
	RebuildCommonClasses (36ms)
	RebuildNativeTypeToScriptingClass (13ms)
	initialDomainReloadingComplete (36ms)
	LoadAllAssembliesAndSetupDomain (521ms)
		LoadAssemblies (270ms)
		RebuildTransferFunctionScriptingTraits (0ms)
		AnalyzeDomain (321ms)
			TypeCache.Refresh (307ms)
				TypeCache.ScanAssembly (295ms)
			ScanForSourceGeneratedMonoScriptInfo (0ms)
			ResolveRequiredComponents (14ms)
	FinalizeReload (1725ms)
		ReleaseScriptCaches (0ms)
		RebuildScriptCaches (0ms)
		SetupLoadedEditorAssemblies (780ms)
			LogAssemblyErrors (0ms)
			InitializePlatformSupportModulesInManaged (10ms)
			SetLoadedEditorAssemblies (4ms)
			RefreshPlugins (0ms)
			BeforeProcessingInitializeOnLoad (105ms)
			ProcessInitializeOnLoadAttributes (542ms)
			ProcessInitializeOnLoadMethodAttributes (103ms)
			AfterProcessingInitializeOnLoad (16ms)
			EditorAssembliesLoaded (0ms)
		ExecutionOrderSort2 (0ms)
		AwakeInstancesAfterBackupRestoration (29ms)
Refreshing native plugins compatible for Editor in 3.87 ms, found 3 plugins.
Preloading 0 native plugins for Editor in 0.00 ms.
Unloading 6459 Unused Serialized files (Serialized files now loaded: 0)
Unloading 45 unused Assets / (1.1 MB). Loaded Objects now: 7748.
Memory consumption went from 335.7 MB to 334.5 MB.
Total: 7.350000 ms (FindLiveObjects: 1.106000 ms CreateObjectMapping: 0.458900 ms MarkObjects: 4.363500 ms  DeleteObjects: 1.419900 ms)

Prepare: number of updated asset objects reloaded= 0
AssetImportParameters requested are different than current active one (requested -> active):
  custom:container-demuxer-ogg: 62fdf1f143b41e24485cea50d1cbac27 -> 
  custom:framework-win-MediaFoundation: 216162199b28c13a410421893ffa2e32 -> 
  custom:container-muxer-webm: aa71ff27fc2769a1b78a27578f13a17b -> 
  custom:video-decoder-webm-vp8: 9c59270c3fd7afecdb556c50c9e8de78 -> 
  custom:SearchIndexIgnoredProperties: e643bd26f0fe6173181afceb89e7c659 -> 
  custom:AudioImporter_EditorPlatform: d09bf68614088b80899f8185d706f6e7 -> 
  custom:audio-decoder-ogg-vorbis: bf7c407c2cedff20999df2af8eb42d56 -> 
  custom:audio-encoder-webm-vorbis: bf7c407c2cedff20999df2af8eb42d56 -> 
  custom:video-decoder-ogg-theora: a1e56fd34408186e4bbccfd4996cb3dc -> 
  custom:CustomObjectIndexerAttribute: a3ef5dd2817f97addfee359851a9dba5 -> 
  custom:container-demuxer-webm: 4f35f7cbe854078d1ac9338744f61a02 -> 
  custom:video-encoder-webm-vp8: eb34c28f22e8b96e1ab97ce403110664 -> 
========================================================================
Received Prepare
Begin MonoManager ReloadAssembly
Symbol file LoadedFromMemory doesn't match image E:\GitHub\TESIS\Tesis Enchanted Skylands\Library\PackageCache\com.unity.visualscripting@1.8.0\Editor\VisualScripting.Core\Dependencies\YamlDotNet\Unity.VisualScripting.YamlDotNet.dll
Symbol file LoadedFromMemory doesn't match image E:\GitHub\TESIS\Tesis Enchanted Skylands\Library\PackageCache\com.unity.visualscripting@1.8.0\Editor\VisualScripting.Core\Dependencies\DotNetZip\Unity.VisualScripting.IonicZip.dll
- Loaded All Assemblies, in  0.786 seconds
Refreshing native plugins compatible for Editor in 3.17 ms, found 3 plugins.
Native extension for WindowsStandalone target not found
[Package Manager] Server::EnsureServerProcessIsRunning -- launch failed, reason: Unity was launched with the -noUpm command-line argument
[Package Manager] UpmClient::Send -- Unable to send message (not connected to UPM process).
[Package Manager] Cannot connect to Unity Package Manager local server
[Package Manager] Server::EnsureServerProcessIsRunning -- launch failed, reason: Unity was launched with the -noUpm command-line argument
[Package Manager] UpmClient::Send -- Unable to send message (not connected to UPM process).
[Package Manager] Cannot connect to Unity Package Manager local server
Mono: successfully reloaded assembly
- Finished resetting the current domain, in  1.747 seconds
Domain Reload Profiling: 2529ms
	BeginReloadAssembly (160ms)
		ExecutionOrderSort (0ms)
		DisableScriptedObjects (5ms)
		BackupInstance (0ms)
		ReleaseScriptingObjects (0ms)
		CreateAndSetChildDomain (39ms)
	RebuildCommonClasses (36ms)
	RebuildNativeTypeToScriptingClass (14ms)
	initialDomainReloadingComplete (38ms)
	LoadAllAssembliesAndSetupDomain (535ms)
		LoadAssemblies (285ms)
		RebuildTransferFunctionScriptingTraits (0ms)
		AnalyzeDomain (322ms)
			TypeCache.Refresh (308ms)
				TypeCache.ScanAssembly (296ms)
			ScanForSourceGeneratedMonoScriptInfo (0ms)
			ResolveRequiredComponents (14ms)
	FinalizeReload (1747ms)
		ReleaseScriptCaches (0ms)
		RebuildScriptCaches (0ms)
		SetupLoadedEditorAssemblies (749ms)
			LogAssemblyErrors (0ms)
			InitializePlatformSupportModulesInManaged (11ms)
			SetLoadedEditorAssemblies (4ms)
			RefreshPlugins (0ms)
			BeforeProcessingInitializeOnLoad (104ms)
			ProcessInitializeOnLoadAttributes (519ms)
			ProcessInitializeOnLoadMethodAttributes (94ms)
			AfterProcessingInitializeOnLoad (17ms)
			EditorAssembliesLoaded (0ms)
		ExecutionOrderSort2 (0ms)
		AwakeInstancesAfterBackupRestoration (26ms)
Refreshing native plugins compatible for Editor in 4.93 ms, found 3 plugins.
Preloading 0 native plugins for Editor in 0.00 ms.
Unloading 6459 Unused Serialized files (Serialized files now loaded: 0)
Unloading 45 unused Assets / (1.1 MB). Loaded Objects now: 7764.
Memory consumption went from 335.7 MB to 334.6 MB.
Total: 5.776200 ms (FindLiveObjects: 1.395400 ms CreateObjectMapping: 0.551200 ms MarkObjects: 3.524900 ms  DeleteObjects: 0.303300 ms)

Prepare: number of updated asset objects reloaded= 0
AssetImportParameters requested are different than current active one (requested -> active):
  custom:container-demuxer-ogg: 62fdf1f143b41e24485cea50d1cbac27 -> 
  custom:framework-win-MediaFoundation: 216162199b28c13a410421893ffa2e32 -> 
  custom:container-muxer-webm: aa71ff27fc2769a1b78a27578f13a17b -> 
  custom:video-decoder-webm-vp8: 9c59270c3fd7afecdb556c50c9e8de78 -> 
  custom:SearchIndexIgnoredProperties: e643bd26f0fe6173181afceb89e7c659 -> 
  custom:AudioImporter_EditorPlatform: d09bf68614088b80899f8185d706f6e7 -> 
  custom:audio-decoder-ogg-vorbis: bf7c407c2cedff20999df2af8eb42d56 -> 
  custom:audio-encoder-webm-vorbis: bf7c407c2cedff20999df2af8eb42d56 -> 
  custom:video-decoder-ogg-theora: a1e56fd34408186e4bbccfd4996cb3dc -> 
  custom:CustomObjectIndexerAttribute: a3ef5dd2817f97addfee359851a9dba5 -> 
  custom:container-demuxer-webm: 4f35f7cbe854078d1ac9338744f61a02 -> 
  custom:video-encoder-webm-vp8: eb34c28f22e8b96e1ab97ce403110664 -> 
========================================================================
Received Prepare
Begin MonoManager ReloadAssembly
Symbol file LoadedFromMemory doesn't match image E:\GitHub\TESIS\Tesis Enchanted Skylands\Library\PackageCache\com.unity.visualscripting@1.8.0\Editor\VisualScripting.Core\Dependencies\YamlDotNet\Unity.VisualScripting.YamlDotNet.dll
Symbol file LoadedFromMemory doesn't match image E:\GitHub\TESIS\Tesis Enchanted Skylands\Library\PackageCache\com.unity.visualscripting@1.8.0\Editor\VisualScripting.Core\Dependencies\DotNetZip\Unity.VisualScripting.IonicZip.dll
- Loaded All Assemblies, in  0.779 seconds
Refreshing native plugins compatible for Editor in 3.20 ms, found 3 plugins.
Native extension for WindowsStandalone target not found
[Package Manager] Server::EnsureServerProcessIsRunning -- launch failed, reason: Unity was launched with the -noUpm command-line argument
[Package Manager] UpmClient::Send -- Unable to send message (not connected to UPM process).
[Package Manager] Cannot connect to Unity Package Manager local server
[Package Manager] Server::EnsureServerProcessIsRunning -- launch failed, reason: Unity was launched with the -noUpm command-line argument
[Package Manager] UpmClient::Send -- Unable to send message (not connected to UPM process).
[Package Manager] Cannot connect to Unity Package Manager local server
Mono: successfully reloaded assembly
- Finished resetting the current domain, in  1.735 seconds
Domain Reload Profiling: 2511ms
	BeginReloadAssembly (157ms)
		ExecutionOrderSort (0ms)
		DisableScriptedObjects (5ms)
		BackupInstance (0ms)
		ReleaseScriptingObjects (0ms)
		CreateAndSetChildDomain (38ms)
	RebuildCommonClasses (36ms)
	RebuildNativeTypeToScriptingClass (13ms)
	initialDomainReloadingComplete (37ms)
	LoadAllAssembliesAndSetupDomain (533ms)
		LoadAssemblies (285ms)
		RebuildTransferFunctionScriptingTraits (0ms)
		AnalyzeDomain (320ms)
			TypeCache.Refresh (306ms)
				TypeCache.ScanAssembly (294ms)
			ScanForSourceGeneratedMonoScriptInfo (0ms)
			ResolveRequiredComponents (14ms)
	FinalizeReload (1735ms)
		ReleaseScriptCaches (0ms)
		RebuildScriptCaches (0ms)
		SetupLoadedEditorAssemblies (748ms)
			LogAssemblyErrors (0ms)
			InitializePlatformSupportModulesInManaged (10ms)
			SetLoadedEditorAssemblies (5ms)
			RefreshPlugins (0ms)
			BeforeProcessingInitializeOnLoad (107ms)
			ProcessInitializeOnLoadAttributes (517ms)
			ProcessInitializeOnLoadMethodAttributes (94ms)
			AfterProcessingInitializeOnLoad (15ms)
			EditorAssembliesLoaded (0ms)
		ExecutionOrderSort2 (0ms)
		AwakeInstancesAfterBackupRestoration (27ms)
Refreshing native plugins compatible for Editor in 3.81 ms, found 3 plugins.
Preloading 0 native plugins for Editor in 0.00 ms.
Unloading 6459 Unused Serialized files (Serialized files now loaded: 0)
Unloading 45 unused Assets / (1.1 MB). Loaded Objects now: 7780.
Memory consumption went from 335.7 MB to 334.6 MB.
Total: 6.685200 ms (FindLiveObjects: 1.117700 ms CreateObjectMapping: 0.462200 ms MarkObjects: 4.842400 ms  DeleteObjects: 0.261300 ms)

Prepare: number of updated asset objects reloaded= 0
AssetImportParameters requested are different than current active one (requested -> active):
  custom:container-demuxer-ogg: 62fdf1f143b41e24485cea50d1cbac27 -> 
  custom:framework-win-MediaFoundation: 216162199b28c13a410421893ffa2e32 -> 
  custom:container-muxer-webm: aa71ff27fc2769a1b78a27578f13a17b -> 
  custom:video-decoder-webm-vp8: 9c59270c3fd7afecdb556c50c9e8de78 -> 
  custom:SearchIndexIgnoredProperties: e643bd26f0fe6173181afceb89e7c659 -> 
  custom:AudioImporter_EditorPlatform: d09bf68614088b80899f8185d706f6e7 -> 
  custom:audio-decoder-ogg-vorbis: bf7c407c2cedff20999df2af8eb42d56 -> 
  custom:audio-encoder-webm-vorbis: bf7c407c2cedff20999df2af8eb42d56 -> 
  custom:video-decoder-ogg-theora: a1e56fd34408186e4bbccfd4996cb3dc -> 
  custom:CustomObjectIndexerAttribute: a3ef5dd2817f97addfee359851a9dba5 -> 
  custom:container-demuxer-webm: 4f35f7cbe854078d1ac9338744f61a02 -> 
  custom:video-encoder-webm-vp8: eb34c28f22e8b96e1ab97ce403110664 -> 
========================================================================
Received Prepare
Begin MonoManager ReloadAssembly
Symbol file LoadedFromMemory doesn't match image E:\GitHub\TESIS\Tesis Enchanted Skylands\Library\PackageCache\com.unity.visualscripting@1.8.0\Editor\VisualScripting.Core\Dependencies\YamlDotNet\Unity.VisualScripting.YamlDotNet.dll
Symbol file LoadedFromMemory doesn't match image E:\GitHub\TESIS\Tesis Enchanted Skylands\Library\PackageCache\com.unity.visualscripting@1.8.0\Editor\VisualScripting.Core\Dependencies\DotNetZip\Unity.VisualScripting.IonicZip.dll
- Loaded All Assemblies, in  0.798 seconds
Refreshing native plugins compatible for Editor in 3.15 ms, found 3 plugins.
Native extension for WindowsStandalone target not found
[Package Manager] Server::EnsureServerProcessIsRunning -- launch failed, reason: Unity was launched with the -noUpm command-line argument
[Package Manager] UpmClient::Send -- Unable to send message (not connected to UPM process).
[Package Manager] Cannot connect to Unity Package Manager local server
[Package Manager] Server::EnsureServerProcessIsRunning -- launch failed, reason: Unity was launched with the -noUpm command-line argument
[Package Manager] UpmClient::Send -- Unable to send message (not connected to UPM process).
[Package Manager] Cannot connect to Unity Package Manager local server
Mono: successfully reloaded assembly
- Finished resetting the current domain, in  1.673 seconds
Domain Reload Profiling: 2468ms
	BeginReloadAssembly (155ms)
		ExecutionOrderSort (0ms)
		DisableScriptedObjects (5ms)
		BackupInstance (0ms)
		ReleaseScriptingObjects (0ms)
		CreateAndSetChildDomain (37ms)
	RebuildCommonClasses (36ms)
	RebuildNativeTypeToScriptingClass (13ms)
	initialDomainReloadingComplete (37ms)
	LoadAllAssembliesAndSetupDomain (553ms)
		LoadAssemblies (300ms)
		RebuildTransferFunctionScriptingTraits (0ms)
		AnalyzeDomain (323ms)
			TypeCache.Refresh (309ms)
				TypeCache.ScanAssembly (297ms)
			ScanForSourceGeneratedMonoScriptInfo (0ms)
			ResolveRequiredComponents (14ms)
	FinalizeReload (1674ms)
		ReleaseScriptCaches (0ms)
		RebuildScriptCaches (0ms)
		SetupLoadedEditorAssemblies (718ms)
			LogAssemblyErrors (0ms)
			InitializePlatformSupportModulesInManaged (9ms)
			SetLoadedEditorAssemblies (4ms)
			RefreshPlugins (0ms)
			BeforeProcessingInitializeOnLoad (102ms)
			ProcessInitializeOnLoadAttributes (497ms)
			ProcessInitializeOnLoadMethodAttributes (91ms)
			AfterProcessingInitializeOnLoad (14ms)
			EditorAssembliesLoaded (2ms)
		ExecutionOrderSort2 (0ms)
		AwakeInstancesAfterBackupRestoration (24ms)
Refreshing native plugins compatible for Editor in 3.08 ms, found 3 plugins.
Preloading 0 native plugins for Editor in 0.00 ms.
Unloading 6459 Unused Serialized files (Serialized files now loaded: 0)
Unloading 45 unused Assets / (1.1 MB). Loaded Objects now: 7796.
Memory consumption went from 335.7 MB to 334.6 MB.
Total: 5.227200 ms (FindLiveObjects: 0.921400 ms CreateObjectMapping: 0.413000 ms MarkObjects: 3.630700 ms  DeleteObjects: 0.260400 ms)

Prepare: number of updated asset objects reloaded= 0
AssetImportParameters requested are different than current active one (requested -> active):
  custom:container-demuxer-ogg: 62fdf1f143b41e24485cea50d1cbac27 -> 
  custom:framework-win-MediaFoundation: 216162199b28c13a410421893ffa2e32 -> 
  custom:container-muxer-webm: aa71ff27fc2769a1b78a27578f13a17b -> 
  custom:video-decoder-webm-vp8: 9c59270c3fd7afecdb556c50c9e8de78 -> 
  custom:SearchIndexIgnoredProperties: e643bd26f0fe6173181afceb89e7c659 -> 
  custom:AudioImporter_EditorPlatform: d09bf68614088b80899f8185d706f6e7 -> 
  custom:audio-decoder-ogg-vorbis: bf7c407c2cedff20999df2af8eb42d56 -> 
  custom:audio-encoder-webm-vorbis: bf7c407c2cedff20999df2af8eb42d56 -> 
  custom:video-decoder-ogg-theora: a1e56fd34408186e4bbccfd4996cb3dc -> 
  custom:CustomObjectIndexerAttribute: a3ef5dd2817f97addfee359851a9dba5 -> 
  custom:container-demuxer-webm: 4f35f7cbe854078d1ac9338744f61a02 -> 
  custom:video-encoder-webm-vp8: eb34c28f22e8b96e1ab97ce403110664 -> 
========================================================================
Received Prepare
Begin MonoManager ReloadAssembly
Symbol file LoadedFromMemory doesn't match image E:\GitHub\TESIS\Tesis Enchanted Skylands\Library\PackageCache\com.unity.visualscripting@1.8.0\Editor\VisualScripting.Core\Dependencies\YamlDotNet\Unity.VisualScripting.YamlDotNet.dll
Symbol file LoadedFromMemory doesn't match image E:\GitHub\TESIS\Tesis Enchanted Skylands\Library\PackageCache\com.unity.visualscripting@1.8.0\Editor\VisualScripting.Core\Dependencies\DotNetZip\Unity.VisualScripting.IonicZip.dll
- Loaded All Assemblies, in  0.919 seconds
Refreshing native plugins compatible for Editor in 3.42 ms, found 3 plugins.
Native extension for WindowsStandalone target not found
[Package Manager] Server::EnsureServerProcessIsRunning -- launch failed, reason: Unity was launched with the -noUpm command-line argument
[Package Manager] UpmClient::Send -- Unable to send message (not connected to UPM process).
[Package Manager] Cannot connect to Unity Package Manager local server
[Package Manager] Server::EnsureServerProcessIsRunning -- launch failed, reason: Unity was launched with the -noUpm command-line argument
[Package Manager] UpmClient::Send -- Unable to send message (not connected to UPM process).
[Package Manager] Cannot connect to Unity Package Manager local server
Mono: successfully reloaded assembly
- Finished resetting the current domain, in  1.539 seconds
Domain Reload Profiling: 2454ms
	BeginReloadAssembly (162ms)
		ExecutionOrderSort (0ms)
		DisableScriptedObjects (5ms)
		BackupInstance (0ms)
		ReleaseScriptingObjects (0ms)
		CreateAndSetChildDomain (37ms)
	RebuildCommonClasses (39ms)
	RebuildNativeTypeToScriptingClass (14ms)
	initialDomainReloadingComplete (40ms)
	LoadAllAssembliesAndSetupDomain (660ms)
		LoadAssemblies (308ms)
		RebuildTransferFunctionScriptingTraits (0ms)
		AnalyzeDomain (427ms)
			TypeCache.Refresh (402ms)
				TypeCache.ScanAssembly (386ms)
			ScanForSourceGeneratedMonoScriptInfo (11ms)
			ResolveRequiredComponents (14ms)
	FinalizeReload (1539ms)
		ReleaseScriptCaches (0ms)
		RebuildScriptCaches (0ms)
		SetupLoadedEditorAssemblies (623ms)
			LogAssemblyErrors (0ms)
			InitializePlatformSupportModulesInManaged (7ms)
			SetLoadedEditorAssemblies (3ms)
			RefreshPlugins (0ms)
			BeforeProcessingInitializeOnLoad (95ms)
			ProcessInitializeOnLoadAttributes (418ms)
			ProcessInitializeOnLoadMethodAttributes (86ms)
			AfterProcessingInitializeOnLoad (14ms)
			EditorAssembliesLoaded (0ms)
		ExecutionOrderSort2 (0ms)
		AwakeInstancesAfterBackupRestoration (19ms)
Refreshing native plugins compatible for Editor in 3.02 ms, found 3 plugins.
Preloading 0 native plugins for Editor in 0.00 ms.
Unloading 6459 Unused Serialized files (Serialized files now loaded: 0)
Unloading 45 unused Assets / (1.1 MB). Loaded Objects now: 7812.
Memory consumption went from 335.7 MB to 334.6 MB.
Total: 4.366700 ms (FindLiveObjects: 0.880600 ms CreateObjectMapping: 0.311800 ms MarkObjects: 2.950100 ms  DeleteObjects: 0.223300 ms)

Prepare: number of updated asset objects reloaded= 0
AssetImportParameters requested are different than current active one (requested -> active):
  custom:container-demuxer-ogg: 62fdf1f143b41e24485cea50d1cbac27 -> 
  custom:framework-win-MediaFoundation: 216162199b28c13a410421893ffa2e32 -> 
  custom:container-muxer-webm: aa71ff27fc2769a1b78a27578f13a17b -> 
  custom:video-decoder-webm-vp8: 9c59270c3fd7afecdb556c50c9e8de78 -> 
  custom:SearchIndexIgnoredProperties: e643bd26f0fe6173181afceb89e7c659 -> 
  custom:AudioImporter_EditorPlatform: d09bf68614088b80899f8185d706f6e7 -> 
  custom:audio-decoder-ogg-vorbis: bf7c407c2cedff20999df2af8eb42d56 -> 
  custom:audio-encoder-webm-vorbis: bf7c407c2cedff20999df2af8eb42d56 -> 
  custom:video-decoder-ogg-theora: a1e56fd34408186e4bbccfd4996cb3dc -> 
  custom:CustomObjectIndexerAttribute: a3ef5dd2817f97addfee359851a9dba5 -> 
  custom:container-demuxer-webm: 4f35f7cbe854078d1ac9338744f61a02 -> 
  custom:video-encoder-webm-vp8: eb34c28f22e8b96e1ab97ce403110664 -> 
========================================================================
Received Prepare
Begin MonoManager ReloadAssembly
Symbol file LoadedFromMemory doesn't match image E:\GitHub\TESIS\Tesis Enchanted Skylands\Library\PackageCache\com.unity.visualscripting@1.8.0\Editor\VisualScripting.Core\Dependencies\YamlDotNet\Unity.VisualScripting.YamlDotNet.dll
Symbol file LoadedFromMemory doesn't match image E:\GitHub\TESIS\Tesis Enchanted Skylands\Library\PackageCache\com.unity.visualscripting@1.8.0\Editor\VisualScripting.Core\Dependencies\DotNetZip\Unity.VisualScripting.IonicZip.dll
- Loaded All Assemblies, in  0.905 seconds
Refreshing native plugins compatible for Editor in 4.43 ms, found 3 plugins.
Native extension for WindowsStandalone target not found
[Package Manager] Server::EnsureServerProcessIsRunning -- launch failed, reason: Unity was launched with the -noUpm command-line argument
[Package Manager] UpmClient::Send -- Unable to send message (not connected to UPM process).
[Package Manager] Cannot connect to Unity Package Manager local server
[Package Manager] Server::EnsureServerProcessIsRunning -- launch failed, reason: Unity was launched with the -noUpm command-line argument
[Package Manager] UpmClient::Send -- Unable to send message (not connected to UPM process).
[Package Manager] Cannot connect to Unity Package Manager local server
Mono: successfully reloaded assembly
- Finished resetting the current domain, in  1.490 seconds
Domain Reload Profiling: 2393ms
	BeginReloadAssembly (160ms)
		ExecutionOrderSort (0ms)
		DisableScriptedObjects (5ms)
		BackupInstance (0ms)
		ReleaseScriptingObjects (0ms)
		CreateAndSetChildDomain (36ms)
	RebuildCommonClasses (37ms)
	RebuildNativeTypeToScriptingClass (13ms)
	initialDomainReloadingComplete (37ms)
	LoadAllAssembliesAndSetupDomain (654ms)
		LoadAssemblies (301ms)
		RebuildTransferFunctionScriptingTraits (0ms)
		AnalyzeDomain (425ms)
			TypeCache.Refresh (403ms)
				TypeCache.ScanAssembly (388ms)
			ScanForSourceGeneratedMonoScriptInfo (8ms)
			ResolveRequiredComponents (14ms)
	FinalizeReload (1491ms)
		ReleaseScriptCaches (0ms)
		RebuildScriptCaches (0ms)
		SetupLoadedEditorAssemblies (594ms)
			LogAssemblyErrors (0ms)
			InitializePlatformSupportModulesInManaged (7ms)
			SetLoadedEditorAssemblies (5ms)
			RefreshPlugins (0ms)
			BeforeProcessingInitializeOnLoad (84ms)
			ProcessInitializeOnLoadAttributes (409ms)
			ProcessInitializeOnLoadMethodAttributes (78ms)
			AfterProcessingInitializeOnLoad (11ms)
			EditorAssembliesLoaded (0ms)
		ExecutionOrderSort2 (0ms)
		AwakeInstancesAfterBackupRestoration (22ms)
Refreshing native plugins compatible for Editor in 3.66 ms, found 3 plugins.
Preloading 0 native plugins for Editor in 0.00 ms.
Unloading 6459 Unused Serialized files (Serialized files now loaded: 0)
Unloading 45 unused Assets / (1.1 MB). Loaded Objects now: 7828.
Memory consumption went from 335.7 MB to 334.6 MB.
Total: 4.515900 ms (FindLiveObjects: 0.844400 ms CreateObjectMapping: 0.309600 ms MarkObjects: 3.143500 ms  DeleteObjects: 0.216900 ms)

Prepare: number of updated asset objects reloaded= 0
AssetImportParameters requested are different than current active one (requested -> active):
  custom:container-demuxer-ogg: 62fdf1f143b41e24485cea50d1cbac27 -> 
  custom:framework-win-MediaFoundation: 216162199b28c13a410421893ffa2e32 -> 
  custom:container-muxer-webm: aa71ff27fc2769a1b78a27578f13a17b -> 
  custom:video-decoder-webm-vp8: 9c59270c3fd7afecdb556c50c9e8de78 -> 
  custom:SearchIndexIgnoredProperties: e643bd26f0fe6173181afceb89e7c659 -> 
  custom:AudioImporter_EditorPlatform: d09bf68614088b80899f8185d706f6e7 -> 
  custom:audio-decoder-ogg-vorbis: bf7c407c2cedff20999df2af8eb42d56 -> 
  custom:audio-encoder-webm-vorbis: bf7c407c2cedff20999df2af8eb42d56 -> 
  custom:video-decoder-ogg-theora: a1e56fd34408186e4bbccfd4996cb3dc -> 
  custom:CustomObjectIndexerAttribute: a3ef5dd2817f97addfee359851a9dba5 -> 
  custom:container-demuxer-webm: 4f35f7cbe854078d1ac9338744f61a02 -> 
  custom:video-encoder-webm-vp8: eb34c28f22e8b96e1ab97ce403110664 -> 
========================================================================
Received Prepare
Begin MonoManager ReloadAssembly
Symbol file LoadedFromMemory doesn't match image E:\GitHub\TESIS\Tesis Enchanted Skylands\Library\PackageCache\com.unity.visualscripting@1.8.0\Editor\VisualScripting.Core\Dependencies\YamlDotNet\Unity.VisualScripting.YamlDotNet.dll
Symbol file LoadedFromMemory doesn't match image E:\GitHub\TESIS\Tesis Enchanted Skylands\Library\PackageCache\com.unity.visualscripting@1.8.0\Editor\VisualScripting.Core\Dependencies\DotNetZip\Unity.VisualScripting.IonicZip.dll
- Loaded All Assemblies, in  0.895 seconds
Refreshing native plugins compatible for Editor in 3.10 ms, found 3 plugins.
Native extension for WindowsStandalone target not found
[Package Manager] Server::EnsureServerProcessIsRunning -- launch failed, reason: Unity was launched with the -noUpm command-line argument
[Package Manager] UpmClient::Send -- Unable to send message (not connected to UPM process).
[Package Manager] Cannot connect to Unity Package Manager local server
[Package Manager] Server::EnsureServerProcessIsRunning -- launch failed, reason: Unity was launched with the -noUpm command-line argument
[Package Manager] UpmClient::Send -- Unable to send message (not connected to UPM process).
[Package Manager] Cannot connect to Unity Package Manager local server
Mono: successfully reloaded assembly
- Finished resetting the current domain, in  1.493 seconds
Domain Reload Profiling: 2386ms
	BeginReloadAssembly (168ms)
		ExecutionOrderSort (0ms)
		DisableScriptedObjects (5ms)
		BackupInstance (0ms)
		ReleaseScriptingObjects (0ms)
		CreateAndSetChildDomain (46ms)
	RebuildCommonClasses (35ms)
	RebuildNativeTypeToScriptingClass (13ms)
	initialDomainReloadingComplete (39ms)
	LoadAllAssembliesAndSetupDomain (635ms)
		LoadAssemblies (292ms)
		RebuildTransferFunctionScriptingTraits (0ms)
		AnalyzeDomain (413ms)
			TypeCache.Refresh (389ms)
				TypeCache.ScanAssembly (375ms)
			ScanForSourceGeneratedMonoScriptInfo (9ms)
			ResolveRequiredComponents (15ms)
	FinalizeReload (1495ms)
		ReleaseScriptCaches (0ms)
		RebuildScriptCaches (0ms)
		SetupLoadedEditorAssemblies (601ms)
			LogAssemblyErrors (0ms)
			InitializePlatformSupportModulesInManaged (10ms)
			SetLoadedEditorAssemblies (3ms)
			RefreshPlugins (0ms)
			BeforeProcessingInitializeOnLoad (85ms)
			ProcessInitializeOnLoadAttributes (414ms)
			ProcessInitializeOnLoadMethodAttributes (75ms)
			AfterProcessingInitializeOnLoad (13ms)
			EditorAssembliesLoaded (0ms)
		ExecutionOrderSort2 (0ms)
		AwakeInstancesAfterBackupRestoration (25ms)
Refreshing native plugins compatible for Editor in 3.08 ms, found 3 plugins.
Preloading 0 native plugins for Editor in 0.00 ms.
Unloading 6459 Unused Serialized files (Serialized files now loaded: 0)
Unloading 45 unused Assets / (1.1 MB). Loaded Objects now: 7844.
Memory consumption went from 335.7 MB to 334.6 MB.
Total: 4.128300 ms (FindLiveObjects: 0.834900 ms CreateObjectMapping: 0.260400 ms MarkObjects: 2.840800 ms  DeleteObjects: 0.191000 ms)

Prepare: number of updated asset objects reloaded= 0
AssetImportParameters requested are different than current active one (requested -> active):
  custom:container-demuxer-ogg: 62fdf1f143b41e24485cea50d1cbac27 -> 
  custom:framework-win-MediaFoundation: 216162199b28c13a410421893ffa2e32 -> 
  custom:container-muxer-webm: aa71ff27fc2769a1b78a27578f13a17b -> 
  custom:video-decoder-webm-vp8: 9c59270c3fd7afecdb556c50c9e8de78 -> 
  custom:SearchIndexIgnoredProperties: e643bd26f0fe6173181afceb89e7c659 -> 
  custom:AudioImporter_EditorPlatform: d09bf68614088b80899f8185d706f6e7 -> 
  custom:audio-decoder-ogg-vorbis: bf7c407c2cedff20999df2af8eb42d56 -> 
  custom:audio-encoder-webm-vorbis: bf7c407c2cedff20999df2af8eb42d56 -> 
  custom:video-decoder-ogg-theora: a1e56fd34408186e4bbccfd4996cb3dc -> 
  custom:CustomObjectIndexerAttribute: a3ef5dd2817f97addfee359851a9dba5 -> 
  custom:container-demuxer-webm: 4f35f7cbe854078d1ac9338744f61a02 -> 
  custom:video-encoder-webm-vp8: eb34c28f22e8b96e1ab97ce403110664 -> 
========================================================================
Received Prepare
Begin MonoManager ReloadAssembly
Symbol file LoadedFromMemory doesn't match image E:\GitHub\TESIS\Tesis Enchanted Skylands\Library\PackageCache\com.unity.visualscripting@1.8.0\Editor\VisualScripting.Core\Dependencies\YamlDotNet\Unity.VisualScripting.YamlDotNet.dll
Symbol file LoadedFromMemory doesn't match image E:\GitHub\TESIS\Tesis Enchanted Skylands\Library\PackageCache\com.unity.visualscripting@1.8.0\Editor\VisualScripting.Core\Dependencies\DotNetZip\Unity.VisualScripting.IonicZip.dll
- Loaded All Assemblies, in  0.762 seconds
Refreshing native plugins compatible for Editor in 3.15 ms, found 3 plugins.
Native extension for WindowsStandalone target not found
[Package Manager] Server::EnsureServerProcessIsRunning -- launch failed, reason: Unity was launched with the -noUpm command-line argument
[Package Manager] UpmClient::Send -- Unable to send message (not connected to UPM process).
[Package Manager] Cannot connect to Unity Package Manager local server
[Package Manager] Server::EnsureServerProcessIsRunning -- launch failed, reason: Unity was launched with the -noUpm command-line argument
[Package Manager] UpmClient::Send -- Unable to send message (not connected to UPM process).
[Package Manager] Cannot connect to Unity Package Manager local server
Mono: successfully reloaded assembly
- Finished resetting the current domain, in  1.687 seconds
Domain Reload Profiling: 2445ms
	BeginReloadAssembly (153ms)
		ExecutionOrderSort (0ms)
		DisableScriptedObjects (5ms)
		BackupInstance (0ms)
		ReleaseScriptingObjects (0ms)
		CreateAndSetChildDomain (36ms)
	RebuildCommonClasses (36ms)
	RebuildNativeTypeToScriptingClass (13ms)
	initialDomainReloadingComplete (36ms)
	LoadAllAssembliesAndSetupDomain (521ms)
		LoadAssemblies (270ms)
		RebuildTransferFunctionScriptingTraits (0ms)
		AnalyzeDomain (320ms)
			TypeCache.Refresh (306ms)
				TypeCache.ScanAssembly (295ms)
			ScanForSourceGeneratedMonoScriptInfo (0ms)
			ResolveRequiredComponents (14ms)
	FinalizeReload (1687ms)
		ReleaseScriptCaches (0ms)
		RebuildScriptCaches (0ms)
		SetupLoadedEditorAssemblies (760ms)
			LogAssemblyErrors (0ms)
			InitializePlatformSupportModulesInManaged (11ms)
			SetLoadedEditorAssemblies (5ms)
			RefreshPlugins (0ms)
			BeforeProcessingInitializeOnLoad (107ms)
			ProcessInitializeOnLoadAttributes (525ms)
			ProcessInitializeOnLoadMethodAttributes (96ms)
			AfterProcessingInitializeOnLoad (15ms)
			EditorAssembliesLoaded (0ms)
		ExecutionOrderSort2 (0ms)
		AwakeInstancesAfterBackupRestoration (27ms)
Refreshing native plugins compatible for Editor in 4.59 ms, found 3 plugins.
Preloading 0 native plugins for Editor in 0.00 ms.
Unloading 6459 Unused Serialized files (Serialized files now loaded: 0)
Unloading 45 unused Assets / (1.1 MB). Loaded Objects now: 7860.
Memory consumption went from 335.7 MB to 334.6 MB.
Total: 5.875100 ms (FindLiveObjects: 0.967400 ms CreateObjectMapping: 0.331500 ms MarkObjects: 4.387500 ms  DeleteObjects: 0.187700 ms)

Prepare: number of updated asset objects reloaded= 0
AssetImportParameters requested are different than current active one (requested -> active):
  custom:container-demuxer-ogg: 62fdf1f143b41e24485cea50d1cbac27 -> 
  custom:framework-win-MediaFoundation: 216162199b28c13a410421893ffa2e32 -> 
  custom:container-muxer-webm: aa71ff27fc2769a1b78a27578f13a17b -> 
  custom:video-decoder-webm-vp8: 9c59270c3fd7afecdb556c50c9e8de78 -> 
  custom:SearchIndexIgnoredProperties: e643bd26f0fe6173181afceb89e7c659 -> 
  custom:AudioImporter_EditorPlatform: d09bf68614088b80899f8185d706f6e7 -> 
  custom:audio-decoder-ogg-vorbis: bf7c407c2cedff20999df2af8eb42d56 -> 
  custom:audio-encoder-webm-vorbis: bf7c407c2cedff20999df2af8eb42d56 -> 
  custom:video-decoder-ogg-theora: a1e56fd34408186e4bbccfd4996cb3dc -> 
  custom:CustomObjectIndexerAttribute: a3ef5dd2817f97addfee359851a9dba5 -> 
  custom:container-demuxer-webm: 4f35f7cbe854078d1ac9338744f61a02 -> 
  custom:video-encoder-webm-vp8: eb34c28f22e8b96e1ab97ce403110664 -> 
========================================================================
Received Prepare
Begin MonoManager ReloadAssembly
Symbol file LoadedFromMemory doesn't match image E:\GitHub\TESIS\Tesis Enchanted Skylands\Library\PackageCache\com.unity.visualscripting@1.8.0\Editor\VisualScripting.Core\Dependencies\YamlDotNet\Unity.VisualScripting.YamlDotNet.dll
Symbol file LoadedFromMemory doesn't match image E:\GitHub\TESIS\Tesis Enchanted Skylands\Library\PackageCache\com.unity.visualscripting@1.8.0\Editor\VisualScripting.Core\Dependencies\DotNetZip\Unity.VisualScripting.IonicZip.dll
- Loaded All Assemblies, in  0.859 seconds
Refreshing native plugins compatible for Editor in 4.86 ms, found 3 plugins.
Native extension for WindowsStandalone target not found
[Package Manager] Server::EnsureServerProcessIsRunning -- launch failed, reason: Unity was launched with the -noUpm command-line argument
[Package Manager] UpmClient::Send -- Unable to send message (not connected to UPM process).
[Package Manager] Cannot connect to Unity Package Manager local server
[Package Manager] Server::EnsureServerProcessIsRunning -- launch failed, reason: Unity was launched with the -noUpm command-line argument
[Package Manager] UpmClient::Send -- Unable to send message (not connected to UPM process).
[Package Manager] Cannot connect to Unity Package Manager local server
Mono: successfully reloaded assembly
- Finished resetting the current domain, in  1.683 seconds
Domain Reload Profiling: 2539ms
	BeginReloadAssembly (167ms)
		ExecutionOrderSort (0ms)
		DisableScriptedObjects (5ms)
		BackupInstance (0ms)
		ReleaseScriptingObjects (0ms)
		CreateAndSetChildDomain (46ms)
	RebuildCommonClasses (37ms)
	RebuildNativeTypeToScriptingClass (14ms)
	initialDomainReloadingComplete (38ms)
	LoadAllAssembliesAndSetupDomain (599ms)
		LoadAssemblies (279ms)
		RebuildTransferFunctionScriptingTraits (0ms)
		AnalyzeDomain (393ms)
			TypeCache.Refresh (363ms)
				TypeCache.ScanAssembly (349ms)
			ScanForSourceGeneratedMonoScriptInfo (11ms)
			ResolveRequiredComponents (19ms)
	FinalizeReload (1684ms)
		ReleaseScriptCaches (0ms)
		RebuildScriptCaches (0ms)
		SetupLoadedEditorAssemblies (625ms)
			LogAssemblyErrors (0ms)
			InitializePlatformSupportModulesInManaged (7ms)
			SetLoadedEditorAssemblies (3ms)
			RefreshPlugins (0ms)
			BeforeProcessingInitializeOnLoad (80ms)
			ProcessInitializeOnLoadAttributes (427ms)
			ProcessInitializeOnLoadMethodAttributes (93ms)
			AfterProcessingInitializeOnLoad (14ms)
			EditorAssembliesLoaded (0ms)
		ExecutionOrderSort2 (0ms)
		AwakeInstancesAfterBackupRestoration (25ms)
Refreshing native plugins compatible for Editor in 3.41 ms, found 3 plugins.
Preloading 0 native plugins for Editor in 0.00 ms.
Unloading 6459 Unused Serialized files (Serialized files now loaded: 0)
Unloading 45 unused Assets / (1.1 MB). Loaded Objects now: 7876.
Memory consumption went from 335.8 MB to 334.6 MB.
Total: 4.377800 ms (FindLiveObjects: 0.871100 ms CreateObjectMapping: 0.289300 ms MarkObjects: 3.021400 ms  DeleteObjects: 0.194800 ms)

Prepare: number of updated asset objects reloaded= 0
AssetImportParameters requested are different than current active one (requested -> active):
  custom:container-demuxer-ogg: 62fdf1f143b41e24485cea50d1cbac27 -> 
  custom:framework-win-MediaFoundation: 216162199b28c13a410421893ffa2e32 -> 
  custom:container-muxer-webm: aa71ff27fc2769a1b78a27578f13a17b -> 
  custom:video-decoder-webm-vp8: 9c59270c3fd7afecdb556c50c9e8de78 -> 
  custom:SearchIndexIgnoredProperties: e643bd26f0fe6173181afceb89e7c659 -> 
  custom:AudioImporter_EditorPlatform: d09bf68614088b80899f8185d706f6e7 -> 
  custom:audio-decoder-ogg-vorbis: bf7c407c2cedff20999df2af8eb42d56 -> 
  custom:audio-encoder-webm-vorbis: bf7c407c2cedff20999df2af8eb42d56 -> 
  custom:video-decoder-ogg-theora: a1e56fd34408186e4bbccfd4996cb3dc -> 
  custom:CustomObjectIndexerAttribute: a3ef5dd2817f97addfee359851a9dba5 -> 
  custom:container-demuxer-webm: 4f35f7cbe854078d1ac9338744f61a02 -> 
  custom:video-encoder-webm-vp8: eb34c28f22e8b96e1ab97ce403110664 -> 
========================================================================
Received Prepare
Begin MonoManager ReloadAssembly
Symbol file LoadedFromMemory doesn't match image E:\GitHub\TESIS\Tesis Enchanted Skylands\Library\PackageCache\com.unity.visualscripting@1.8.0\Editor\VisualScripting.Core\Dependencies\YamlDotNet\Unity.VisualScripting.YamlDotNet.dll
Symbol file LoadedFromMemory doesn't match image E:\GitHub\TESIS\Tesis Enchanted Skylands\Library\PackageCache\com.unity.visualscripting@1.8.0\Editor\VisualScripting.Core\Dependencies\DotNetZip\Unity.VisualScripting.IonicZip.dll
- Loaded All Assemblies, in  0.788 seconds
Refreshing native plugins compatible for Editor in 3.27 ms, found 3 plugins.
Native extension for WindowsStandalone target not found
[Package Manager] Server::EnsureServerProcessIsRunning -- launch failed, reason: Unity was launched with the -noUpm command-line argument
[Package Manager] UpmClient::Send -- Unable to send message (not connected to UPM process).
[Package Manager] Cannot connect to Unity Package Manager local server
[Package Manager] Server::EnsureServerProcessIsRunning -- launch failed, reason: Unity was launched with the -noUpm command-line argument
[Package Manager] UpmClient::Send -- Unable to send message (not connected to UPM process).
[Package Manager] Cannot connect to Unity Package Manager local server
Mono: successfully reloaded assembly
- Finished resetting the current domain, in  1.662 seconds
Domain Reload Profiling: 2446ms
	BeginReloadAssembly (156ms)
		ExecutionOrderSort (0ms)
		DisableScriptedObjects (5ms)
		BackupInstance (0ms)
		ReleaseScriptingObjects (0ms)
		CreateAndSetChildDomain (36ms)
	RebuildCommonClasses (36ms)
	RebuildNativeTypeToScriptingClass (13ms)
	initialDomainReloadingComplete (37ms)
	LoadAllAssembliesAndSetupDomain (543ms)
		LoadAssemblies (292ms)
		RebuildTransferFunctionScriptingTraits (0ms)
		AnalyzeDomain (325ms)
			TypeCache.Refresh (311ms)
				TypeCache.ScanAssembly (299ms)
			ScanForSourceGeneratedMonoScriptInfo (0ms)
			ResolveRequiredComponents (14ms)
	FinalizeReload (1662ms)
		ReleaseScriptCaches (0ms)
		RebuildScriptCaches (0ms)
		SetupLoadedEditorAssemblies (708ms)
			LogAssemblyErrors (0ms)
			InitializePlatformSupportModulesInManaged (10ms)
			SetLoadedEditorAssemblies (3ms)
			RefreshPlugins (0ms)
			BeforeProcessingInitializeOnLoad (105ms)
			ProcessInitializeOnLoadAttributes (487ms)
			ProcessInitializeOnLoadMethodAttributes (88ms)
			AfterProcessingInitializeOnLoad (14ms)
			EditorAssembliesLoaded (0ms)
		ExecutionOrderSort2 (0ms)
		AwakeInstancesAfterBackupRestoration (26ms)
Refreshing native plugins compatible for Editor in 3.53 ms, found 3 plugins.
Preloading 0 native plugins for Editor in 0.00 ms.
Unloading 6459 Unused Serialized files (Serialized files now loaded: 0)
Unloading 45 unused Assets / (1.1 MB). Loaded Objects now: 7892.
Memory consumption went from 335.8 MB to 334.6 MB.
Total: 5.429800 ms (FindLiveObjects: 0.988900 ms CreateObjectMapping: 0.406200 ms MarkObjects: 3.812800 ms  DeleteObjects: 0.220100 ms)

Prepare: number of updated asset objects reloaded= 0
AssetImportParameters requested are different than current active one (requested -> active):
  custom:container-demuxer-ogg: 62fdf1f143b41e24485cea50d1cbac27 -> 
  custom:framework-win-MediaFoundation: 216162199b28c13a410421893ffa2e32 -> 
  custom:container-muxer-webm: aa71ff27fc2769a1b78a27578f13a17b -> 
  custom:video-decoder-webm-vp8: 9c59270c3fd7afecdb556c50c9e8de78 -> 
  custom:SearchIndexIgnoredProperties: e643bd26f0fe6173181afceb89e7c659 -> 
  custom:AudioImporter_EditorPlatform: d09bf68614088b80899f8185d706f6e7 -> 
  custom:audio-decoder-ogg-vorbis: bf7c407c2cedff20999df2af8eb42d56 -> 
  custom:audio-encoder-webm-vorbis: bf7c407c2cedff20999df2af8eb42d56 -> 
  custom:video-decoder-ogg-theora: a1e56fd34408186e4bbccfd4996cb3dc -> 
  custom:CustomObjectIndexerAttribute: a3ef5dd2817f97addfee359851a9dba5 -> 
  custom:container-demuxer-webm: 4f35f7cbe854078d1ac9338744f61a02 -> 
  custom:video-encoder-webm-vp8: eb34c28f22e8b96e1ab97ce403110664 -> 
========================================================================
Received Prepare
Begin MonoManager ReloadAssembly
Symbol file LoadedFromMemory doesn't match image E:\GitHub\TESIS\Tesis Enchanted Skylands\Library\PackageCache\com.unity.visualscripting@1.8.0\Editor\VisualScripting.Core\Dependencies\YamlDotNet\Unity.VisualScripting.YamlDotNet.dll
Symbol file LoadedFromMemory doesn't match image E:\GitHub\TESIS\Tesis Enchanted Skylands\Library\PackageCache\com.unity.visualscripting@1.8.0\Editor\VisualScripting.Core\Dependencies\DotNetZip\Unity.VisualScripting.IonicZip.dll
- Loaded All Assemblies, in  0.772 seconds
Refreshing native plugins compatible for Editor in 3.16 ms, found 3 plugins.
Native extension for WindowsStandalone target not found
[Package Manager] Server::EnsureServerProcessIsRunning -- launch failed, reason: Unity was launched with the -noUpm command-line argument
[Package Manager] UpmClient::Send -- Unable to send message (not connected to UPM process).
[Package Manager] Cannot connect to Unity Package Manager local server
[Package Manager] Server::EnsureServerProcessIsRunning -- launch failed, reason: Unity was launched with the -noUpm command-line argument
[Package Manager] UpmClient::Send -- Unable to send message (not connected to UPM process).
[Package Manager] Cannot connect to Unity Package Manager local server
Mono: successfully reloaded assembly
- Finished resetting the current domain, in  1.723 seconds
Domain Reload Profiling: 2492ms
	BeginReloadAssembly (154ms)
		ExecutionOrderSort (0ms)
		DisableScriptedObjects (5ms)
		BackupInstance (0ms)
		ReleaseScriptingObjects (0ms)
		CreateAndSetChildDomain (36ms)
	RebuildCommonClasses (35ms)
	RebuildNativeTypeToScriptingClass (13ms)
	initialDomainReloadingComplete (37ms)
	LoadAllAssembliesAndSetupDomain (529ms)
		LoadAssemblies (274ms)
		RebuildTransferFunctionScriptingTraits (0ms)
		AnalyzeDomain (326ms)
			TypeCache.Refresh (311ms)
				TypeCache.ScanAssembly (300ms)
			ScanForSourceGeneratedMonoScriptInfo (0ms)
			ResolveRequiredComponents (14ms)
	FinalizeReload (1724ms)
		ReleaseScriptCaches (0ms)
		RebuildScriptCaches (0ms)
		SetupLoadedEditorAssemblies (725ms)
			LogAssemblyErrors (0ms)
			InitializePlatformSupportModulesInManaged (10ms)
			SetLoadedEditorAssemblies (4ms)
			RefreshPlugins (0ms)
			BeforeProcessingInitializeOnLoad (101ms)
			ProcessInitializeOnLoadAttributes (505ms)
			ProcessInitializeOnLoadMethodAttributes (91ms)
			AfterProcessingInitializeOnLoad (14ms)
			EditorAssembliesLoaded (0ms)
		ExecutionOrderSort2 (0ms)
		AwakeInstancesAfterBackupRestoration (28ms)
Refreshing native plugins compatible for Editor in 3.89 ms, found 3 plugins.
Preloading 0 native plugins for Editor in 0.00 ms.
Unloading 6459 Unused Serialized files (Serialized files now loaded: 0)
Unloading 45 unused Assets / (1.1 MB). Loaded Objects now: 7908.
Memory consumption went from 335.8 MB to 334.7 MB.
Total: 6.482300 ms (FindLiveObjects: 1.023400 ms CreateObjectMapping: 0.439700 ms MarkObjects: 4.756100 ms  DeleteObjects: 0.261800 ms)

Prepare: number of updated asset objects reloaded= 0
AssetImportParameters requested are different than current active one (requested -> active):
  custom:container-demuxer-ogg: 62fdf1f143b41e24485cea50d1cbac27 -> 
  custom:framework-win-MediaFoundation: 216162199b28c13a410421893ffa2e32 -> 
  custom:container-muxer-webm: aa71ff27fc2769a1b78a27578f13a17b -> 
  custom:video-decoder-webm-vp8: 9c59270c3fd7afecdb556c50c9e8de78 -> 
  custom:SearchIndexIgnoredProperties: e643bd26f0fe6173181afceb89e7c659 -> 
  custom:AudioImporter_EditorPlatform: d09bf68614088b80899f8185d706f6e7 -> 
  custom:audio-decoder-ogg-vorbis: bf7c407c2cedff20999df2af8eb42d56 -> 
  custom:audio-encoder-webm-vorbis: bf7c407c2cedff20999df2af8eb42d56 -> 
  custom:video-decoder-ogg-theora: a1e56fd34408186e4bbccfd4996cb3dc -> 
  custom:CustomObjectIndexerAttribute: a3ef5dd2817f97addfee359851a9dba5 -> 
  custom:container-demuxer-webm: 4f35f7cbe854078d1ac9338744f61a02 -> 
  custom:video-encoder-webm-vp8: eb34c28f22e8b96e1ab97ce403110664 -> 
========================================================================
Received Import Request.
  Time since last request: 990.056977 seconds.
  path: Assets/Prefabs/Pillars/Crystals/CrystalFloat 1.prefab
  artifactKey: Guid(8ef5d5226ce4fe7468e5d8f9183e972a) Importer(815301076,1909f56bfc062723c751e8b465ee728b)
Start importing Assets/Prefabs/Pillars/Crystals/CrystalFloat 1.prefab using Guid(8ef5d5226ce4fe7468e5d8f9183e972a) Importer(815301076,1909f56bfc062723c751e8b465ee728b)  -> (artifact id: 'bf0cf31e74b1323dced4c39951de99f7') in 0.029079 seconds
Number of updated asset objects reloaded before import = 0
Number of asset objects unloaded after import = 8
========================================================================
Received Import Request.
  Time since last request: 0.000017 seconds.
  path: Assets/Prefabs/Pillars/Crystals/CrystalFloat 4.prefab
  artifactKey: Guid(dd19697312c036c44956780e0693a1be) Importer(815301076,1909f56bfc062723c751e8b465ee728b)
Start importing Assets/Prefabs/Pillars/Crystals/CrystalFloat 4.prefab using Guid(dd19697312c036c44956780e0693a1be) Importer(815301076,1909f56bfc062723c751e8b465ee728b)  -> (artifact id: '81c3a36e17c0053a0a60d126ea1d0301') in 0.001721 seconds
Number of updated asset objects reloaded before import = 0
Number of asset objects unloaded after import = 8
========================================================================
Received Import Request.
  Time since last request: 0.000562 seconds.
  path: Assets/Prefabs/Pillars/Crystals/CrystalFloat 3.prefab
  artifactKey: Guid(c7e3673cb8d66ae4baec4f2f8dd0b06c) Importer(815301076,1909f56bfc062723c751e8b465ee728b)
Start importing Assets/Prefabs/Pillars/Crystals/CrystalFloat 3.prefab using Guid(c7e3673cb8d66ae4baec4f2f8dd0b06c) Importer(815301076,1909f56bfc062723c751e8b465ee728b)  -> (artifact id: '9a28134e507f996a6b9a7c877a47746e') in 0.001583 seconds
Number of updated asset objects reloaded before import = 0
Number of asset objects unloaded after import = 8
========================================================================
Received Prepare
Begin MonoManager ReloadAssembly
Symbol file LoadedFromMemory doesn't match image E:\GitHub\TESIS\Tesis Enchanted Skylands\Library\PackageCache\com.unity.visualscripting@1.8.0\Editor\VisualScripting.Core\Dependencies\YamlDotNet\Unity.VisualScripting.YamlDotNet.dll
Symbol file LoadedFromMemory doesn't match image E:\GitHub\TESIS\Tesis Enchanted Skylands\Library\PackageCache\com.unity.visualscripting@1.8.0\Editor\VisualScripting.Core\Dependencies\DotNetZip\Unity.VisualScripting.IonicZip.dll
- Loaded All Assemblies, in  0.789 seconds
Refreshing native plugins compatible for Editor in 3.21 ms, found 3 plugins.
Native extension for WindowsStandalone target not found
[Package Manager] Server::EnsureServerProcessIsRunning -- launch failed, reason: Unity was launched with the -noUpm command-line argument
[Package Manager] UpmClient::Send -- Unable to send message (not connected to UPM process).
[Package Manager] Cannot connect to Unity Package Manager local server
[Package Manager] Server::EnsureServerProcessIsRunning -- launch failed, reason: Unity was launched with the -noUpm command-line argument
[Package Manager] UpmClient::Send -- Unable to send message (not connected to UPM process).
[Package Manager] Cannot connect to Unity Package Manager local server
Mono: successfully reloaded assembly
- Finished resetting the current domain, in  1.648 seconds
Domain Reload Profiling: 2433ms
	BeginReloadAssembly (157ms)
		ExecutionOrderSort (0ms)
		DisableScriptedObjects (5ms)
		BackupInstance (0ms)
		ReleaseScriptingObjects (0ms)
		CreateAndSetChildDomain (37ms)
	RebuildCommonClasses (36ms)
	RebuildNativeTypeToScriptingClass (14ms)
	initialDomainReloadingComplete (38ms)
	LoadAllAssembliesAndSetupDomain (541ms)
		LoadAssemblies (290ms)
		RebuildTransferFunctionScriptingTraits (0ms)
		AnalyzeDomain (322ms)
			TypeCache.Refresh (308ms)
				TypeCache.ScanAssembly (296ms)
			ScanForSourceGeneratedMonoScriptInfo (0ms)
			ResolveRequiredComponents (14ms)
	FinalizeReload (1648ms)
		ReleaseScriptCaches (0ms)
		RebuildScriptCaches (0ms)
		SetupLoadedEditorAssemblies (697ms)
			LogAssemblyErrors (0ms)
			InitializePlatformSupportModulesInManaged (9ms)
			SetLoadedEditorAssemblies (5ms)
			RefreshPlugins (0ms)
			BeforeProcessingInitializeOnLoad (93ms)
			ProcessInitializeOnLoadAttributes (487ms)
			ProcessInitializeOnLoadMethodAttributes (89ms)
			AfterProcessingInitializeOnLoad (14ms)
			EditorAssembliesLoaded (0ms)
		ExecutionOrderSort2 (0ms)
		AwakeInstancesAfterBackupRestoration (25ms)
Refreshing native plugins compatible for Editor in 4.47 ms, found 3 plugins.
Preloading 0 native plugins for Editor in 0.00 ms.
Unloading 6459 Unused Serialized files (Serialized files now loaded: 0)
Unloading 45 unused Assets / (1.1 MB). Loaded Objects now: 7924.
Memory consumption went from 335.8 MB to 334.7 MB.
Total: 4.662400 ms (FindLiveObjects: 0.866900 ms CreateObjectMapping: 0.342300 ms MarkObjects: 3.196400 ms  DeleteObjects: 0.255400 ms)

Prepare: number of updated asset objects reloaded= 0
AssetImportParameters requested are different than current active one (requested -> active):
  custom:container-demuxer-ogg: 62fdf1f143b41e24485cea50d1cbac27 -> 
  custom:framework-win-MediaFoundation: 216162199b28c13a410421893ffa2e32 -> 
  custom:container-muxer-webm: aa71ff27fc2769a1b78a27578f13a17b -> 
  custom:video-decoder-webm-vp8: 9c59270c3fd7afecdb556c50c9e8de78 -> 
  custom:SearchIndexIgnoredProperties: e643bd26f0fe6173181afceb89e7c659 -> 
  custom:AudioImporter_EditorPlatform: d09bf68614088b80899f8185d706f6e7 -> 
  custom:audio-decoder-ogg-vorbis: bf7c407c2cedff20999df2af8eb42d56 -> 
  custom:audio-encoder-webm-vorbis: bf7c407c2cedff20999df2af8eb42d56 -> 
  custom:video-decoder-ogg-theora: a1e56fd34408186e4bbccfd4996cb3dc -> 
  custom:CustomObjectIndexerAttribute: a3ef5dd2817f97addfee359851a9dba5 -> 
  custom:container-demuxer-webm: 4f35f7cbe854078d1ac9338744f61a02 -> 
  custom:video-encoder-webm-vp8: eb34c28f22e8b96e1ab97ce403110664 -> 
========================================================================
Received Prepare
Begin MonoManager ReloadAssembly
Symbol file LoadedFromMemory doesn't match image E:\GitHub\TESIS\Tesis Enchanted Skylands\Library\PackageCache\com.unity.visualscripting@1.8.0\Editor\VisualScripting.Core\Dependencies\YamlDotNet\Unity.VisualScripting.YamlDotNet.dll
Symbol file LoadedFromMemory doesn't match image E:\GitHub\TESIS\Tesis Enchanted Skylands\Library\PackageCache\com.unity.visualscripting@1.8.0\Editor\VisualScripting.Core\Dependencies\DotNetZip\Unity.VisualScripting.IonicZip.dll
- Loaded All Assemblies, in  0.782 seconds
Refreshing native plugins compatible for Editor in 3.11 ms, found 3 plugins.
Native extension for WindowsStandalone target not found
[Package Manager] Server::EnsureServerProcessIsRunning -- launch failed, reason: Unity was launched with the -noUpm command-line argument
[Package Manager] UpmClient::Send -- Unable to send message (not connected to UPM process).
[Package Manager] Cannot connect to Unity Package Manager local server
[Package Manager] Server::EnsureServerProcessIsRunning -- launch failed, reason: Unity was launched with the -noUpm command-line argument
[Package Manager] UpmClient::Send -- Unable to send message (not connected to UPM process).
[Package Manager] Cannot connect to Unity Package Manager local server
Mono: successfully reloaded assembly
- Finished resetting the current domain, in  1.699 seconds
Domain Reload Profiling: 2478ms
	BeginReloadAssembly (157ms)
		ExecutionOrderSort (0ms)
		DisableScriptedObjects (5ms)
		BackupInstance (0ms)
		ReleaseScriptingObjects (0ms)
		CreateAndSetChildDomain (38ms)
	RebuildCommonClasses (35ms)
	RebuildNativeTypeToScriptingClass (13ms)
	initialDomainReloadingComplete (37ms)
	LoadAllAssembliesAndSetupDomain (537ms)
		LoadAssemblies (282ms)
		RebuildTransferFunctionScriptingTraits (0ms)
		AnalyzeDomain (325ms)
			TypeCache.Refresh (311ms)
				TypeCache.ScanAssembly (299ms)
			ScanForSourceGeneratedMonoScriptInfo (0ms)
			ResolveRequiredComponents (14ms)
	FinalizeReload (1699ms)
		ReleaseScriptCaches (0ms)
		RebuildScriptCaches (0ms)
		SetupLoadedEditorAssemblies (715ms)
			LogAssemblyErrors (0ms)
			InitializePlatformSupportModulesInManaged (9ms)
			SetLoadedEditorAssemblies (5ms)
			RefreshPlugins (0ms)
			BeforeProcessingInitializeOnLoad (100ms)
			ProcessInitializeOnLoadAttributes (497ms)
			ProcessInitializeOnLoadMethodAttributes (90ms)
			AfterProcessingInitializeOnLoad (15ms)
			EditorAssembliesLoaded (0ms)
		ExecutionOrderSort2 (0ms)
		AwakeInstancesAfterBackupRestoration (24ms)
Refreshing native plugins compatible for Editor in 3.40 ms, found 3 plugins.
Preloading 0 native plugins for Editor in 0.00 ms.
Unloading 6459 Unused Serialized files (Serialized files now loaded: 0)
Unloading 45 unused Assets / (1.1 MB). Loaded Objects now: 7940.
Memory consumption went from 335.8 MB to 334.7 MB.
Total: 6.955600 ms (FindLiveObjects: 1.946200 ms CreateObjectMapping: 0.543400 ms MarkObjects: 3.626300 ms  DeleteObjects: 0.838300 ms)

Prepare: number of updated asset objects reloaded= 0
AssetImportParameters requested are different than current active one (requested -> active):
  custom:container-demuxer-ogg: 62fdf1f143b41e24485cea50d1cbac27 -> 
  custom:framework-win-MediaFoundation: 216162199b28c13a410421893ffa2e32 -> 
  custom:container-muxer-webm: aa71ff27fc2769a1b78a27578f13a17b -> 
  custom:video-decoder-webm-vp8: 9c59270c3fd7afecdb556c50c9e8de78 -> 
  custom:SearchIndexIgnoredProperties: e643bd26f0fe6173181afceb89e7c659 -> 
  custom:AudioImporter_EditorPlatform: d09bf68614088b80899f8185d706f6e7 -> 
  custom:audio-decoder-ogg-vorbis: bf7c407c2cedff20999df2af8eb42d56 -> 
  custom:audio-encoder-webm-vorbis: bf7c407c2cedff20999df2af8eb42d56 -> 
  custom:video-decoder-ogg-theora: a1e56fd34408186e4bbccfd4996cb3dc -> 
  custom:CustomObjectIndexerAttribute: a3ef5dd2817f97addfee359851a9dba5 -> 
  custom:container-demuxer-webm: 4f35f7cbe854078d1ac9338744f61a02 -> 
  custom:video-encoder-webm-vp8: eb34c28f22e8b96e1ab97ce403110664 -> 
========================================================================
Received Prepare
Begin MonoManager ReloadAssembly
Symbol file LoadedFromMemory doesn't match image E:\GitHub\TESIS\Tesis Enchanted Skylands\Library\PackageCache\com.unity.visualscripting@1.8.0\Editor\VisualScripting.Core\Dependencies\YamlDotNet\Unity.VisualScripting.YamlDotNet.dll
Symbol file LoadedFromMemory doesn't match image E:\GitHub\TESIS\Tesis Enchanted Skylands\Library\PackageCache\com.unity.visualscripting@1.8.0\Editor\VisualScripting.Core\Dependencies\DotNetZip\Unity.VisualScripting.IonicZip.dll
- Loaded All Assemblies, in  0.793 seconds
Refreshing native plugins compatible for Editor in 3.48 ms, found 3 plugins.
Native extension for WindowsStandalone target not found
[Package Manager] Server::EnsureServerProcessIsRunning -- launch failed, reason: Unity was launched with the -noUpm command-line argument
[Package Manager] UpmClient::Send -- Unable to send message (not connected to UPM process).
[Package Manager] Cannot connect to Unity Package Manager local server
[Package Manager] Server::EnsureServerProcessIsRunning -- launch failed, reason: Unity was launched with the -noUpm command-line argument
[Package Manager] UpmClient::Send -- Unable to send message (not connected to UPM process).
[Package Manager] Cannot connect to Unity Package Manager local server
Mono: successfully reloaded assembly
- Finished resetting the current domain, in  1.731 seconds
Domain Reload Profiling: 2520ms
	BeginReloadAssembly (157ms)
		ExecutionOrderSort (0ms)
		DisableScriptedObjects (5ms)
		BackupInstance (0ms)
		ReleaseScriptingObjects (0ms)
		CreateAndSetChildDomain (37ms)
	RebuildCommonClasses (37ms)
	RebuildNativeTypeToScriptingClass (13ms)
	initialDomainReloadingComplete (38ms)
	LoadAllAssembliesAndSetupDomain (544ms)
		LoadAssemblies (288ms)
		RebuildTransferFunctionScriptingTraits (0ms)
		AnalyzeDomain (327ms)
			TypeCache.Refresh (313ms)
				TypeCache.ScanAssembly (301ms)
			ScanForSourceGeneratedMonoScriptInfo (0ms)
			ResolveRequiredComponents (14ms)
	FinalizeReload (1731ms)
		ReleaseScriptCaches (0ms)
		RebuildScriptCaches (0ms)
		SetupLoadedEditorAssemblies (723ms)
			LogAssemblyErrors (0ms)
			InitializePlatformSupportModulesInManaged (9ms)
			SetLoadedEditorAssemblies (5ms)
			RefreshPlugins (0ms)
			BeforeProcessingInitializeOnLoad (103ms)
			ProcessInitializeOnLoadAttributes (500ms)
			ProcessInitializeOnLoadMethodAttributes (91ms)
			AfterProcessingInitializeOnLoad (14ms)
			EditorAssembliesLoaded (0ms)
		ExecutionOrderSort2 (0ms)
		AwakeInstancesAfterBackupRestoration (26ms)
Refreshing native plugins compatible for Editor in 3.52 ms, found 3 plugins.
Preloading 0 native plugins for Editor in 0.00 ms.
Unloading 6459 Unused Serialized files (Serialized files now loaded: 0)
Unloading 45 unused Assets / (1.1 MB). Loaded Objects now: 7956.
Memory consumption went from 335.8 MB to 334.7 MB.
Total: 5.890200 ms (FindLiveObjects: 0.960900 ms CreateObjectMapping: 0.300000 ms MarkObjects: 4.405000 ms  DeleteObjects: 0.223000 ms)

Prepare: number of updated asset objects reloaded= 0
AssetImportParameters requested are different than current active one (requested -> active):
  custom:container-demuxer-ogg: 62fdf1f143b41e24485cea50d1cbac27 -> 
  custom:framework-win-MediaFoundation: 216162199b28c13a410421893ffa2e32 -> 
  custom:container-muxer-webm: aa71ff27fc2769a1b78a27578f13a17b -> 
  custom:video-decoder-webm-vp8: 9c59270c3fd7afecdb556c50c9e8de78 -> 
  custom:SearchIndexIgnoredProperties: e643bd26f0fe6173181afceb89e7c659 -> 
  custom:AudioImporter_EditorPlatform: d09bf68614088b80899f8185d706f6e7 -> 
  custom:audio-decoder-ogg-vorbis: bf7c407c2cedff20999df2af8eb42d56 -> 
  custom:audio-encoder-webm-vorbis: bf7c407c2cedff20999df2af8eb42d56 -> 
  custom:video-decoder-ogg-theora: a1e56fd34408186e4bbccfd4996cb3dc -> 
  custom:CustomObjectIndexerAttribute: a3ef5dd2817f97addfee359851a9dba5 -> 
  custom:container-demuxer-webm: 4f35f7cbe854078d1ac9338744f61a02 -> 
  custom:video-encoder-webm-vp8: eb34c28f22e8b96e1ab97ce403110664 -> 
========================================================================
Received Prepare
Begin MonoManager ReloadAssembly
Symbol file LoadedFromMemory doesn't match image E:\GitHub\TESIS\Tesis Enchanted Skylands\Library\PackageCache\com.unity.visualscripting@1.8.0\Editor\VisualScripting.Core\Dependencies\YamlDotNet\Unity.VisualScripting.YamlDotNet.dll
Symbol file LoadedFromMemory doesn't match image E:\GitHub\TESIS\Tesis Enchanted Skylands\Library\PackageCache\com.unity.visualscripting@1.8.0\Editor\VisualScripting.Core\Dependencies\DotNetZip\Unity.VisualScripting.IonicZip.dll
- Loaded All Assemblies, in  0.767 seconds
Refreshing native plugins compatible for Editor in 3.22 ms, found 3 plugins.
Native extension for WindowsStandalone target not found
[Package Manager] Server::EnsureServerProcessIsRunning -- launch failed, reason: Unity was launched with the -noUpm command-line argument
[Package Manager] UpmClient::Send -- Unable to send message (not connected to UPM process).
[Package Manager] Cannot connect to Unity Package Manager local server
[Package Manager] Server::EnsureServerProcessIsRunning -- launch failed, reason: Unity was launched with the -noUpm command-line argument
[Package Manager] UpmClient::Send -- Unable to send message (not connected to UPM process).
[Package Manager] Cannot connect to Unity Package Manager local server
Mono: successfully reloaded assembly
- Finished resetting the current domain, in  1.690 seconds
Domain Reload Profiling: 2454ms
	BeginReloadAssembly (143ms)
		ExecutionOrderSort (0ms)
		DisableScriptedObjects (5ms)
		BackupInstance (0ms)
		ReleaseScriptingObjects (0ms)
		CreateAndSetChildDomain (37ms)
	RebuildCommonClasses (36ms)
	RebuildNativeTypeToScriptingClass (13ms)
	initialDomainReloadingComplete (37ms)
	LoadAllAssembliesAndSetupDomain (534ms)
		LoadAssemblies (267ms)
		RebuildTransferFunctionScriptingTraits (0ms)
		AnalyzeDomain (327ms)
			TypeCache.Refresh (311ms)
				TypeCache.ScanAssembly (298ms)
			ScanForSourceGeneratedMonoScriptInfo (0ms)
			ResolveRequiredComponents (16ms)
	FinalizeReload (1691ms)
		ReleaseScriptCaches (0ms)
		RebuildScriptCaches (0ms)
		SetupLoadedEditorAssemblies (731ms)
			LogAssemblyErrors (0ms)
			InitializePlatformSupportModulesInManaged (10ms)
			SetLoadedEditorAssemblies (3ms)
			RefreshPlugins (0ms)
			BeforeProcessingInitializeOnLoad (105ms)
			ProcessInitializeOnLoadAttributes (505ms)
			ProcessInitializeOnLoadMethodAttributes (92ms)
			AfterProcessingInitializeOnLoad (15ms)
			EditorAssembliesLoaded (0ms)
		ExecutionOrderSort2 (0ms)
		AwakeInstancesAfterBackupRestoration (26ms)
Refreshing native plugins compatible for Editor in 3.61 ms, found 3 plugins.
Preloading 0 native plugins for Editor in 0.00 ms.
Unloading 6459 Unused Serialized files (Serialized files now loaded: 0)
Unloading 45 unused Assets / (1.1 MB). Loaded Objects now: 7972.
Memory consumption went from 335.8 MB to 334.7 MB.
Total: 5.762300 ms (FindLiveObjects: 0.934900 ms CreateObjectMapping: 0.334900 ms MarkObjects: 4.211300 ms  DeleteObjects: 0.279900 ms)

Prepare: number of updated asset objects reloaded= 0
AssetImportParameters requested are different than current active one (requested -> active):
  custom:container-demuxer-ogg: 62fdf1f143b41e24485cea50d1cbac27 -> 
  custom:framework-win-MediaFoundation: 216162199b28c13a410421893ffa2e32 -> 
  custom:container-muxer-webm: aa71ff27fc2769a1b78a27578f13a17b -> 
  custom:video-decoder-webm-vp8: 9c59270c3fd7afecdb556c50c9e8de78 -> 
  custom:SearchIndexIgnoredProperties: e643bd26f0fe6173181afceb89e7c659 -> 
  custom:AudioImporter_EditorPlatform: d09bf68614088b80899f8185d706f6e7 -> 
  custom:audio-decoder-ogg-vorbis: bf7c407c2cedff20999df2af8eb42d56 -> 
  custom:audio-encoder-webm-vorbis: bf7c407c2cedff20999df2af8eb42d56 -> 
  custom:video-decoder-ogg-theora: a1e56fd34408186e4bbccfd4996cb3dc -> 
  custom:CustomObjectIndexerAttribute: a3ef5dd2817f97addfee359851a9dba5 -> 
  custom:container-demuxer-webm: 4f35f7cbe854078d1ac9338744f61a02 -> 
  custom:video-encoder-webm-vp8: eb34c28f22e8b96e1ab97ce403110664 -> 
========================================================================
Received Import Request.
  Time since last request: 1848.494066 seconds.
  path: Assets/Scenes/Level 4.unity
  artifactKey: Guid(599ee35e584062341a77d39f0a7f536b) Importer(815301076,1909f56bfc062723c751e8b465ee728b)
Start importing Assets/Scenes/Level 4.unity using Guid(599ee35e584062341a77d39f0a7f536b) Importer(815301076,1909f56bfc062723c751e8b465ee728b)  -> (artifact id: 'ed72ab83a28c2d7ae62fcde2c19b1cc0') in 0.002247 seconds
Number of updated asset objects reloaded before import = 0
Number of asset objects unloaded after import = 0
========================================================================
Received Import Request.
  Time since last request: 1355.763358 seconds.
  path: Assets/Scripts/Hazards/TornadoLevel4.cs
  artifactKey: Guid(caaa8014e1d7d1743978d6d87c89bfba) Importer(815301076,1909f56bfc062723c751e8b465ee728b)
Start importing Assets/Scripts/Hazards/TornadoLevel4.cs using Guid(caaa8014e1d7d1743978d6d87c89bfba) Importer(815301076,1909f56bfc062723c751e8b465ee728b)  -> (artifact id: '3aef7058fb0e739f44e3a5b6df537556') in 0.000633 seconds
Number of updated asset objects reloaded before import = 0
Number of asset objects unloaded after import = 0
========================================================================
Received Prepare
Begin MonoManager ReloadAssembly
Symbol file LoadedFromMemory doesn't match image E:\GitHub\TESIS\Tesis Enchanted Skylands\Library\PackageCache\com.unity.visualscripting@1.8.0\Editor\VisualScripting.Core\Dependencies\YamlDotNet\Unity.VisualScripting.YamlDotNet.dll
Symbol file LoadedFromMemory doesn't match image E:\GitHub\TESIS\Tesis Enchanted Skylands\Library\PackageCache\com.unity.visualscripting@1.8.0\Editor\VisualScripting.Core\Dependencies\DotNetZip\Unity.VisualScripting.IonicZip.dll
- Loaded All Assemblies, in  0.870 seconds
Refreshing native plugins compatible for Editor in 3.28 ms, found 3 plugins.
Native extension for WindowsStandalone target not found
[Package Manager] Server::EnsureServerProcessIsRunning -- launch failed, reason: Unity was launched with the -noUpm command-line argument
[Package Manager] UpmClient::Send -- Unable to send message (not connected to UPM process).
[Package Manager] Cannot connect to Unity Package Manager local server
[Package Manager] Server::EnsureServerProcessIsRunning -- launch failed, reason: Unity was launched with the -noUpm command-line argument
[Package Manager] UpmClient::Send -- Unable to send message (not connected to UPM process).
[Package Manager] Cannot connect to Unity Package Manager local server
Mono: successfully reloaded assembly
- Finished resetting the current domain, in  1.629 seconds
Domain Reload Profiling: 2495ms
	BeginReloadAssembly (166ms)
		ExecutionOrderSort (0ms)
		DisableScriptedObjects (5ms)
		BackupInstance (0ms)
		ReleaseScriptingObjects (0ms)
		CreateAndSetChildDomain (42ms)
	RebuildCommonClasses (36ms)
	RebuildNativeTypeToScriptingClass (14ms)
	initialDomainReloadingComplete (38ms)
	LoadAllAssembliesAndSetupDomain (612ms)
		LoadAssemblies (304ms)
		RebuildTransferFunctionScriptingTraits (0ms)
		AnalyzeDomain (382ms)
			TypeCache.Refresh (356ms)
				TypeCache.ScanAssembly (343ms)
			ScanForSourceGeneratedMonoScriptInfo (8ms)
			ResolveRequiredComponents (17ms)
	FinalizeReload (1629ms)
		ReleaseScriptCaches (0ms)
		RebuildScriptCaches (0ms)
		SetupLoadedEditorAssemblies (601ms)
			LogAssemblyErrors (0ms)
			InitializePlatformSupportModulesInManaged (8ms)
			SetLoadedEditorAssemblies (4ms)
			RefreshPlugins (0ms)
			BeforeProcessingInitializeOnLoad (87ms)
			ProcessInitializeOnLoadAttributes (415ms)
			ProcessInitializeOnLoadMethodAttributes (76ms)
			AfterProcessingInitializeOnLoad (12ms)
			EditorAssembliesLoaded (0ms)
		ExecutionOrderSort2 (0ms)
		AwakeInstancesAfterBackupRestoration (20ms)
Refreshing native plugins compatible for Editor in 3.48 ms, found 3 plugins.
Preloading 0 native plugins for Editor in 0.00 ms.
Unloading 6460 Unused Serialized files (Serialized files now loaded: 0)
Unloading 45 unused Assets / (1.1 MB). Loaded Objects now: 7989.
Memory consumption went from 335.9 MB to 334.7 MB.
Total: 4.688500 ms (FindLiveObjects: 0.905700 ms CreateObjectMapping: 0.396400 ms MarkObjects: 3.185500 ms  DeleteObjects: 0.200000 ms)

Prepare: number of updated asset objects reloaded= 0
AssetImportParameters requested are different than current active one (requested -> active):
  custom:container-demuxer-ogg: 62fdf1f143b41e24485cea50d1cbac27 -> 
  custom:framework-win-MediaFoundation: 216162199b28c13a410421893ffa2e32 -> 
  custom:container-muxer-webm: aa71ff27fc2769a1b78a27578f13a17b -> 
  custom:video-decoder-webm-vp8: 9c59270c3fd7afecdb556c50c9e8de78 -> 
  custom:SearchIndexIgnoredProperties: e643bd26f0fe6173181afceb89e7c659 -> 
  custom:AudioImporter_EditorPlatform: d09bf68614088b80899f8185d706f6e7 -> 
  custom:audio-decoder-ogg-vorbis: bf7c407c2cedff20999df2af8eb42d56 -> 
  custom:audio-encoder-webm-vorbis: bf7c407c2cedff20999df2af8eb42d56 -> 
  custom:video-decoder-ogg-theora: a1e56fd34408186e4bbccfd4996cb3dc -> 
  custom:CustomObjectIndexerAttribute: a3ef5dd2817f97addfee359851a9dba5 -> 
  custom:container-demuxer-webm: 4f35f7cbe854078d1ac9338744f61a02 -> 
  custom:video-encoder-webm-vp8: eb34c28f22e8b96e1ab97ce403110664 -> 
========================================================================
Received Import Request.
  Time since last request: 9.898402 seconds.
  path: Assets/Scripts/Hazards/TornadoLevel4.cs
  artifactKey: Guid(caaa8014e1d7d1743978d6d87c89bfba) Importer(815301076,1909f56bfc062723c751e8b465ee728b)
Start importing Assets/Scripts/Hazards/TornadoLevel4.cs using Guid(caaa8014e1d7d1743978d6d87c89bfba) Importer(815301076,1909f56bfc062723c751e8b465ee728b)  -> (artifact id: 'c20b5037d2fc1ef517d8d0c04f43957a') in 0.019791 seconds
Number of updated asset objects reloaded before import = 0
Number of asset objects unloaded after import = 0
========================================================================
Received Import Request.
  Time since last request: 2.333658 seconds.
  path: Assets/Scripts/Hazards/TornadoLevel4.cs
  artifactKey: Guid(caaa8014e1d7d1743978d6d87c89bfba) Importer(815301076,1909f56bfc062723c751e8b465ee728b)
Start importing Assets/Scripts/Hazards/TornadoLevel4.cs using Guid(caaa8014e1d7d1743978d6d87c89bfba) Importer(815301076,1909f56bfc062723c751e8b465ee728b)  -> (artifact id: '9d90501a16d2c1c91534fb774e46cc9b') in 0.000552 seconds
Number of updated asset objects reloaded before import = 0
Number of asset objects unloaded after import = 0
========================================================================
Received Prepare
Begin MonoManager ReloadAssembly
Symbol file LoadedFromMemory doesn't match image E:\GitHub\TESIS\Tesis Enchanted Skylands\Library\PackageCache\com.unity.visualscripting@1.8.0\Editor\VisualScripting.Core\Dependencies\YamlDotNet\Unity.VisualScripting.YamlDotNet.dll
Symbol file LoadedFromMemory doesn't match image E:\GitHub\TESIS\Tesis Enchanted Skylands\Library\PackageCache\com.unity.visualscripting@1.8.0\Editor\VisualScripting.Core\Dependencies\DotNetZip\Unity.VisualScripting.IonicZip.dll
- Loaded All Assemblies, in  0.879 seconds
Refreshing native plugins compatible for Editor in 3.65 ms, found 3 plugins.
Native extension for WindowsStandalone target not found
[Package Manager] Server::EnsureServerProcessIsRunning -- launch failed, reason: Unity was launched with the -noUpm command-line argument
[Package Manager] UpmClient::Send -- Unable to send message (not connected to UPM process).
[Package Manager] Cannot connect to Unity Package Manager local server
[Package Manager] Server::EnsureServerProcessIsRunning -- launch failed, reason: Unity was launched with the -noUpm command-line argument
[Package Manager] UpmClient::Send -- Unable to send message (not connected to UPM process).
[Package Manager] Cannot connect to Unity Package Manager local server
Mono: successfully reloaded assembly
- Finished resetting the current domain, in  1.403 seconds
Domain Reload Profiling: 2279ms
	BeginReloadAssembly (163ms)
		ExecutionOrderSort (0ms)
		DisableScriptedObjects (5ms)
		BackupInstance (0ms)
		ReleaseScriptingObjects (0ms)
		CreateAndSetChildDomain (41ms)
	RebuildCommonClasses (35ms)
	RebuildNativeTypeToScriptingClass (13ms)
	initialDomainReloadingComplete (39ms)
	LoadAllAssembliesAndSetupDomain (625ms)
		LoadAssemblies (343ms)
		RebuildTransferFunctionScriptingTraits (0ms)
		AnalyzeDomain (354ms)
			TypeCache.Refresh (332ms)
				TypeCache.ScanAssembly (319ms)
			ScanForSourceGeneratedMonoScriptInfo (8ms)
			ResolveRequiredComponents (14ms)
	FinalizeReload (1403ms)
		ReleaseScriptCaches (0ms)
		RebuildScriptCaches (0ms)
		SetupLoadedEditorAssemblies (560ms)
			LogAssemblyErrors (0ms)
			InitializePlatformSupportModulesInManaged (9ms)
			SetLoadedEditorAssemblies (3ms)
			RefreshPlugins (0ms)
			BeforeProcessingInitializeOnLoad (81ms)
			ProcessInitializeOnLoadAttributes (385ms)
			ProcessInitializeOnLoadMethodAttributes (71ms)
			AfterProcessingInitializeOnLoad (11ms)
			EditorAssembliesLoaded (0ms)
		ExecutionOrderSort2 (0ms)
		AwakeInstancesAfterBackupRestoration (20ms)
Refreshing native plugins compatible for Editor in 3.37 ms, found 3 plugins.
Preloading 0 native plugins for Editor in 0.00 ms.
Unloading 6460 Unused Serialized files (Serialized files now loaded: 0)
Unloading 45 unused Assets / (1.1 MB). Loaded Objects now: 8005.
Memory consumption went from 335.9 MB to 334.7 MB.
Total: 5.556300 ms (FindLiveObjects: 0.975800 ms CreateObjectMapping: 0.480200 ms MarkObjects: 3.868300 ms  DeleteObjects: 0.230500 ms)

Prepare: number of updated asset objects reloaded= 0
AssetImportParameters requested are different than current active one (requested -> active):
  custom:container-demuxer-ogg: 62fdf1f143b41e24485cea50d1cbac27 -> 
  custom:framework-win-MediaFoundation: 216162199b28c13a410421893ffa2e32 -> 
  custom:container-muxer-webm: aa71ff27fc2769a1b78a27578f13a17b -> 
  custom:video-decoder-webm-vp8: 9c59270c3fd7afecdb556c50c9e8de78 -> 
  custom:SearchIndexIgnoredProperties: e643bd26f0fe6173181afceb89e7c659 -> 
  custom:AudioImporter_EditorPlatform: d09bf68614088b80899f8185d706f6e7 -> 
  custom:audio-decoder-ogg-vorbis: bf7c407c2cedff20999df2af8eb42d56 -> 
  custom:audio-encoder-webm-vorbis: bf7c407c2cedff20999df2af8eb42d56 -> 
  custom:video-decoder-ogg-theora: a1e56fd34408186e4bbccfd4996cb3dc -> 
  custom:CustomObjectIndexerAttribute: a3ef5dd2817f97addfee359851a9dba5 -> 
  custom:container-demuxer-webm: 4f35f7cbe854078d1ac9338744f61a02 -> 
  custom:video-encoder-webm-vp8: eb34c28f22e8b96e1ab97ce403110664 -> 
========================================================================
Received Import Request.
  Time since last request: 7.375075 seconds.
  path: Assets/Scripts/Hazards/TornadoLevel4.cs
  artifactKey: Guid(caaa8014e1d7d1743978d6d87c89bfba) Importer(815301076,1909f56bfc062723c751e8b465ee728b)
Start importing Assets/Scripts/Hazards/TornadoLevel4.cs using Guid(caaa8014e1d7d1743978d6d87c89bfba) Importer(815301076,1909f56bfc062723c751e8b465ee728b)  -> (artifact id: 'fd025102a8dc82da49e06b48622d3ad3') in 0.001866 seconds
Number of updated asset objects reloaded before import = 0
Number of asset objects unloaded after import = 0
========================================================================
Received Prepare
Begin MonoManager ReloadAssembly
Symbol file LoadedFromMemory doesn't match image E:\GitHub\TESIS\Tesis Enchanted Skylands\Library\PackageCache\com.unity.visualscripting@1.8.0\Editor\VisualScripting.Core\Dependencies\YamlDotNet\Unity.VisualScripting.YamlDotNet.dll
Symbol file LoadedFromMemory doesn't match image E:\GitHub\TESIS\Tesis Enchanted Skylands\Library\PackageCache\com.unity.visualscripting@1.8.0\Editor\VisualScripting.Core\Dependencies\DotNetZip\Unity.VisualScripting.IonicZip.dll
- Loaded All Assemblies, in  0.892 seconds
Refreshing native plugins compatible for Editor in 4.64 ms, found 3 plugins.
Native extension for WindowsStandalone target not found
[Package Manager] Server::EnsureServerProcessIsRunning -- launch failed, reason: Unity was launched with the -noUpm command-line argument
[Package Manager] UpmClient::Send -- Unable to send message (not connected to UPM process).
[Package Manager] Cannot connect to Unity Package Manager local server
[Package Manager] Server::EnsureServerProcessIsRunning -- launch failed, reason: Unity was launched with the -noUpm command-line argument
[Package Manager] UpmClient::Send -- Unable to send message (not connected to UPM process).
[Package Manager] Cannot connect to Unity Package Manager local server
Mono: successfully reloaded assembly
- Finished resetting the current domain, in  1.724 seconds
Domain Reload Profiling: 2614ms
	BeginReloadAssembly (156ms)
		ExecutionOrderSort (0ms)
		DisableScriptedObjects (5ms)
		BackupInstance (0ms)
		ReleaseScriptingObjects (0ms)
		CreateAndSetChildDomain (37ms)
	RebuildCommonClasses (35ms)
	RebuildNativeTypeToScriptingClass (13ms)
	initialDomainReloadingComplete (38ms)
	LoadAllAssembliesAndSetupDomain (646ms)
		LoadAssemblies (303ms)
		RebuildTransferFunctionScriptingTraits (0ms)
		AnalyzeDomain (412ms)
			TypeCache.Refresh (385ms)
				TypeCache.ScanAssembly (370ms)
			ScanForSourceGeneratedMonoScriptInfo (9ms)
			ResolveRequiredComponents (17ms)
	FinalizeReload (1725ms)
		ReleaseScriptCaches (0ms)
		RebuildScriptCaches (0ms)
		SetupLoadedEditorAssemblies (684ms)
			LogAssemblyErrors (0ms)
			InitializePlatformSupportModulesInManaged (9ms)
			SetLoadedEditorAssemblies (4ms)
			RefreshPlugins (0ms)
			BeforeProcessingInitializeOnLoad (99ms)
			ProcessInitializeOnLoadAttributes (470ms)
			ProcessInitializeOnLoadMethodAttributes (87ms)
			AfterProcessingInitializeOnLoad (15ms)
			EditorAssembliesLoaded (0ms)
		ExecutionOrderSort2 (0ms)
		AwakeInstancesAfterBackupRestoration (24ms)
Refreshing native plugins compatible for Editor in 4.03 ms, found 3 plugins.
Preloading 0 native plugins for Editor in 0.00 ms.
Unloading 6460 Unused Serialized files (Serialized files now loaded: 0)
Unloading 45 unused Assets / (1.1 MB). Loaded Objects now: 8021.
Memory consumption went from 335.9 MB to 334.8 MB.
Total: 5.413000 ms (FindLiveObjects: 1.040600 ms CreateObjectMapping: 0.754200 ms MarkObjects: 3.395000 ms  DeleteObjects: 0.221700 ms)

Prepare: number of updated asset objects reloaded= 0
AssetImportParameters requested are different than current active one (requested -> active):
  custom:container-demuxer-ogg: 62fdf1f143b41e24485cea50d1cbac27 -> 
  custom:framework-win-MediaFoundation: 216162199b28c13a410421893ffa2e32 -> 
  custom:container-muxer-webm: aa71ff27fc2769a1b78a27578f13a17b -> 
  custom:video-decoder-webm-vp8: 9c59270c3fd7afecdb556c50c9e8de78 -> 
  custom:SearchIndexIgnoredProperties: e643bd26f0fe6173181afceb89e7c659 -> 
  custom:AudioImporter_EditorPlatform: d09bf68614088b80899f8185d706f6e7 -> 
  custom:audio-decoder-ogg-vorbis: bf7c407c2cedff20999df2af8eb42d56 -> 
  custom:audio-encoder-webm-vorbis: bf7c407c2cedff20999df2af8eb42d56 -> 
  custom:video-decoder-ogg-theora: a1e56fd34408186e4bbccfd4996cb3dc -> 
  custom:CustomObjectIndexerAttribute: a3ef5dd2817f97addfee359851a9dba5 -> 
  custom:container-demuxer-webm: 4f35f7cbe854078d1ac9338744f61a02 -> 
  custom:video-encoder-webm-vp8: eb34c28f22e8b96e1ab97ce403110664 -> 
========================================================================
Received Import Request.
  Time since last request: 54.211469 seconds.
  path: Assets/Prefabs/Crystals/Crystal 1.prefab
  artifactKey: Guid(94a9632ff57daa14381445ecbe9ddd6b) Importer(815301076,1909f56bfc062723c751e8b465ee728b)
Start importing Assets/Prefabs/Crystals/Crystal 1.prefab using Guid(94a9632ff57daa14381445ecbe9ddd6b) Importer(815301076,1909f56bfc062723c751e8b465ee728b)  -> (artifact id: '8cb6f2cd25d11aad6b008a534f23f897') in 0.037742 seconds
Number of updated asset objects reloaded before import = 0
Number of asset objects unloaded after import = 21
========================================================================
Received Import Request.
  Time since last request: 0.000021 seconds.
  path: Assets/Prefabs/Crystals/Set2.prefab
  artifactKey: Guid(7dbc0ba482f6cfa4a895958b1fbc0443) Importer(815301076,1909f56bfc062723c751e8b465ee728b)
Start importing Assets/Prefabs/Crystals/Set2.prefab using Guid(7dbc0ba482f6cfa4a895958b1fbc0443) Importer(815301076,1909f56bfc062723c751e8b465ee728b)  -> (artifact id: 'bfe87819a2e28d6b95e60e74a509ebb9') in 0.004153 seconds
Number of updated asset objects reloaded before import = 0
Number of asset objects unloaded after import = 68
========================================================================
Received Import Request.
  Time since last request: 0.000020 seconds.
  path: Assets/Prefabs/Crystals/Crystal 4.prefab
  artifactKey: Guid(a14bbeca8d07c204d95d026f92e4eb72) Importer(815301076,1909f56bfc062723c751e8b465ee728b)
Start importing Assets/Prefabs/Crystals/Crystal 4.prefab using Guid(a14bbeca8d07c204d95d026f92e4eb72) Importer(815301076,1909f56bfc062723c751e8b465ee728b)  -> (artifact id: 'c6e9fff9f77fcdf5bbca08900c5dc7fe') in 0.003167 seconds
Number of updated asset objects reloaded before import = 0
Number of asset objects unloaded after import = 21
========================================================================
Received Import Request.
  Time since last request: 0.000015 seconds.
  path: Assets/Prefabs/Crystals/Set4.prefab
  artifactKey: Guid(90add17cbafa380449bdf97b89e42081) Importer(815301076,1909f56bfc062723c751e8b465ee728b)
Start importing Assets/Prefabs/Crystals/Set4.prefab using Guid(90add17cbafa380449bdf97b89e42081) Importer(815301076,1909f56bfc062723c751e8b465ee728b)  -> (artifact id: '5fc65487912178c76714ecf201307940') in 0.007059 seconds
Number of updated asset objects reloaded before import = 0
Number of asset objects unloaded after import = 180
========================================================================
Received Import Request.
  Time since last request: 0.000019 seconds.
  path: Assets/Prefabs/Crystals/Set1.prefab
  artifactKey: Guid(8ac03a330a5ac1d4787f7ddced069a91) Importer(815301076,1909f56bfc062723c751e8b465ee728b)
Start importing Assets/Prefabs/Crystals/Set1.prefab using Guid(8ac03a330a5ac1d4787f7ddced069a91) Importer(815301076,1909f56bfc062723c751e8b465ee728b)  -> (artifact id: '7f3be635b4576ed57970976dad5a2211') in 0.008408 seconds
Number of updated asset objects reloaded before import = 0
Number of asset objects unloaded after import = 236
========================================================================
Received Import Request.
  Time since last request: 19.405618 seconds.
  path: Assets/Prefabs/Pillars/CrystalsObstacle
  artifactKey: Guid(3cd352fbf95db4844849b668d528be43) Importer(815301076,1909f56bfc062723c751e8b465ee728b)
Start importing Assets/Prefabs/Pillars/CrystalsObstacle using Guid(3cd352fbf95db4844849b668d528be43) Importer(815301076,1909f56bfc062723c751e8b465ee728b)  -> (artifact id: '2eaac70f36e211ba018d0306544d6db1') in 0.000648 seconds
Number of updated asset objects reloaded before import = 0
Number of asset objects unloaded after import = 0
========================================================================
Received Import Request.
  Time since last request: 15.038889 seconds.
  path: Assets/Prefabs/Pillars/CrystalsObstacle/Floar
  artifactKey: Guid(94f265a8c9f80bf49a5ebfa3efa047ec) Importer(815301076,1909f56bfc062723c751e8b465ee728b)
Start importing Assets/Prefabs/Pillars/CrystalsObstacle/Floar using Guid(94f265a8c9f80bf49a5ebfa3efa047ec) Importer(815301076,1909f56bfc062723c751e8b465ee728b)  -> (artifact id: '973b6effff8e565ec237caea13453caf') in 0.000785 seconds
Number of updated asset objects reloaded before import = 0
Number of asset objects unloaded after import = 0
========================================================================
Received Import Request.
  Time since last request: 3.287183 seconds.
  path: Assets/Prefabs/Pillars/CrystalsObstacle/Float
  artifactKey: Guid(94f265a8c9f80bf49a5ebfa3efa047ec) Importer(815301076,1909f56bfc062723c751e8b465ee728b)
Start importing Assets/Prefabs/Pillars/CrystalsObstacle/Float using Guid(94f265a8c9f80bf49a5ebfa3efa047ec) Importer(815301076,1909f56bfc062723c751e8b465ee728b)  -> (artifact id: '1460eb9f4520a65618f37defd88b5444') in 0.000580 seconds
Number of updated asset objects reloaded before import = 0
Number of asset objects unloaded after import = 0
========================================================================
Received Import Request.
  Time since last request: 6.561938 seconds.
  path: Assets/Prefabs/Pillars/CrystalsObstacle/CrystalFloat 1.prefab
  artifactKey: Guid(c7efa0fbeb75204408f97f4e338e6cbb) Importer(815301076,1909f56bfc062723c751e8b465ee728b)
Start importing Assets/Prefabs/Pillars/CrystalsObstacle/CrystalFloat 1.prefab using Guid(c7efa0fbeb75204408f97f4e338e6cbb) Importer(815301076,1909f56bfc062723c751e8b465ee728b)  -> (artifact id: 'e4bb92ef039ad8a70421b3d85c14702a') in 0.002338 seconds
Number of updated asset objects reloaded before import = 0
Number of asset objects unloaded after import = 8
========================================================================
Received Import Request.
  Time since last request: 0.011361 seconds.
  path: Assets/Prefabs/Pillars/CrystalsObstacle/CrystalFloat 2.prefab
  artifactKey: Guid(22ac01c3d2acacc4a96d9eaf1ec139f5) Importer(815301076,1909f56bfc062723c751e8b465ee728b)
Start importing Assets/Prefabs/Pillars/CrystalsObstacle/CrystalFloat 2.prefab using Guid(22ac01c3d2acacc4a96d9eaf1ec139f5) Importer(815301076,1909f56bfc062723c751e8b465ee728b)  -> (artifact id: 'fdfdca74b0708a69ca6e33e0bdbef246') in 0.002037 seconds
Number of updated asset objects reloaded before import = 0
Number of asset objects unloaded after import = 8
========================================================================
Received Import Request.
  Time since last request: 4.522377 seconds.
  path: Assets/Prefabs/Pillars/CrystalsObstacle/CrystalFloat 1.prefab
  artifactKey: Guid(c7efa0fbeb75204408f97f4e338e6cbb) Importer(815301076,1909f56bfc062723c751e8b465ee728b)
Start importing Assets/Prefabs/Pillars/CrystalsObstacle/CrystalFloat 1.prefab using Guid(c7efa0fbeb75204408f97f4e338e6cbb) Importer(815301076,1909f56bfc062723c751e8b465ee728b)  -> (artifact id: 'fd2472f936e12797047ef0befb383c48') in 0.001715 seconds
Number of updated asset objects reloaded before import = 0
Number of asset objects unloaded after import = 7
========================================================================
Received Import Request.
  Time since last request: 3.486579 seconds.
  path: Assets/Prefabs/Pillars/CrystalsObstacle/CrystalFloat 2.prefab
  artifactKey: Guid(22ac01c3d2acacc4a96d9eaf1ec139f5) Importer(815301076,1909f56bfc062723c751e8b465ee728b)
Start importing Assets/Prefabs/Pillars/CrystalsObstacle/CrystalFloat 2.prefab using Guid(22ac01c3d2acacc4a96d9eaf1ec139f5) Importer(815301076,1909f56bfc062723c751e8b465ee728b)  -> (artifact id: 'd695c885a874c16c3c22c946f3b7f172') in 0.001912 seconds
Number of updated asset objects reloaded before import = 0
Number of asset objects unloaded after import = 6
========================================================================
Received Import Request.
  Time since last request: 2.666465 seconds.
  path: Assets/Prefabs/Pillars/CrystalsObstacle/CrystalFloat 3.prefab
  artifactKey: Guid(715b3df6c7170b445a70e669a80c0f0a) Importer(815301076,1909f56bfc062723c751e8b465ee728b)
Start importing Assets/Prefabs/Pillars/CrystalsObstacle/CrystalFloat 3.prefab using Guid(715b3df6c7170b445a70e669a80c0f0a) Importer(815301076,1909f56bfc062723c751e8b465ee728b)  -> (artifact id: '9be277e89f44d3a612a33717143c75b7') in 0.002046 seconds
Number of updated asset objects reloaded before import = 0
Number of asset objects unloaded after import = 6
========================================================================
Received Import Request.
  Time since last request: 2.865310 seconds.
  path: Assets/Prefabs/Pillars/CrystalsObstacle/CrystalFloat 4.prefab
  artifactKey: Guid(8161d1044392a9145aa2361b5091149d) Importer(815301076,1909f56bfc062723c751e8b465ee728b)
Start importing Assets/Prefabs/Pillars/CrystalsObstacle/CrystalFloat 4.prefab using Guid(8161d1044392a9145aa2361b5091149d) Importer(815301076,1909f56bfc062723c751e8b465ee728b)  -> (artifact id: 'c0c4354d7cfa444194532690793daee3') in 0.001528 seconds
Number of updated asset objects reloaded before import = 0
Number of asset objects unloaded after import = 6
========================================================================
Received Import Request.
  Time since last request: 13.812917 seconds.
  path: Assets/Prefabs/Pillars/CrystalsObstacle/CrystalShot 1.prefab
  artifactKey: Guid(c7efa0fbeb75204408f97f4e338e6cbb) Importer(815301076,1909f56bfc062723c751e8b465ee728b)
Start importing Assets/Prefabs/Pillars/CrystalsObstacle/CrystalShot 1.prefab using Guid(c7efa0fbeb75204408f97f4e338e6cbb) Importer(815301076,1909f56bfc062723c751e8b465ee728b)  -> (artifact id: '91890799b0b26982d17f2e96b914e456') in 0.001548 seconds
Number of updated asset objects reloaded before import = 0
Number of asset objects unloaded after import = 7
========================================================================
Received Import Request.
  Time since last request: 6.846730 seconds.
  path: Assets/Prefabs/Pillars/CrystalsObstacle/CrystalShot 2.prefab
  artifactKey: Guid(22ac01c3d2acacc4a96d9eaf1ec139f5) Importer(815301076,1909f56bfc062723c751e8b465ee728b)
Start importing Assets/Prefabs/Pillars/CrystalsObstacle/CrystalShot 2.prefab using Guid(22ac01c3d2acacc4a96d9eaf1ec139f5) Importer(815301076,1909f56bfc062723c751e8b465ee728b)  -> (artifact id: '8f5f137e0ab35962fbcd01bd7dc47f86') in 0.002101 seconds
Number of updated asset objects reloaded before import = 0
Number of asset objects unloaded after import = 6
========================================================================
Received Import Request.
  Time since last request: 6.210006 seconds.
  path: Assets/Prefabs/Pillars/CrystalsObstacle/CrystalShot 3.prefab
  artifactKey: Guid(715b3df6c7170b445a70e669a80c0f0a) Importer(815301076,1909f56bfc062723c751e8b465ee728b)
Start importing Assets/Prefabs/Pillars/CrystalsObstacle/CrystalShot 3.prefab using Guid(715b3df6c7170b445a70e669a80c0f0a) Importer(815301076,1909f56bfc062723c751e8b465ee728b)  -> (artifact id: 'cef2baa2b8d54ad75e440c45ba85cf6e') in 0.001562 seconds
Number of updated asset objects reloaded before import = 0
Number of asset objects unloaded after import = 6
========================================================================
Received Import Request.
  Time since last request: 4.283569 seconds.
  path: Assets/Prefabs/Pillars/CrystalsObstacle/CrystalShot 4.prefab
  artifactKey: Guid(8161d1044392a9145aa2361b5091149d) Importer(815301076,1909f56bfc062723c751e8b465ee728b)
Start importing Assets/Prefabs/Pillars/CrystalsObstacle/CrystalShot 4.prefab using Guid(8161d1044392a9145aa2361b5091149d) Importer(815301076,1909f56bfc062723c751e8b465ee728b)  -> (artifact id: '9525f07b3243ad6ee6afb2cbd772c815') in 0.001949 seconds
Number of updated asset objects reloaded before import = 0
Number of asset objects unloaded after import = 6
========================================================================
Received Import Request.
  Time since last request: 11.200065 seconds.
  path: Assets/Prefabs/Pillars/Floating Islands/Islands 1.prefab
  artifactKey: Guid(e9f6221fbe982c44dad47934a031b7af) Importer(815301076,1909f56bfc062723c751e8b465ee728b)
Start importing Assets/Prefabs/Pillars/Floating Islands/Islands 1.prefab using Guid(e9f6221fbe982c44dad47934a031b7af) Importer(815301076,1909f56bfc062723c751e8b465ee728b)  -> (artifact id: 'c90f7aa3c8dfb399cdc74fade3937c59') in 0.001804 seconds
Number of updated asset objects reloaded before import = 0
Number of asset objects unloaded after import = 6
========================================================================
Received Import Request.
  Time since last request: 14.514916 seconds.
  path: Assets/Prefabs/Pillars/CrystalsObstacle/CrystalShot 2.prefab
  artifactKey: Guid(22ac01c3d2acacc4a96d9eaf1ec139f5) Importer(815301076,1909f56bfc062723c751e8b465ee728b)
Start importing Assets/Prefabs/Pillars/CrystalsObstacle/CrystalShot 2.prefab using Guid(22ac01c3d2acacc4a96d9eaf1ec139f5) Importer(815301076,1909f56bfc062723c751e8b465ee728b)  -> (artifact id: '2b10fe61b9bf736e63f446b38f22a9eb') in 0.001823 seconds
Number of updated asset objects reloaded before import = 0
Number of asset objects unloaded after import = 7
========================================================================
Received Import Request.
  Time since last request: 2.565999 seconds.
  path: Assets/Prefabs/Pillars/CrystalsObstacle/CrystalShot 3.prefab
  artifactKey: Guid(715b3df6c7170b445a70e669a80c0f0a) Importer(815301076,1909f56bfc062723c751e8b465ee728b)
Start importing Assets/Prefabs/Pillars/CrystalsObstacle/CrystalShot 3.prefab using Guid(715b3df6c7170b445a70e669a80c0f0a) Importer(815301076,1909f56bfc062723c751e8b465ee728b)  -> (artifact id: '05857269547e755001a74e0d0e2f6a02') in 0.001671 seconds
Number of updated asset objects reloaded before import = 0
Number of asset objects unloaded after import = 7
========================================================================
Received Import Request.
  Time since last request: 2.411001 seconds.
  path: Assets/Prefabs/Pillars/CrystalsObstacle/CrystalShot 4.prefab
  artifactKey: Guid(8161d1044392a9145aa2361b5091149d) Importer(815301076,1909f56bfc062723c751e8b465ee728b)
Start importing Assets/Prefabs/Pillars/CrystalsObstacle/CrystalShot 4.prefab using Guid(8161d1044392a9145aa2361b5091149d) Importer(815301076,1909f56bfc062723c751e8b465ee728b)  -> (artifact id: 'de41e1aa89e225adb039fe53f87bda87') in 0.001642 seconds
Number of updated asset objects reloaded before import = 0
Number of asset objects unloaded after import = 7
========================================================================
Received Prepare
Begin MonoManager ReloadAssembly
Symbol file LoadedFromMemory doesn't match image E:\GitHub\TESIS\Tesis Enchanted Skylands\Library\PackageCache\com.unity.visualscripting@1.8.0\Editor\VisualScripting.Core\Dependencies\YamlDotNet\Unity.VisualScripting.YamlDotNet.dll
Symbol file LoadedFromMemory doesn't match image E:\GitHub\TESIS\Tesis Enchanted Skylands\Library\PackageCache\com.unity.visualscripting@1.8.0\Editor\VisualScripting.Core\Dependencies\DotNetZip\Unity.VisualScripting.IonicZip.dll
- Loaded All Assemblies, in  0.844 seconds
Refreshing native plugins compatible for Editor in 4.07 ms, found 3 plugins.
Native extension for WindowsStandalone target not found
[Package Manager] Server::EnsureServerProcessIsRunning -- launch failed, reason: Unity was launched with the -noUpm command-line argument
[Package Manager] UpmClient::Send -- Unable to send message (not connected to UPM process).
[Package Manager] Cannot connect to Unity Package Manager local server
[Package Manager] Server::EnsureServerProcessIsRunning -- launch failed, reason: Unity was launched with the -noUpm command-line argument
[Package Manager] UpmClient::Send -- Unable to send message (not connected to UPM process).
[Package Manager] Cannot connect to Unity Package Manager local server
Mono: successfully reloaded assembly
- Finished resetting the current domain, in  1.806 seconds
Domain Reload Profiling: 2647ms
	BeginReloadAssembly (155ms)
		ExecutionOrderSort (0ms)
		DisableScriptedObjects (5ms)
		BackupInstance (0ms)
		ReleaseScriptingObjects (0ms)
		CreateAndSetChildDomain (37ms)
	RebuildCommonClasses (35ms)
	RebuildNativeTypeToScriptingClass (13ms)
	initialDomainReloadingComplete (37ms)
	LoadAllAssembliesAndSetupDomain (601ms)
		LoadAssemblies (275ms)
		RebuildTransferFunctionScriptingTraits (0ms)
		AnalyzeDomain (396ms)
			TypeCache.Refresh (368ms)
				TypeCache.ScanAssembly (355ms)
			ScanForSourceGeneratedMonoScriptInfo (10ms)
			ResolveRequiredComponents (17ms)
	FinalizeReload (1806ms)
		ReleaseScriptCaches (0ms)
		RebuildScriptCaches (0ms)
		SetupLoadedEditorAssemblies (682ms)
			LogAssemblyErrors (0ms)
			InitializePlatformSupportModulesInManaged (9ms)
			SetLoadedEditorAssemblies (4ms)
			RefreshPlugins (0ms)
			BeforeProcessingInitializeOnLoad (97ms)
			ProcessInitializeOnLoadAttributes (471ms)
			ProcessInitializeOnLoadMethodAttributes (87ms)
			AfterProcessingInitializeOnLoad (14ms)
			EditorAssembliesLoaded (0ms)
		ExecutionOrderSort2 (0ms)
		AwakeInstancesAfterBackupRestoration (24ms)
Refreshing native plugins compatible for Editor in 4.26 ms, found 3 plugins.
Preloading 0 native plugins for Editor in 0.00 ms.
Unloading 6460 Unused Serialized files (Serialized files now loaded: 0)
Unloading 45 unused Assets / (1.1 MB). Loaded Objects now: 8038.
Memory consumption went from 336.4 MB to 335.3 MB.
Total: 5.452100 ms (FindLiveObjects: 1.184800 ms CreateObjectMapping: 0.403500 ms MarkObjects: 3.608400 ms  DeleteObjects: 0.254000 ms)

Prepare: number of updated asset objects reloaded= 0
AssetImportParameters requested are different than current active one (requested -> active):
  custom:container-demuxer-ogg: 62fdf1f143b41e24485cea50d1cbac27 -> 
  custom:framework-win-MediaFoundation: 216162199b28c13a410421893ffa2e32 -> 
  custom:container-muxer-webm: aa71ff27fc2769a1b78a27578f13a17b -> 
  custom:video-decoder-webm-vp8: 9c59270c3fd7afecdb556c50c9e8de78 -> 
  custom:SearchIndexIgnoredProperties: e643bd26f0fe6173181afceb89e7c659 -> 
  custom:AudioImporter_EditorPlatform: d09bf68614088b80899f8185d706f6e7 -> 
  custom:audio-decoder-ogg-vorbis: bf7c407c2cedff20999df2af8eb42d56 -> 
  custom:audio-encoder-webm-vorbis: bf7c407c2cedff20999df2af8eb42d56 -> 
  custom:video-decoder-ogg-theora: a1e56fd34408186e4bbccfd4996cb3dc -> 
  custom:CustomObjectIndexerAttribute: a3ef5dd2817f97addfee359851a9dba5 -> 
  custom:container-demuxer-webm: 4f35f7cbe854078d1ac9338744f61a02 -> 
  custom:video-encoder-webm-vp8: eb34c28f22e8b96e1ab97ce403110664 -> 
========================================================================
Received Prepare
Begin MonoManager ReloadAssembly
Symbol file LoadedFromMemory doesn't match image E:\GitHub\TESIS\Tesis Enchanted Skylands\Library\PackageCache\com.unity.visualscripting@1.8.0\Editor\VisualScripting.Core\Dependencies\YamlDotNet\Unity.VisualScripting.YamlDotNet.dll
Symbol file LoadedFromMemory doesn't match image E:\GitHub\TESIS\Tesis Enchanted Skylands\Library\PackageCache\com.unity.visualscripting@1.8.0\Editor\VisualScripting.Core\Dependencies\DotNetZip\Unity.VisualScripting.IonicZip.dll
- Loaded All Assemblies, in  0.773 seconds
Refreshing native plugins compatible for Editor in 3.20 ms, found 3 plugins.
Native extension for WindowsStandalone target not found
[Package Manager] Server::EnsureServerProcessIsRunning -- launch failed, reason: Unity was launched with the -noUpm command-line argument
[Package Manager] UpmClient::Send -- Unable to send message (not connected to UPM process).
[Package Manager] Cannot connect to Unity Package Manager local server
[Package Manager] Server::EnsureServerProcessIsRunning -- launch failed, reason: Unity was launched with the -noUpm command-line argument
[Package Manager] UpmClient::Send -- Unable to send message (not connected to UPM process).
[Package Manager] Cannot connect to Unity Package Manager local server
Mono: successfully reloaded assembly
- Finished resetting the current domain, in  1.624 seconds
Domain Reload Profiling: 2394ms
	BeginReloadAssembly (154ms)
		ExecutionOrderSort (0ms)
		DisableScriptedObjects (6ms)
		BackupInstance (0ms)
		ReleaseScriptingObjects (0ms)
		CreateAndSetChildDomain (36ms)
	RebuildCommonClasses (35ms)
	RebuildNativeTypeToScriptingClass (13ms)
	initialDomainReloadingComplete (37ms)
	LoadAllAssembliesAndSetupDomain (530ms)
		LoadAssemblies (277ms)
		RebuildTransferFunctionScriptingTraits (0ms)
		AnalyzeDomain (322ms)
			TypeCache.Refresh (308ms)
				TypeCache.ScanAssembly (296ms)
			ScanForSourceGeneratedMonoScriptInfo (0ms)
			ResolveRequiredComponents (14ms)
	FinalizeReload (1624ms)
		ReleaseScriptCaches (0ms)
		RebuildScriptCaches (0ms)
		SetupLoadedEditorAssemblies (687ms)
			LogAssemblyErrors (0ms)
			InitializePlatformSupportModulesInManaged (9ms)
			SetLoadedEditorAssemblies (4ms)
			RefreshPlugins (0ms)
			BeforeProcessingInitializeOnLoad (97ms)
			ProcessInitializeOnLoadAttributes (476ms)
			ProcessInitializeOnLoadMethodAttributes (86ms)
			AfterProcessingInitializeOnLoad (14ms)
			EditorAssembliesLoaded (0ms)
		ExecutionOrderSort2 (0ms)
		AwakeInstancesAfterBackupRestoration (24ms)
Refreshing native plugins compatible for Editor in 3.57 ms, found 3 plugins.
Preloading 0 native plugins for Editor in 0.00 ms.
Unloading 6460 Unused Serialized files (Serialized files now loaded: 0)
Unloading 45 unused Assets / (1.1 MB). Loaded Objects now: 8054.
Memory consumption went from 336.4 MB to 335.3 MB.
Total: 4.937500 ms (FindLiveObjects: 0.911100 ms CreateObjectMapping: 0.349000 ms MarkObjects: 3.464100 ms  DeleteObjects: 0.211600 ms)

Prepare: number of updated asset objects reloaded= 0
AssetImportParameters requested are different than current active one (requested -> active):
  custom:container-demuxer-ogg: 62fdf1f143b41e24485cea50d1cbac27 -> 
  custom:framework-win-MediaFoundation: 216162199b28c13a410421893ffa2e32 -> 
  custom:container-muxer-webm: aa71ff27fc2769a1b78a27578f13a17b -> 
  custom:video-decoder-webm-vp8: 9c59270c3fd7afecdb556c50c9e8de78 -> 
  custom:SearchIndexIgnoredProperties: e643bd26f0fe6173181afceb89e7c659 -> 
  custom:AudioImporter_EditorPlatform: d09bf68614088b80899f8185d706f6e7 -> 
  custom:audio-decoder-ogg-vorbis: bf7c407c2cedff20999df2af8eb42d56 -> 
  custom:audio-encoder-webm-vorbis: bf7c407c2cedff20999df2af8eb42d56 -> 
  custom:video-decoder-ogg-theora: a1e56fd34408186e4bbccfd4996cb3dc -> 
  custom:CustomObjectIndexerAttribute: a3ef5dd2817f97addfee359851a9dba5 -> 
  custom:container-demuxer-webm: 4f35f7cbe854078d1ac9338744f61a02 -> 
  custom:video-encoder-webm-vp8: eb34c28f22e8b96e1ab97ce403110664 -> 
========================================================================
Received Prepare
Begin MonoManager ReloadAssembly
Symbol file LoadedFromMemory doesn't match image E:\GitHub\TESIS\Tesis Enchanted Skylands\Library\PackageCache\com.unity.visualscripting@1.8.0\Editor\VisualScripting.Core\Dependencies\YamlDotNet\Unity.VisualScripting.YamlDotNet.dll
Symbol file LoadedFromMemory doesn't match image E:\GitHub\TESIS\Tesis Enchanted Skylands\Library\PackageCache\com.unity.visualscripting@1.8.0\Editor\VisualScripting.Core\Dependencies\DotNetZip\Unity.VisualScripting.IonicZip.dll
- Loaded All Assemblies, in  0.843 seconds
Refreshing native plugins compatible for Editor in 3.84 ms, found 3 plugins.
Native extension for WindowsStandalone target not found
[Package Manager] Server::EnsureServerProcessIsRunning -- launch failed, reason: Unity was launched with the -noUpm command-line argument
[Package Manager] UpmClient::Send -- Unable to send message (not connected to UPM process).
[Package Manager] Cannot connect to Unity Package Manager local server
[Package Manager] Server::EnsureServerProcessIsRunning -- launch failed, reason: Unity was launched with the -noUpm command-line argument
[Package Manager] UpmClient::Send -- Unable to send message (not connected to UPM process).
[Package Manager] Cannot connect to Unity Package Manager local server
Mono: successfully reloaded assembly
- Finished resetting the current domain, in  1.383 seconds
Domain Reload Profiling: 2223ms
	BeginReloadAssembly (155ms)
		ExecutionOrderSort (0ms)
		DisableScriptedObjects (5ms)
		BackupInstance (0ms)
		ReleaseScriptingObjects (0ms)
		CreateAndSetChildDomain (37ms)
	RebuildCommonClasses (36ms)
	RebuildNativeTypeToScriptingClass (13ms)
	initialDomainReloadingComplete (37ms)
	LoadAllAssembliesAndSetupDomain (599ms)
		LoadAssemblies (283ms)
		RebuildTransferFunctionScriptingTraits (0ms)
		AnalyzeDomain (386ms)
			TypeCache.Refresh (359ms)
				TypeCache.ScanAssembly (345ms)
			ScanForSourceGeneratedMonoScriptInfo (9ms)
			ResolveRequiredComponents (18ms)
	FinalizeReload (1384ms)
		ReleaseScriptCaches (0ms)
		RebuildScriptCaches (0ms)
		SetupLoadedEditorAssemblies (542ms)
			LogAssemblyErrors (0ms)
			InitializePlatformSupportModulesInManaged (7ms)
			SetLoadedEditorAssemblies (3ms)
			RefreshPlugins (0ms)
			BeforeProcessingInitializeOnLoad (79ms)
			ProcessInitializeOnLoadAttributes (372ms)
			ProcessInitializeOnLoadMethodAttributes (69ms)
			AfterProcessingInitializeOnLoad (11ms)
			EditorAssembliesLoaded (0ms)
		ExecutionOrderSort2 (0ms)
		AwakeInstancesAfterBackupRestoration (19ms)
Refreshing native plugins compatible for Editor in 3.73 ms, found 3 plugins.
Preloading 0 native plugins for Editor in 0.00 ms.
Unloading 6460 Unused Serialized files (Serialized files now loaded: 0)
Unloading 45 unused Assets / (1.1 MB). Loaded Objects now: 8070.
Memory consumption went from 336.4 MB to 335.3 MB.
Total: 4.590100 ms (FindLiveObjects: 0.845600 ms CreateObjectMapping: 0.345400 ms MarkObjects: 3.159800 ms  DeleteObjects: 0.238100 ms)

Prepare: number of updated asset objects reloaded= 0
AssetImportParameters requested are different than current active one (requested -> active):
  custom:container-demuxer-ogg: 62fdf1f143b41e24485cea50d1cbac27 -> 
  custom:framework-win-MediaFoundation: 216162199b28c13a410421893ffa2e32 -> 
  custom:container-muxer-webm: aa71ff27fc2769a1b78a27578f13a17b -> 
  custom:video-decoder-webm-vp8: 9c59270c3fd7afecdb556c50c9e8de78 -> 
  custom:SearchIndexIgnoredProperties: e643bd26f0fe6173181afceb89e7c659 -> 
  custom:AudioImporter_EditorPlatform: d09bf68614088b80899f8185d706f6e7 -> 
  custom:audio-decoder-ogg-vorbis: bf7c407c2cedff20999df2af8eb42d56 -> 
  custom:audio-encoder-webm-vorbis: bf7c407c2cedff20999df2af8eb42d56 -> 
  custom:video-decoder-ogg-theora: a1e56fd34408186e4bbccfd4996cb3dc -> 
  custom:CustomObjectIndexerAttribute: a3ef5dd2817f97addfee359851a9dba5 -> 
  custom:container-demuxer-webm: 4f35f7cbe854078d1ac9338744f61a02 -> 
  custom:video-encoder-webm-vp8: eb34c28f22e8b96e1ab97ce403110664 -> 
========================================================================
Received Prepare
Begin MonoManager ReloadAssembly
Symbol file LoadedFromMemory doesn't match image E:\GitHub\TESIS\Tesis Enchanted Skylands\Library\PackageCache\com.unity.visualscripting@1.8.0\Editor\VisualScripting.Core\Dependencies\YamlDotNet\Unity.VisualScripting.YamlDotNet.dll
Symbol file LoadedFromMemory doesn't match image E:\GitHub\TESIS\Tesis Enchanted Skylands\Library\PackageCache\com.unity.visualscripting@1.8.0\Editor\VisualScripting.Core\Dependencies\DotNetZip\Unity.VisualScripting.IonicZip.dll
- Loaded All Assemblies, in  0.777 seconds
Refreshing native plugins compatible for Editor in 3.14 ms, found 3 plugins.
Native extension for WindowsStandalone target not found
[Package Manager] Server::EnsureServerProcessIsRunning -- launch failed, reason: Unity was launched with the -noUpm command-line argument
[Package Manager] UpmClient::Send -- Unable to send message (not connected to UPM process).
[Package Manager] Cannot connect to Unity Package Manager local server
[Package Manager] Server::EnsureServerProcessIsRunning -- launch failed, reason: Unity was launched with the -noUpm command-line argument
[Package Manager] UpmClient::Send -- Unable to send message (not connected to UPM process).
[Package Manager] Cannot connect to Unity Package Manager local server
Mono: successfully reloaded assembly
- Finished resetting the current domain, in  1.590 seconds
Domain Reload Profiling: 2364ms
	BeginReloadAssembly (158ms)
		ExecutionOrderSort (0ms)
		DisableScriptedObjects (5ms)
		BackupInstance (0ms)
		ReleaseScriptingObjects (0ms)
		CreateAndSetChildDomain (38ms)
	RebuildCommonClasses (36ms)
	RebuildNativeTypeToScriptingClass (13ms)
	initialDomainReloadingComplete (37ms)
	LoadAllAssembliesAndSetupDomain (530ms)
		LoadAssemblies (274ms)
		RebuildTransferFunctionScriptingTraits (0ms)
		AnalyzeDomain (328ms)
			TypeCache.Refresh (313ms)
				TypeCache.ScanAssembly (301ms)
			ScanForSourceGeneratedMonoScriptInfo (0ms)
			ResolveRequiredComponents (14ms)
	FinalizeReload (1591ms)
		ReleaseScriptCaches (0ms)
		RebuildScriptCaches (0ms)
		SetupLoadedEditorAssemblies (694ms)
			LogAssemblyErrors (0ms)
			InitializePlatformSupportModulesInManaged (9ms)
			SetLoadedEditorAssemblies (4ms)
			RefreshPlugins (0ms)
			BeforeProcessingInitializeOnLoad (97ms)
			ProcessInitializeOnLoadAttributes (480ms)
			ProcessInitializeOnLoadMethodAttributes (89ms)
			AfterProcessingInitializeOnLoad (14ms)
			EditorAssembliesLoaded (0ms)
		ExecutionOrderSort2 (0ms)
		AwakeInstancesAfterBackupRestoration (24ms)
Refreshing native plugins compatible for Editor in 4.31 ms, found 3 plugins.
Preloading 0 native plugins for Editor in 0.00 ms.
Unloading 6460 Unused Serialized files (Serialized files now loaded: 0)
Unloading 45 unused Assets / (1.1 MB). Loaded Objects now: 8086.
Memory consumption went from 336.4 MB to 335.3 MB.
Total: 4.731900 ms (FindLiveObjects: 0.823900 ms CreateObjectMapping: 0.264300 ms MarkObjects: 3.425700 ms  DeleteObjects: 0.217100 ms)

Prepare: number of updated asset objects reloaded= 0
AssetImportParameters requested are different than current active one (requested -> active):
  custom:container-demuxer-ogg: 62fdf1f143b41e24485cea50d1cbac27 -> 
  custom:framework-win-MediaFoundation: 216162199b28c13a410421893ffa2e32 -> 
  custom:container-muxer-webm: aa71ff27fc2769a1b78a27578f13a17b -> 
  custom:video-decoder-webm-vp8: 9c59270c3fd7afecdb556c50c9e8de78 -> 
  custom:SearchIndexIgnoredProperties: e643bd26f0fe6173181afceb89e7c659 -> 
  custom:AudioImporter_EditorPlatform: d09bf68614088b80899f8185d706f6e7 -> 
  custom:audio-decoder-ogg-vorbis: bf7c407c2cedff20999df2af8eb42d56 -> 
  custom:audio-encoder-webm-vorbis: bf7c407c2cedff20999df2af8eb42d56 -> 
  custom:video-decoder-ogg-theora: a1e56fd34408186e4bbccfd4996cb3dc -> 
  custom:CustomObjectIndexerAttribute: a3ef5dd2817f97addfee359851a9dba5 -> 
  custom:container-demuxer-webm: 4f35f7cbe854078d1ac9338744f61a02 -> 
  custom:video-encoder-webm-vp8: eb34c28f22e8b96e1ab97ce403110664 -> 
========================================================================
Received Prepare
Begin MonoManager ReloadAssembly
Symbol file LoadedFromMemory doesn't match image E:\GitHub\TESIS\Tesis Enchanted Skylands\Library\PackageCache\com.unity.visualscripting@1.8.0\Editor\VisualScripting.Core\Dependencies\YamlDotNet\Unity.VisualScripting.YamlDotNet.dll
Symbol file LoadedFromMemory doesn't match image E:\GitHub\TESIS\Tesis Enchanted Skylands\Library\PackageCache\com.unity.visualscripting@1.8.0\Editor\VisualScripting.Core\Dependencies\DotNetZip\Unity.VisualScripting.IonicZip.dll
- Loaded All Assemblies, in  0.761 seconds
Refreshing native plugins compatible for Editor in 3.06 ms, found 3 plugins.
Native extension for WindowsStandalone target not found
[Package Manager] Server::EnsureServerProcessIsRunning -- launch failed, reason: Unity was launched with the -noUpm command-line argument
[Package Manager] UpmClient::Send -- Unable to send message (not connected to UPM process).
[Package Manager] Cannot connect to Unity Package Manager local server
[Package Manager] Server::EnsureServerProcessIsRunning -- launch failed, reason: Unity was launched with the -noUpm command-line argument
[Package Manager] UpmClient::Send -- Unable to send message (not connected to UPM process).
[Package Manager] Cannot connect to Unity Package Manager local server
Mono: successfully reloaded assembly
- Finished resetting the current domain, in  1.619 seconds
Domain Reload Profiling: 2377ms
	BeginReloadAssembly (141ms)
		ExecutionOrderSort (0ms)
		DisableScriptedObjects (5ms)
		BackupInstance (0ms)
		ReleaseScriptingObjects (0ms)
		CreateAndSetChildDomain (35ms)
	RebuildCommonClasses (36ms)
	RebuildNativeTypeToScriptingClass (13ms)
	initialDomainReloadingComplete (37ms)
	LoadAllAssembliesAndSetupDomain (530ms)
		LoadAssemblies (270ms)
		RebuildTransferFunctionScriptingTraits (0ms)
		AnalyzeDomain (320ms)
			TypeCache.Refresh (306ms)
				TypeCache.ScanAssembly (295ms)
			ScanForSourceGeneratedMonoScriptInfo (0ms)
			ResolveRequiredComponents (14ms)
	FinalizeReload (1620ms)
		ReleaseScriptCaches (0ms)
		RebuildScriptCaches (0ms)
		SetupLoadedEditorAssemblies (675ms)
			LogAssemblyErrors (0ms)
			InitializePlatformSupportModulesInManaged (9ms)
			SetLoadedEditorAssemblies (4ms)
			RefreshPlugins (0ms)
			BeforeProcessingInitializeOnLoad (95ms)
			ProcessInitializeOnLoadAttributes (466ms)
			ProcessInitializeOnLoadMethodAttributes (87ms)
			AfterProcessingInitializeOnLoad (14ms)
			EditorAssembliesLoaded (1ms)
		ExecutionOrderSort2 (0ms)
		AwakeInstancesAfterBackupRestoration (25ms)
Refreshing native plugins compatible for Editor in 4.44 ms, found 3 plugins.
Preloading 0 native plugins for Editor in 0.00 ms.
Unloading 6460 Unused Serialized files (Serialized files now loaded: 0)
Unloading 45 unused Assets / (1.1 MB). Loaded Objects now: 8102.
Memory consumption went from 336.4 MB to 335.3 MB.
Total: 5.088700 ms (FindLiveObjects: 0.965700 ms CreateObjectMapping: 0.337200 ms MarkObjects: 3.509900 ms  DeleteObjects: 0.274900 ms)

Prepare: number of updated asset objects reloaded= 0
AssetImportParameters requested are different than current active one (requested -> active):
  custom:container-demuxer-ogg: 62fdf1f143b41e24485cea50d1cbac27 -> 
  custom:framework-win-MediaFoundation: 216162199b28c13a410421893ffa2e32 -> 
  custom:container-muxer-webm: aa71ff27fc2769a1b78a27578f13a17b -> 
  custom:video-decoder-webm-vp8: 9c59270c3fd7afecdb556c50c9e8de78 -> 
  custom:SearchIndexIgnoredProperties: e643bd26f0fe6173181afceb89e7c659 -> 
  custom:AudioImporter_EditorPlatform: d09bf68614088b80899f8185d706f6e7 -> 
  custom:audio-decoder-ogg-vorbis: bf7c407c2cedff20999df2af8eb42d56 -> 
  custom:audio-encoder-webm-vorbis: bf7c407c2cedff20999df2af8eb42d56 -> 
  custom:video-decoder-ogg-theora: a1e56fd34408186e4bbccfd4996cb3dc -> 
  custom:CustomObjectIndexerAttribute: a3ef5dd2817f97addfee359851a9dba5 -> 
  custom:container-demuxer-webm: 4f35f7cbe854078d1ac9338744f61a02 -> 
  custom:video-encoder-webm-vp8: eb34c28f22e8b96e1ab97ce403110664 -> 
========================================================================
Received Prepare
Begin MonoManager ReloadAssembly
Symbol file LoadedFromMemory doesn't match image E:\GitHub\TESIS\Tesis Enchanted Skylands\Library\PackageCache\com.unity.visualscripting@1.8.0\Editor\VisualScripting.Core\Dependencies\YamlDotNet\Unity.VisualScripting.YamlDotNet.dll
Symbol file LoadedFromMemory doesn't match image E:\GitHub\TESIS\Tesis Enchanted Skylands\Library\PackageCache\com.unity.visualscripting@1.8.0\Editor\VisualScripting.Core\Dependencies\DotNetZip\Unity.VisualScripting.IonicZip.dll
- Loaded All Assemblies, in  0.797 seconds
Refreshing native plugins compatible for Editor in 2.97 ms, found 3 plugins.
Native extension for WindowsStandalone target not found
[Package Manager] Server::EnsureServerProcessIsRunning -- launch failed, reason: Unity was launched with the -noUpm command-line argument
[Package Manager] UpmClient::Send -- Unable to send message (not connected to UPM process).
[Package Manager] Cannot connect to Unity Package Manager local server
[Package Manager] Server::EnsureServerProcessIsRunning -- launch failed, reason: Unity was launched with the -noUpm command-line argument
[Package Manager] UpmClient::Send -- Unable to send message (not connected to UPM process).
[Package Manager] Cannot connect to Unity Package Manager local server
Mono: successfully reloaded assembly
- Finished resetting the current domain, in  1.646 seconds
Domain Reload Profiling: 2439ms
	BeginReloadAssembly (162ms)
		ExecutionOrderSort (0ms)
		DisableScriptedObjects (5ms)
		BackupInstance (0ms)
		ReleaseScriptingObjects (0ms)
		CreateAndSetChildDomain (44ms)
	RebuildCommonClasses (36ms)
	RebuildNativeTypeToScriptingClass (13ms)
	initialDomainReloadingComplete (37ms)
	LoadAllAssembliesAndSetupDomain (546ms)
		LoadAssemblies (291ms)
		RebuildTransferFunctionScriptingTraits (0ms)
		AnalyzeDomain (324ms)
			TypeCache.Refresh (310ms)
				TypeCache.ScanAssembly (297ms)
			ScanForSourceGeneratedMonoScriptInfo (0ms)
			ResolveRequiredComponents (14ms)
	FinalizeReload (1646ms)
		ReleaseScriptCaches (0ms)
		RebuildScriptCaches (0ms)
		SetupLoadedEditorAssemblies (696ms)
			LogAssemblyErrors (0ms)
			InitializePlatformSupportModulesInManaged (9ms)
			SetLoadedEditorAssemblies (4ms)
			RefreshPlugins (0ms)
			BeforeProcessingInitializeOnLoad (98ms)
			ProcessInitializeOnLoadAttributes (485ms)
			ProcessInitializeOnLoadMethodAttributes (87ms)
			AfterProcessingInitializeOnLoad (14ms)
			EditorAssembliesLoaded (0ms)
		ExecutionOrderSort2 (0ms)
		AwakeInstancesAfterBackupRestoration (24ms)
Refreshing native plugins compatible for Editor in 4.12 ms, found 3 plugins.
Preloading 0 native plugins for Editor in 0.00 ms.
Unloading 6460 Unused Serialized files (Serialized files now loaded: 0)
Unloading 45 unused Assets / (1.1 MB). Loaded Objects now: 8118.
Memory consumption went from 336.4 MB to 335.3 MB.
Total: 5.043000 ms (FindLiveObjects: 0.863400 ms CreateObjectMapping: 0.327400 ms MarkObjects: 3.628500 ms  DeleteObjects: 0.222200 ms)

Prepare: number of updated asset objects reloaded= 0
AssetImportParameters requested are different than current active one (requested -> active):
  custom:container-demuxer-ogg: 62fdf1f143b41e24485cea50d1cbac27 -> 
  custom:framework-win-MediaFoundation: 216162199b28c13a410421893ffa2e32 -> 
  custom:container-muxer-webm: aa71ff27fc2769a1b78a27578f13a17b -> 
  custom:video-decoder-webm-vp8: 9c59270c3fd7afecdb556c50c9e8de78 -> 
  custom:SearchIndexIgnoredProperties: e643bd26f0fe6173181afceb89e7c659 -> 
  custom:AudioImporter_EditorPlatform: d09bf68614088b80899f8185d706f6e7 -> 
  custom:audio-decoder-ogg-vorbis: bf7c407c2cedff20999df2af8eb42d56 -> 
  custom:audio-encoder-webm-vorbis: bf7c407c2cedff20999df2af8eb42d56 -> 
  custom:video-decoder-ogg-theora: a1e56fd34408186e4bbccfd4996cb3dc -> 
  custom:CustomObjectIndexerAttribute: a3ef5dd2817f97addfee359851a9dba5 -> 
  custom:container-demuxer-webm: 4f35f7cbe854078d1ac9338744f61a02 -> 
  custom:video-encoder-webm-vp8: eb34c28f22e8b96e1ab97ce403110664 -> 
========================================================================
Received Prepare
Begin MonoManager ReloadAssembly
Symbol file LoadedFromMemory doesn't match image E:\GitHub\TESIS\Tesis Enchanted Skylands\Library\PackageCache\com.unity.visualscripting@1.8.0\Editor\VisualScripting.Core\Dependencies\YamlDotNet\Unity.VisualScripting.YamlDotNet.dll
Symbol file LoadedFromMemory doesn't match image E:\GitHub\TESIS\Tesis Enchanted Skylands\Library\PackageCache\com.unity.visualscripting@1.8.0\Editor\VisualScripting.Core\Dependencies\DotNetZip\Unity.VisualScripting.IonicZip.dll
- Loaded All Assemblies, in  0.843 seconds
Refreshing native plugins compatible for Editor in 4.31 ms, found 3 plugins.
Native extension for WindowsStandalone target not found
[Package Manager] Server::EnsureServerProcessIsRunning -- launch failed, reason: Unity was launched with the -noUpm command-line argument
[Package Manager] UpmClient::Send -- Unable to send message (not connected to UPM process).
[Package Manager] Cannot connect to Unity Package Manager local server
[Package Manager] Server::EnsureServerProcessIsRunning -- launch failed, reason: Unity was launched with the -noUpm command-line argument
[Package Manager] UpmClient::Send -- Unable to send message (not connected to UPM process).
[Package Manager] Cannot connect to Unity Package Manager local server
Mono: successfully reloaded assembly
- Finished resetting the current domain, in  1.708 seconds
Domain Reload Profiling: 2548ms
	BeginReloadAssembly (159ms)
		ExecutionOrderSort (0ms)
		DisableScriptedObjects (5ms)
		BackupInstance (0ms)
		ReleaseScriptingObjects (0ms)
		CreateAndSetChildDomain (36ms)
	RebuildCommonClasses (35ms)
	RebuildNativeTypeToScriptingClass (13ms)
	initialDomainReloadingComplete (36ms)
	LoadAllAssembliesAndSetupDomain (596ms)
		LoadAssemblies (287ms)
		RebuildTransferFunctionScriptingTraits (0ms)
		AnalyzeDomain (383ms)
			TypeCache.Refresh (358ms)
				TypeCache.ScanAssembly (343ms)
			ScanForSourceGeneratedMonoScriptInfo (9ms)
			ResolveRequiredComponents (17ms)
	FinalizeReload (1708ms)
		ReleaseScriptCaches (0ms)
		RebuildScriptCaches (0ms)
		SetupLoadedEditorAssemblies (676ms)
			LogAssemblyErrors (0ms)
			InitializePlatformSupportModulesInManaged (9ms)
			SetLoadedEditorAssemblies (4ms)
			RefreshPlugins (0ms)
			BeforeProcessingInitializeOnLoad (96ms)
			ProcessInitializeOnLoadAttributes (467ms)
			ProcessInitializeOnLoadMethodAttributes (86ms)
			AfterProcessingInitializeOnLoad (13ms)
			EditorAssembliesLoaded (0ms)
		ExecutionOrderSort2 (0ms)
		AwakeInstancesAfterBackupRestoration (24ms)
Refreshing native plugins compatible for Editor in 3.51 ms, found 3 plugins.
Preloading 0 native plugins for Editor in 0.00 ms.
Unloading 6460 Unused Serialized files (Serialized files now loaded: 0)
Unloading 45 unused Assets / (1.1 MB). Loaded Objects now: 8134.
Memory consumption went from 336.5 MB to 335.3 MB.
Total: 4.974200 ms (FindLiveObjects: 1.024100 ms CreateObjectMapping: 0.363300 ms MarkObjects: 3.379400 ms  DeleteObjects: 0.206100 ms)

Prepare: number of updated asset objects reloaded= 0
AssetImportParameters requested are different than current active one (requested -> active):
  custom:container-demuxer-ogg: 62fdf1f143b41e24485cea50d1cbac27 -> 
  custom:framework-win-MediaFoundation: 216162199b28c13a410421893ffa2e32 -> 
  custom:container-muxer-webm: aa71ff27fc2769a1b78a27578f13a17b -> 
  custom:video-decoder-webm-vp8: 9c59270c3fd7afecdb556c50c9e8de78 -> 
  custom:SearchIndexIgnoredProperties: e643bd26f0fe6173181afceb89e7c659 -> 
  custom:AudioImporter_EditorPlatform: d09bf68614088b80899f8185d706f6e7 -> 
  custom:audio-decoder-ogg-vorbis: bf7c407c2cedff20999df2af8eb42d56 -> 
  custom:audio-encoder-webm-vorbis: bf7c407c2cedff20999df2af8eb42d56 -> 
  custom:video-decoder-ogg-theora: a1e56fd34408186e4bbccfd4996cb3dc -> 
  custom:CustomObjectIndexerAttribute: a3ef5dd2817f97addfee359851a9dba5 -> 
  custom:container-demuxer-webm: 4f35f7cbe854078d1ac9338744f61a02 -> 
  custom:video-encoder-webm-vp8: eb34c28f22e8b96e1ab97ce403110664 -> 
========================================================================
Received Prepare
Begin MonoManager ReloadAssembly
Symbol file LoadedFromMemory doesn't match image E:\GitHub\TESIS\Tesis Enchanted Skylands\Library\PackageCache\com.unity.visualscripting@1.8.0\Editor\VisualScripting.Core\Dependencies\YamlDotNet\Unity.VisualScripting.YamlDotNet.dll
Symbol file LoadedFromMemory doesn't match image E:\GitHub\TESIS\Tesis Enchanted Skylands\Library\PackageCache\com.unity.visualscripting@1.8.0\Editor\VisualScripting.Core\Dependencies\DotNetZip\Unity.VisualScripting.IonicZip.dll
- Loaded All Assemblies, in  0.781 seconds
Refreshing native plugins compatible for Editor in 3.58 ms, found 3 plugins.
Native extension for WindowsStandalone target not found
[Package Manager] Server::EnsureServerProcessIsRunning -- launch failed, reason: Unity was launched with the -noUpm command-line argument
[Package Manager] UpmClient::Send -- Unable to send message (not connected to UPM process).
[Package Manager] Cannot connect to Unity Package Manager local server
[Package Manager] Server::EnsureServerProcessIsRunning -- launch failed, reason: Unity was launched with the -noUpm command-line argument
[Package Manager] UpmClient::Send -- Unable to send message (not connected to UPM process).
[Package Manager] Cannot connect to Unity Package Manager local server
Mono: successfully reloaded assembly
- Finished resetting the current domain, in  1.589 seconds
Domain Reload Profiling: 2367ms
	BeginReloadAssembly (153ms)
		ExecutionOrderSort (0ms)
		DisableScriptedObjects (5ms)
		BackupInstance (0ms)
		ReleaseScriptingObjects (0ms)
		CreateAndSetChildDomain (36ms)
	RebuildCommonClasses (36ms)
	RebuildNativeTypeToScriptingClass (13ms)
	initialDomainReloadingComplete (37ms)
	LoadAllAssembliesAndSetupDomain (539ms)
		LoadAssemblies (282ms)
		RebuildTransferFunctionScriptingTraits (0ms)
		AnalyzeDomain (325ms)
			TypeCache.Refresh (311ms)
				TypeCache.ScanAssembly (300ms)
			ScanForSourceGeneratedMonoScriptInfo (0ms)
			ResolveRequiredComponents (14ms)
	FinalizeReload (1589ms)
		ReleaseScriptCaches (0ms)
		RebuildScriptCaches (0ms)
		SetupLoadedEditorAssemblies (653ms)
			LogAssemblyErrors (0ms)
			InitializePlatformSupportModulesInManaged (9ms)
			SetLoadedEditorAssemblies (4ms)
			RefreshPlugins (0ms)
			BeforeProcessingInitializeOnLoad (96ms)
			ProcessInitializeOnLoadAttributes (442ms)
			ProcessInitializeOnLoadMethodAttributes (87ms)
			AfterProcessingInitializeOnLoad (15ms)
			EditorAssembliesLoaded (0ms)
		ExecutionOrderSort2 (0ms)
		AwakeInstancesAfterBackupRestoration (23ms)
Refreshing native plugins compatible for Editor in 4.34 ms, found 3 plugins.
Preloading 0 native plugins for Editor in 0.00 ms.
Unloading 6460 Unused Serialized files (Serialized files now loaded: 0)
Unloading 45 unused Assets / (1.1 MB). Loaded Objects now: 8150.
Memory consumption went from 336.5 MB to 335.3 MB.
Total: 5.580300 ms (FindLiveObjects: 1.154200 ms CreateObjectMapping: 0.440000 ms MarkObjects: 3.762100 ms  DeleteObjects: 0.222600 ms)

Prepare: number of updated asset objects reloaded= 0
AssetImportParameters requested are different than current active one (requested -> active):
  custom:container-demuxer-ogg: 62fdf1f143b41e24485cea50d1cbac27 -> 
  custom:framework-win-MediaFoundation: 216162199b28c13a410421893ffa2e32 -> 
  custom:container-muxer-webm: aa71ff27fc2769a1b78a27578f13a17b -> 
  custom:video-decoder-webm-vp8: 9c59270c3fd7afecdb556c50c9e8de78 -> 
  custom:SearchIndexIgnoredProperties: e643bd26f0fe6173181afceb89e7c659 -> 
  custom:AudioImporter_EditorPlatform: d09bf68614088b80899f8185d706f6e7 -> 
  custom:audio-decoder-ogg-vorbis: bf7c407c2cedff20999df2af8eb42d56 -> 
  custom:audio-encoder-webm-vorbis: bf7c407c2cedff20999df2af8eb42d56 -> 
  custom:video-decoder-ogg-theora: a1e56fd34408186e4bbccfd4996cb3dc -> 
  custom:CustomObjectIndexerAttribute: a3ef5dd2817f97addfee359851a9dba5 -> 
  custom:container-demuxer-webm: 4f35f7cbe854078d1ac9338744f61a02 -> 
  custom:video-encoder-webm-vp8: eb34c28f22e8b96e1ab97ce403110664 -> 
========================================================================
Received Prepare
Begin MonoManager ReloadAssembly
Symbol file LoadedFromMemory doesn't match image E:\GitHub\TESIS\Tesis Enchanted Skylands\Library\PackageCache\com.unity.visualscripting@1.8.0\Editor\VisualScripting.Core\Dependencies\YamlDotNet\Unity.VisualScripting.YamlDotNet.dll
Symbol file LoadedFromMemory doesn't match image E:\GitHub\TESIS\Tesis Enchanted Skylands\Library\PackageCache\com.unity.visualscripting@1.8.0\Editor\VisualScripting.Core\Dependencies\DotNetZip\Unity.VisualScripting.IonicZip.dll
- Loaded All Assemblies, in  0.779 seconds
Refreshing native plugins compatible for Editor in 3.09 ms, found 3 plugins.
Native extension for WindowsStandalone target not found
[Package Manager] Server::EnsureServerProcessIsRunning -- launch failed, reason: Unity was launched with the -noUpm command-line argument
[Package Manager] UpmClient::Send -- Unable to send message (not connected to UPM process).
[Package Manager] Cannot connect to Unity Package Manager local server
[Package Manager] Server::EnsureServerProcessIsRunning -- launch failed, reason: Unity was launched with the -noUpm command-line argument
[Package Manager] UpmClient::Send -- Unable to send message (not connected to UPM process).
[Package Manager] Cannot connect to Unity Package Manager local server
Mono: successfully reloaded assembly
- Finished resetting the current domain, in  1.613 seconds
Domain Reload Profiling: 2389ms
	BeginReloadAssembly (156ms)
		ExecutionOrderSort (0ms)
		DisableScriptedObjects (5ms)
		BackupInstance (0ms)
		ReleaseScriptingObjects (0ms)
		CreateAndSetChildDomain (38ms)
	RebuildCommonClasses (36ms)
	RebuildNativeTypeToScriptingClass (13ms)
	initialDomainReloadingComplete (37ms)
	LoadAllAssembliesAndSetupDomain (533ms)
		LoadAssemblies (281ms)
		RebuildTransferFunctionScriptingTraits (0ms)
		AnalyzeDomain (322ms)
			TypeCache.Refresh (308ms)
				TypeCache.ScanAssembly (296ms)
			ScanForSourceGeneratedMonoScriptInfo (0ms)
			ResolveRequiredComponents (14ms)
	FinalizeReload (1614ms)
		ReleaseScriptCaches (0ms)
		RebuildScriptCaches (0ms)
		SetupLoadedEditorAssemblies (684ms)
			LogAssemblyErrors (0ms)
			InitializePlatformSupportModulesInManaged (8ms)
			SetLoadedEditorAssemblies (4ms)
			RefreshPlugins (0ms)
			BeforeProcessingInitializeOnLoad (97ms)
			ProcessInitializeOnLoadAttributes (473ms)
			ProcessInitializeOnLoadMethodAttributes (87ms)
			AfterProcessingInitializeOnLoad (14ms)
			EditorAssembliesLoaded (0ms)
		ExecutionOrderSort2 (0ms)
		AwakeInstancesAfterBackupRestoration (24ms)
Refreshing native plugins compatible for Editor in 3.35 ms, found 3 plugins.
Preloading 0 native plugins for Editor in 0.00 ms.
Unloading 6460 Unused Serialized files (Serialized files now loaded: 0)
Unloading 45 unused Assets / (1.1 MB). Loaded Objects now: 8166.
Memory consumption went from 336.5 MB to 335.3 MB.
Total: 4.108900 ms (FindLiveObjects: 0.836100 ms CreateObjectMapping: 0.270500 ms MarkObjects: 2.820300 ms  DeleteObjects: 0.181100 ms)

Prepare: number of updated asset objects reloaded= 0
AssetImportParameters requested are different than current active one (requested -> active):
  custom:container-demuxer-ogg: 62fdf1f143b41e24485cea50d1cbac27 -> 
  custom:framework-win-MediaFoundation: 216162199b28c13a410421893ffa2e32 -> 
  custom:container-muxer-webm: aa71ff27fc2769a1b78a27578f13a17b -> 
  custom:video-decoder-webm-vp8: 9c59270c3fd7afecdb556c50c9e8de78 -> 
  custom:SearchIndexIgnoredProperties: e643bd26f0fe6173181afceb89e7c659 -> 
  custom:AudioImporter_EditorPlatform: d09bf68614088b80899f8185d706f6e7 -> 
  custom:audio-decoder-ogg-vorbis: bf7c407c2cedff20999df2af8eb42d56 -> 
  custom:audio-encoder-webm-vorbis: bf7c407c2cedff20999df2af8eb42d56 -> 
  custom:video-decoder-ogg-theora: a1e56fd34408186e4bbccfd4996cb3dc -> 
  custom:CustomObjectIndexerAttribute: a3ef5dd2817f97addfee359851a9dba5 -> 
  custom:container-demuxer-webm: 4f35f7cbe854078d1ac9338744f61a02 -> 
  custom:video-encoder-webm-vp8: eb34c28f22e8b96e1ab97ce403110664 -> 
========================================================================
Received Prepare
Begin MonoManager ReloadAssembly
Symbol file LoadedFromMemory doesn't match image E:\GitHub\TESIS\Tesis Enchanted Skylands\Library\PackageCache\com.unity.visualscripting@1.8.0\Editor\VisualScripting.Core\Dependencies\YamlDotNet\Unity.VisualScripting.YamlDotNet.dll
Symbol file LoadedFromMemory doesn't match image E:\GitHub\TESIS\Tesis Enchanted Skylands\Library\PackageCache\com.unity.visualscripting@1.8.0\Editor\VisualScripting.Core\Dependencies\DotNetZip\Unity.VisualScripting.IonicZip.dll
- Loaded All Assemblies, in  0.844 seconds
Refreshing native plugins compatible for Editor in 3.60 ms, found 3 plugins.
Native extension for WindowsStandalone target not found
[Package Manager] Server::EnsureServerProcessIsRunning -- launch failed, reason: Unity was launched with the -noUpm command-line argument
[Package Manager] UpmClient::Send -- Unable to send message (not connected to UPM process).
[Package Manager] Cannot connect to Unity Package Manager local server
[Package Manager] Server::EnsureServerProcessIsRunning -- launch failed, reason: Unity was launched with the -noUpm command-line argument
[Package Manager] UpmClient::Send -- Unable to send message (not connected to UPM process).
[Package Manager] Cannot connect to Unity Package Manager local server
Mono: successfully reloaded assembly
- Finished resetting the current domain, in  1.427 seconds
Domain Reload Profiling: 2268ms
	BeginReloadAssembly (156ms)
		ExecutionOrderSort (0ms)
		DisableScriptedObjects (5ms)
		BackupInstance (0ms)
		ReleaseScriptingObjects (0ms)
		CreateAndSetChildDomain (36ms)
	RebuildCommonClasses (37ms)
	RebuildNativeTypeToScriptingClass (13ms)
	initialDomainReloadingComplete (36ms)
	LoadAllAssembliesAndSetupDomain (598ms)
		LoadAssemblies (293ms)
		RebuildTransferFunctionScriptingTraits (0ms)
		AnalyzeDomain (376ms)
			TypeCache.Refresh (354ms)
				TypeCache.ScanAssembly (342ms)
			ScanForSourceGeneratedMonoScriptInfo (8ms)
			ResolveRequiredComponents (14ms)
	FinalizeReload (1427ms)
		ReleaseScriptCaches (0ms)
		RebuildScriptCaches (0ms)
		SetupLoadedEditorAssemblies (557ms)
			LogAssemblyErrors (0ms)
			InitializePlatformSupportModulesInManaged (7ms)
			SetLoadedEditorAssemblies (3ms)
			RefreshPlugins (0ms)
			BeforeProcessingInitializeOnLoad (83ms)
			ProcessInitializeOnLoadAttributes (382ms)
			ProcessInitializeOnLoadMethodAttributes (69ms)
			AfterProcessingInitializeOnLoad (11ms)
			EditorAssembliesLoaded (0ms)
		ExecutionOrderSort2 (0ms)
		AwakeInstancesAfterBackupRestoration (19ms)
Script is not up to date after domain reload: guid(caaa8014e1d7d1743978d6d87c89bfba) path("Assets/Scripts/Hazards/TornadoLevel4.cs") state(2)
Refreshing native plugins compatible for Editor in 3.42 ms, found 3 plugins.
Preloading 0 native plugins for Editor in 0.00 ms.
Unloading 6459 Unused Serialized files (Serialized files now loaded: 0)
Unloading 45 unused Assets / (1.1 MB). Loaded Objects now: 8181.
Memory consumption went from 336.5 MB to 335.3 MB.
Total: 4.469900 ms (FindLiveObjects: 0.937000 ms CreateObjectMapping: 0.292400 ms MarkObjects: 3.041200 ms  DeleteObjects: 0.197500 ms)

Prepare: number of updated asset objects reloaded= 0
AssetImportParameters requested are different than current active one (requested -> active):
  custom:container-demuxer-ogg: 62fdf1f143b41e24485cea50d1cbac27 -> 
  custom:framework-win-MediaFoundation: 216162199b28c13a410421893ffa2e32 -> 
  custom:container-muxer-webm: aa71ff27fc2769a1b78a27578f13a17b -> 
  custom:video-decoder-webm-vp8: 9c59270c3fd7afecdb556c50c9e8de78 -> 
  custom:SearchIndexIgnoredProperties: e643bd26f0fe6173181afceb89e7c659 -> 
  custom:AudioImporter_EditorPlatform: d09bf68614088b80899f8185d706f6e7 -> 
  custom:audio-decoder-ogg-vorbis: bf7c407c2cedff20999df2af8eb42d56 -> 
  custom:audio-encoder-webm-vorbis: bf7c407c2cedff20999df2af8eb42d56 -> 
  custom:video-decoder-ogg-theora: a1e56fd34408186e4bbccfd4996cb3dc -> 
  custom:CustomObjectIndexerAttribute: a3ef5dd2817f97addfee359851a9dba5 -> 
  custom:container-demuxer-webm: 4f35f7cbe854078d1ac9338744f61a02 -> 
  custom:video-encoder-webm-vp8: eb34c28f22e8b96e1ab97ce403110664 -> 
========================================================================
Received Prepare
Begin MonoManager ReloadAssembly
Symbol file LoadedFromMemory doesn't match image E:\GitHub\TESIS\Tesis Enchanted Skylands\Library\PackageCache\com.unity.visualscripting@1.8.0\Editor\VisualScripting.Core\Dependencies\YamlDotNet\Unity.VisualScripting.YamlDotNet.dll
Symbol file LoadedFromMemory doesn't match image E:\GitHub\TESIS\Tesis Enchanted Skylands\Library\PackageCache\com.unity.visualscripting@1.8.0\Editor\VisualScripting.Core\Dependencies\DotNetZip\Unity.VisualScripting.IonicZip.dll
- Loaded All Assemblies, in  0.815 seconds
Refreshing native plugins compatible for Editor in 2.97 ms, found 3 plugins.
Native extension for WindowsStandalone target not found
[Package Manager] Server::EnsureServerProcessIsRunning -- launch failed, reason: Unity was launched with the -noUpm command-line argument
[Package Manager] UpmClient::Send -- Unable to send message (not connected to UPM process).
[Package Manager] Cannot connect to Unity Package Manager local server
[Package Manager] Server::EnsureServerProcessIsRunning -- launch failed, reason: Unity was launched with the -noUpm command-line argument
[Package Manager] UpmClient::Send -- Unable to send message (not connected to UPM process).
[Package Manager] Cannot connect to Unity Package Manager local server
Mono: successfully reloaded assembly
- Finished resetting the current domain, in  1.382 seconds
Domain Reload Profiling: 2193ms
	BeginReloadAssembly (159ms)
		ExecutionOrderSort (0ms)
		DisableScriptedObjects (5ms)
		BackupInstance (0ms)
		ReleaseScriptingObjects (0ms)
		CreateAndSetChildDomain (36ms)
	RebuildCommonClasses (36ms)
	RebuildNativeTypeToScriptingClass (13ms)
	initialDomainReloadingComplete (36ms)
	LoadAllAssembliesAndSetupDomain (568ms)
		LoadAssemblies (287ms)
		RebuildTransferFunctionScriptingTraits (0ms)
		AnalyzeDomain (355ms)
			TypeCache.Refresh (332ms)
				TypeCache.ScanAssembly (321ms)
			ScanForSourceGeneratedMonoScriptInfo (8ms)
			ResolveRequiredComponents (14ms)
	FinalizeReload (1382ms)
		ReleaseScriptCaches (0ms)
		RebuildScriptCaches (0ms)
		SetupLoadedEditorAssemblies (548ms)
			LogAssemblyErrors (0ms)
			InitializePlatformSupportModulesInManaged (7ms)
			SetLoadedEditorAssemblies (3ms)
			RefreshPlugins (0ms)
			BeforeProcessingInitializeOnLoad (78ms)
			ProcessInitializeOnLoadAttributes (379ms)
			ProcessInitializeOnLoadMethodAttributes (69ms)
			AfterProcessingInitializeOnLoad (11ms)
			EditorAssembliesLoaded (0ms)
		ExecutionOrderSort2 (0ms)
		AwakeInstancesAfterBackupRestoration (19ms)
Refreshing native plugins compatible for Editor in 3.30 ms, found 3 plugins.
Preloading 0 native plugins for Editor in 0.00 ms.
Unloading 6460 Unused Serialized files (Serialized files now loaded: 0)
Unloading 45 unused Assets / (1.1 MB). Loaded Objects now: 8198.
Memory consumption went from 336.5 MB to 335.4 MB.
Total: 4.041600 ms (FindLiveObjects: 0.861800 ms CreateObjectMapping: 0.274300 ms MarkObjects: 2.730500 ms  DeleteObjects: 0.173700 ms)

Prepare: number of updated asset objects reloaded= 0
AssetImportParameters requested are different than current active one (requested -> active):
  custom:container-demuxer-ogg: 62fdf1f143b41e24485cea50d1cbac27 -> 
  custom:framework-win-MediaFoundation: 216162199b28c13a410421893ffa2e32 -> 
  custom:container-muxer-webm: aa71ff27fc2769a1b78a27578f13a17b -> 
  custom:video-decoder-webm-vp8: 9c59270c3fd7afecdb556c50c9e8de78 -> 
  custom:SearchIndexIgnoredProperties: e643bd26f0fe6173181afceb89e7c659 -> 
  custom:AudioImporter_EditorPlatform: d09bf68614088b80899f8185d706f6e7 -> 
  custom:audio-decoder-ogg-vorbis: bf7c407c2cedff20999df2af8eb42d56 -> 
  custom:audio-encoder-webm-vorbis: bf7c407c2cedff20999df2af8eb42d56 -> 
  custom:video-decoder-ogg-theora: a1e56fd34408186e4bbccfd4996cb3dc -> 
  custom:CustomObjectIndexerAttribute: a3ef5dd2817f97addfee359851a9dba5 -> 
  custom:container-demuxer-webm: 4f35f7cbe854078d1ac9338744f61a02 -> 
  custom:video-encoder-webm-vp8: eb34c28f22e8b96e1ab97ce403110664 -> 
========================================================================
Received Prepare
Begin MonoManager ReloadAssembly
Symbol file LoadedFromMemory doesn't match image E:\GitHub\TESIS\Tesis Enchanted Skylands\Library\PackageCache\com.unity.visualscripting@1.8.0\Editor\VisualScripting.Core\Dependencies\YamlDotNet\Unity.VisualScripting.YamlDotNet.dll
Symbol file LoadedFromMemory doesn't match image E:\GitHub\TESIS\Tesis Enchanted Skylands\Library\PackageCache\com.unity.visualscripting@1.8.0\Editor\VisualScripting.Core\Dependencies\DotNetZip\Unity.VisualScripting.IonicZip.dll
- Loaded All Assemblies, in  0.780 seconds
Refreshing native plugins compatible for Editor in 3.58 ms, found 3 plugins.
Native extension for WindowsStandalone target not found
[Package Manager] Server::EnsureServerProcessIsRunning -- launch failed, reason: Unity was launched with the -noUpm command-line argument
[Package Manager] UpmClient::Send -- Unable to send message (not connected to UPM process).
[Package Manager] Cannot connect to Unity Package Manager local server
[Package Manager] Server::EnsureServerProcessIsRunning -- launch failed, reason: Unity was launched with the -noUpm command-line argument
[Package Manager] UpmClient::Send -- Unable to send message (not connected to UPM process).
[Package Manager] Cannot connect to Unity Package Manager local server
Mono: successfully reloaded assembly
- Finished resetting the current domain, in  1.665 seconds
Domain Reload Profiling: 2442ms
	BeginReloadAssembly (156ms)
		ExecutionOrderSort (0ms)
		DisableScriptedObjects (5ms)
		BackupInstance (0ms)
		ReleaseScriptingObjects (0ms)
		CreateAndSetChildDomain (37ms)
	RebuildCommonClasses (36ms)
	RebuildNativeTypeToScriptingClass (13ms)
	initialDomainReloadingComplete (36ms)
	LoadAllAssembliesAndSetupDomain (535ms)
		LoadAssemblies (282ms)
		RebuildTransferFunctionScriptingTraits (0ms)
		AnalyzeDomain (324ms)
			TypeCache.Refresh (310ms)
				TypeCache.ScanAssembly (298ms)
			ScanForSourceGeneratedMonoScriptInfo (0ms)
			ResolveRequiredComponents (14ms)
	FinalizeReload (1666ms)
		ReleaseScriptCaches (0ms)
		RebuildScriptCaches (0ms)
		SetupLoadedEditorAssemblies (687ms)
			LogAssemblyErrors (0ms)
			InitializePlatformSupportModulesInManaged (10ms)
			SetLoadedEditorAssemblies (4ms)
			RefreshPlugins (0ms)
			BeforeProcessingInitializeOnLoad (96ms)
			ProcessInitializeOnLoadAttributes (470ms)
			ProcessInitializeOnLoadMethodAttributes (92ms)
			AfterProcessingInitializeOnLoad (14ms)
			EditorAssembliesLoaded (0ms)
		ExecutionOrderSort2 (0ms)
		AwakeInstancesAfterBackupRestoration (26ms)
Refreshing native plugins compatible for Editor in 4.01 ms, found 3 plugins.
Preloading 0 native plugins for Editor in 0.00 ms.
Unloading 6460 Unused Serialized files (Serialized files now loaded: 0)
Unloading 45 unused Assets / (1.1 MB). Loaded Objects now: 8214.
Memory consumption went from 336.5 MB to 335.4 MB.
Total: 5.113400 ms (FindLiveObjects: 1.030000 ms CreateObjectMapping: 0.373700 ms MarkObjects: 3.488100 ms  DeleteObjects: 0.220100 ms)

Prepare: number of updated asset objects reloaded= 0
AssetImportParameters requested are different than current active one (requested -> active):
  custom:container-demuxer-ogg: 62fdf1f143b41e24485cea50d1cbac27 -> 
  custom:framework-win-MediaFoundation: 216162199b28c13a410421893ffa2e32 -> 
  custom:container-muxer-webm: aa71ff27fc2769a1b78a27578f13a17b -> 
  custom:video-decoder-webm-vp8: 9c59270c3fd7afecdb556c50c9e8de78 -> 
  custom:SearchIndexIgnoredProperties: e643bd26f0fe6173181afceb89e7c659 -> 
  custom:AudioImporter_EditorPlatform: d09bf68614088b80899f8185d706f6e7 -> 
  custom:audio-decoder-ogg-vorbis: bf7c407c2cedff20999df2af8eb42d56 -> 
  custom:audio-encoder-webm-vorbis: bf7c407c2cedff20999df2af8eb42d56 -> 
  custom:video-decoder-ogg-theora: a1e56fd34408186e4bbccfd4996cb3dc -> 
  custom:CustomObjectIndexerAttribute: a3ef5dd2817f97addfee359851a9dba5 -> 
  custom:container-demuxer-webm: 4f35f7cbe854078d1ac9338744f61a02 -> 
  custom:video-encoder-webm-vp8: eb34c28f22e8b96e1ab97ce403110664 -> 
========================================================================
Received Prepare
Begin MonoManager ReloadAssembly
Symbol file LoadedFromMemory doesn't match image E:\GitHub\TESIS\Tesis Enchanted Skylands\Library\PackageCache\com.unity.visualscripting@1.8.0\Editor\VisualScripting.Core\Dependencies\YamlDotNet\Unity.VisualScripting.YamlDotNet.dll
Symbol file LoadedFromMemory doesn't match image E:\GitHub\TESIS\Tesis Enchanted Skylands\Library\PackageCache\com.unity.visualscripting@1.8.0\Editor\VisualScripting.Core\Dependencies\DotNetZip\Unity.VisualScripting.IonicZip.dll
- Loaded All Assemblies, in  0.782 seconds
Refreshing native plugins compatible for Editor in 3.45 ms, found 3 plugins.
Native extension for WindowsStandalone target not found
[Package Manager] Server::EnsureServerProcessIsRunning -- launch failed, reason: Unity was launched with the -noUpm command-line argument
[Package Manager] UpmClient::Send -- Unable to send message (not connected to UPM process).
[Package Manager] Cannot connect to Unity Package Manager local server
[Package Manager] Server::EnsureServerProcessIsRunning -- launch failed, reason: Unity was launched with the -noUpm command-line argument
[Package Manager] UpmClient::Send -- Unable to send message (not connected to UPM process).
[Package Manager] Cannot connect to Unity Package Manager local server
Mono: successfully reloaded assembly
- Finished resetting the current domain, in  1.604 seconds
Domain Reload Profiling: 2382ms
	BeginReloadAssembly (162ms)
		ExecutionOrderSort (0ms)
		DisableScriptedObjects (5ms)
		BackupInstance (0ms)
		ReleaseScriptingObjects (0ms)
		CreateAndSetChildDomain (45ms)
	RebuildCommonClasses (35ms)
	RebuildNativeTypeToScriptingClass (13ms)
	initialDomainReloadingComplete (38ms)
	LoadAllAssembliesAndSetupDomain (529ms)
		LoadAssemblies (277ms)
		RebuildTransferFunctionScriptingTraits (0ms)
		AnalyzeDomain (322ms)
			TypeCache.Refresh (307ms)
				TypeCache.ScanAssembly (295ms)
			ScanForSourceGeneratedMonoScriptInfo (0ms)
			ResolveRequiredComponents (14ms)
	FinalizeReload (1605ms)
		ReleaseScriptCaches (0ms)
		RebuildScriptCaches (0ms)
		SetupLoadedEditorAssemblies (676ms)
			LogAssemblyErrors (0ms)
			InitializePlatformSupportModulesInManaged (9ms)
			SetLoadedEditorAssemblies (4ms)
			RefreshPlugins (0ms)
			BeforeProcessingInitializeOnLoad (94ms)
			ProcessInitializeOnLoadAttributes (469ms)
			ProcessInitializeOnLoadMethodAttributes (86ms)
			AfterProcessingInitializeOnLoad (14ms)
			EditorAssembliesLoaded (0ms)
		ExecutionOrderSort2 (0ms)
		AwakeInstancesAfterBackupRestoration (23ms)
Refreshing native plugins compatible for Editor in 3.94 ms, found 3 plugins.
Preloading 0 native plugins for Editor in 0.00 ms.
Unloading 6460 Unused Serialized files (Serialized files now loaded: 0)
Unloading 45 unused Assets / (1.1 MB). Loaded Objects now: 8230.
Memory consumption went from 336.6 MB to 335.4 MB.
Total: 5.585400 ms (FindLiveObjects: 1.029800 ms CreateObjectMapping: 0.783800 ms MarkObjects: 3.514200 ms  DeleteObjects: 0.256300 ms)

Prepare: number of updated asset objects reloaded= 0
AssetImportParameters requested are different than current active one (requested -> active):
  custom:container-demuxer-ogg: 62fdf1f143b41e24485cea50d1cbac27 -> 
  custom:framework-win-MediaFoundation: 216162199b28c13a410421893ffa2e32 -> 
  custom:container-muxer-webm: aa71ff27fc2769a1b78a27578f13a17b -> 
  custom:video-decoder-webm-vp8: 9c59270c3fd7afecdb556c50c9e8de78 -> 
  custom:SearchIndexIgnoredProperties: e643bd26f0fe6173181afceb89e7c659 -> 
  custom:AudioImporter_EditorPlatform: d09bf68614088b80899f8185d706f6e7 -> 
  custom:audio-decoder-ogg-vorbis: bf7c407c2cedff20999df2af8eb42d56 -> 
  custom:audio-encoder-webm-vorbis: bf7c407c2cedff20999df2af8eb42d56 -> 
  custom:video-decoder-ogg-theora: a1e56fd34408186e4bbccfd4996cb3dc -> 
  custom:CustomObjectIndexerAttribute: a3ef5dd2817f97addfee359851a9dba5 -> 
  custom:container-demuxer-webm: 4f35f7cbe854078d1ac9338744f61a02 -> 
  custom:video-encoder-webm-vp8: eb34c28f22e8b96e1ab97ce403110664 -> 
========================================================================
Received Prepare
Begin MonoManager ReloadAssembly
Symbol file LoadedFromMemory doesn't match image E:\GitHub\TESIS\Tesis Enchanted Skylands\Library\PackageCache\com.unity.visualscripting@1.8.0\Editor\VisualScripting.Core\Dependencies\YamlDotNet\Unity.VisualScripting.YamlDotNet.dll
Symbol file LoadedFromMemory doesn't match image E:\GitHub\TESIS\Tesis Enchanted Skylands\Library\PackageCache\com.unity.visualscripting@1.8.0\Editor\VisualScripting.Core\Dependencies\DotNetZip\Unity.VisualScripting.IonicZip.dll
- Loaded All Assemblies, in  0.842 seconds
Refreshing native plugins compatible for Editor in 3.53 ms, found 3 plugins.
Native extension for WindowsStandalone target not found
[Package Manager] Server::EnsureServerProcessIsRunning -- launch failed, reason: Unity was launched with the -noUpm command-line argument
[Package Manager] UpmClient::Send -- Unable to send message (not connected to UPM process).
[Package Manager] Cannot connect to Unity Package Manager local server
[Package Manager] Server::EnsureServerProcessIsRunning -- launch failed, reason: Unity was launched with the -noUpm command-line argument
[Package Manager] UpmClient::Send -- Unable to send message (not connected to UPM process).
[Package Manager] Cannot connect to Unity Package Manager local server
Mono: successfully reloaded assembly
- Finished resetting the current domain, in  1.401 seconds
Domain Reload Profiling: 2240ms
	BeginReloadAssembly (158ms)
		ExecutionOrderSort (0ms)
		DisableScriptedObjects (5ms)
		BackupInstance (0ms)
		ReleaseScriptingObjects (0ms)
		CreateAndSetChildDomain (36ms)
	RebuildCommonClasses (36ms)
	RebuildNativeTypeToScriptingClass (14ms)
	initialDomainReloadingComplete (37ms)
	LoadAllAssembliesAndSetupDomain (594ms)
		LoadAssemblies (292ms)
		RebuildTransferFunctionScriptingTraits (0ms)
		AnalyzeDomain (372ms)
			TypeCache.Refresh (349ms)
				TypeCache.ScanAssembly (336ms)
			ScanForSourceGeneratedMonoScriptInfo (8ms)
			ResolveRequiredComponents (15ms)
	FinalizeReload (1402ms)
		ReleaseScriptCaches (0ms)
		RebuildScriptCaches (0ms)
		SetupLoadedEditorAssemblies (560ms)
			LogAssemblyErrors (0ms)
			InitializePlatformSupportModulesInManaged (7ms)
			SetLoadedEditorAssemblies (3ms)
			RefreshPlugins (0ms)
			BeforeProcessingInitializeOnLoad (82ms)
			ProcessInitializeOnLoadAttributes (384ms)
			ProcessInitializeOnLoadMethodAttributes (71ms)
			AfterProcessingInitializeOnLoad (13ms)
			EditorAssembliesLoaded (0ms)
		ExecutionOrderSort2 (0ms)
		AwakeInstancesAfterBackupRestoration (19ms)
Refreshing native plugins compatible for Editor in 3.28 ms, found 3 plugins.
Preloading 0 native plugins for Editor in 0.00 ms.
Unloading 6460 Unused Serialized files (Serialized files now loaded: 0)
Unloading 45 unused Assets / (1.1 MB). Loaded Objects now: 8246.
Memory consumption went from 336.6 MB to 335.4 MB.
Total: 4.352500 ms (FindLiveObjects: 0.864900 ms CreateObjectMapping: 0.292200 ms MarkObjects: 2.984900 ms  DeleteObjects: 0.209500 ms)

Prepare: number of updated asset objects reloaded= 0
AssetImportParameters requested are different than current active one (requested -> active):
  custom:container-demuxer-ogg: 62fdf1f143b41e24485cea50d1cbac27 -> 
  custom:framework-win-MediaFoundation: 216162199b28c13a410421893ffa2e32 -> 
  custom:container-muxer-webm: aa71ff27fc2769a1b78a27578f13a17b -> 
  custom:video-decoder-webm-vp8: 9c59270c3fd7afecdb556c50c9e8de78 -> 
  custom:SearchIndexIgnoredProperties: e643bd26f0fe6173181afceb89e7c659 -> 
  custom:AudioImporter_EditorPlatform: d09bf68614088b80899f8185d706f6e7 -> 
  custom:audio-decoder-ogg-vorbis: bf7c407c2cedff20999df2af8eb42d56 -> 
  custom:audio-encoder-webm-vorbis: bf7c407c2cedff20999df2af8eb42d56 -> 
  custom:video-decoder-ogg-theora: a1e56fd34408186e4bbccfd4996cb3dc -> 
  custom:CustomObjectIndexerAttribute: a3ef5dd2817f97addfee359851a9dba5 -> 
  custom:container-demuxer-webm: 4f35f7cbe854078d1ac9338744f61a02 -> 
  custom:video-encoder-webm-vp8: eb34c28f22e8b96e1ab97ce403110664 -> 
========================================================================
Received Import Request.
  Time since last request: 1090.875082 seconds.
  path: Assets/Scripts/Hazards/BulletCrystalLv4.cs
  artifactKey: Guid(c40c7b1226406b04398d12043a2e493e) Importer(815301076,1909f56bfc062723c751e8b465ee728b)
Start importing Assets/Scripts/Hazards/BulletCrystalLv4.cs using Guid(c40c7b1226406b04398d12043a2e493e) Importer(815301076,1909f56bfc062723c751e8b465ee728b)  -> (artifact id: '5b1a001b845dd8b1bf9d28f0ab89e8f4') in 0.002706 seconds
Number of updated asset objects reloaded before import = 0
Number of asset objects unloaded after import = 0
========================================================================
Received Prepare
Begin MonoManager ReloadAssembly
Symbol file LoadedFromMemory doesn't match image E:\GitHub\TESIS\Tesis Enchanted Skylands\Library\PackageCache\com.unity.visualscripting@1.8.0\Editor\VisualScripting.Core\Dependencies\YamlDotNet\Unity.VisualScripting.YamlDotNet.dll
Symbol file LoadedFromMemory doesn't match image E:\GitHub\TESIS\Tesis Enchanted Skylands\Library\PackageCache\com.unity.visualscripting@1.8.0\Editor\VisualScripting.Core\Dependencies\DotNetZip\Unity.VisualScripting.IonicZip.dll
- Loaded All Assemblies, in  0.861 seconds
Refreshing native plugins compatible for Editor in 4.17 ms, found 3 plugins.
Native extension for WindowsStandalone target not found
[Package Manager] Server::EnsureServerProcessIsRunning -- launch failed, reason: Unity was launched with the -noUpm command-line argument
[Package Manager] UpmClient::Send -- Unable to send message (not connected to UPM process).
[Package Manager] Cannot connect to Unity Package Manager local server
[Package Manager] Server::EnsureServerProcessIsRunning -- launch failed, reason: Unity was launched with the -noUpm command-line argument
[Package Manager] UpmClient::Send -- Unable to send message (not connected to UPM process).
[Package Manager] Cannot connect to Unity Package Manager local server
Mono: successfully reloaded assembly
- Finished resetting the current domain, in  1.512 seconds
Domain Reload Profiling: 2370ms
	BeginReloadAssembly (161ms)
		ExecutionOrderSort (0ms)
		DisableScriptedObjects (6ms)
		BackupInstance (0ms)
		ReleaseScriptingObjects (0ms)
		CreateAndSetChildDomain (39ms)
	RebuildCommonClasses (37ms)
	RebuildNativeTypeToScriptingClass (13ms)
	initialDomainReloadingComplete (39ms)
	LoadAllAssembliesAndSetupDomain (607ms)
		LoadAssemblies (299ms)
		RebuildTransferFunctionScriptingTraits (0ms)
		AnalyzeDomain (380ms)
			TypeCache.Refresh (357ms)
				TypeCache.ScanAssembly (344ms)
			ScanForSourceGeneratedMonoScriptInfo (8ms)
			ResolveRequiredComponents (15ms)
	FinalizeReload (1512ms)
		ReleaseScriptCaches (0ms)
		RebuildScriptCaches (0ms)
		SetupLoadedEditorAssemblies (604ms)
			LogAssemblyErrors (0ms)
			InitializePlatformSupportModulesInManaged (7ms)
			SetLoadedEditorAssemblies (4ms)
			RefreshPlugins (0ms)
			BeforeProcessingInitializeOnLoad (88ms)
			ProcessInitializeOnLoadAttributes (414ms)
			ProcessInitializeOnLoadMethodAttributes (78ms)
			AfterProcessingInitializeOnLoad (12ms)
			EditorAssembliesLoaded (0ms)
		ExecutionOrderSort2 (0ms)
		AwakeInstancesAfterBackupRestoration (21ms)
Refreshing native plugins compatible for Editor in 3.46 ms, found 3 plugins.
Preloading 0 native plugins for Editor in 0.00 ms.
Unloading 6461 Unused Serialized files (Serialized files now loaded: 0)
Unloading 45 unused Assets / (1.1 MB). Loaded Objects now: 8263.
Memory consumption went from 336.6 MB to 335.5 MB.
Total: 4.665200 ms (FindLiveObjects: 0.923000 ms CreateObjectMapping: 0.364900 ms MarkObjects: 3.151100 ms  DeleteObjects: 0.224700 ms)

Prepare: number of updated asset objects reloaded= 0
AssetImportParameters requested are different than current active one (requested -> active):
  custom:container-demuxer-ogg: 62fdf1f143b41e24485cea50d1cbac27 -> 
  custom:framework-win-MediaFoundation: 216162199b28c13a410421893ffa2e32 -> 
  custom:container-muxer-webm: aa71ff27fc2769a1b78a27578f13a17b -> 
  custom:video-decoder-webm-vp8: 9c59270c3fd7afecdb556c50c9e8de78 -> 
  custom:SearchIndexIgnoredProperties: e643bd26f0fe6173181afceb89e7c659 -> 
  custom:AudioImporter_EditorPlatform: d09bf68614088b80899f8185d706f6e7 -> 
  custom:audio-decoder-ogg-vorbis: bf7c407c2cedff20999df2af8eb42d56 -> 
  custom:audio-encoder-webm-vorbis: bf7c407c2cedff20999df2af8eb42d56 -> 
  custom:video-decoder-ogg-theora: a1e56fd34408186e4bbccfd4996cb3dc -> 
  custom:CustomObjectIndexerAttribute: a3ef5dd2817f97addfee359851a9dba5 -> 
  custom:container-demuxer-webm: 4f35f7cbe854078d1ac9338744f61a02 -> 
  custom:video-encoder-webm-vp8: eb34c28f22e8b96e1ab97ce403110664 -> 
========================================================================
Received Import Request.
  Time since last request: 8.279015 seconds.
  path: Assets/Scripts/Hazards/BulletCrystalLv4.cs
  artifactKey: Guid(c40c7b1226406b04398d12043a2e493e) Importer(815301076,1909f56bfc062723c751e8b465ee728b)
Start importing Assets/Scripts/Hazards/BulletCrystalLv4.cs using Guid(c40c7b1226406b04398d12043a2e493e) Importer(815301076,1909f56bfc062723c751e8b465ee728b)  -> (artifact id: 'aa6b03f8451564cc466cf70b46966bbd') in 0.001848 seconds
Number of updated asset objects reloaded before import = 0
Number of asset objects unloaded after import = 0
========================================================================
Received Import Request.
  Time since last request: 1.202270 seconds.
  path: Assets/Scripts/Hazards/BulletCrystalLv4.cs
  artifactKey: Guid(c40c7b1226406b04398d12043a2e493e) Importer(815301076,1909f56bfc062723c751e8b465ee728b)
Start importing Assets/Scripts/Hazards/BulletCrystalLv4.cs using Guid(c40c7b1226406b04398d12043a2e493e) Importer(815301076,1909f56bfc062723c751e8b465ee728b)  -> (artifact id: '30784a9deab84b252071d4788753a3f1') in 0.000677 seconds
Number of updated asset objects reloaded before import = 0
Number of asset objects unloaded after import = 0
========================================================================
Received Prepare
Begin MonoManager ReloadAssembly
Symbol file LoadedFromMemory doesn't match image E:\GitHub\TESIS\Tesis Enchanted Skylands\Library\PackageCache\com.unity.visualscripting@1.8.0\Editor\VisualScripting.Core\Dependencies\YamlDotNet\Unity.VisualScripting.YamlDotNet.dll
Symbol file LoadedFromMemory doesn't match image E:\GitHub\TESIS\Tesis Enchanted Skylands\Library\PackageCache\com.unity.visualscripting@1.8.0\Editor\VisualScripting.Core\Dependencies\DotNetZip\Unity.VisualScripting.IonicZip.dll
- Loaded All Assemblies, in  0.858 seconds
Refreshing native plugins compatible for Editor in 4.32 ms, found 3 plugins.
Native extension for WindowsStandalone target not found
[Package Manager] Server::EnsureServerProcessIsRunning -- launch failed, reason: Unity was launched with the -noUpm command-line argument
[Package Manager] UpmClient::Send -- Unable to send message (not connected to UPM process).
[Package Manager] Cannot connect to Unity Package Manager local server
[Package Manager] Server::EnsureServerProcessIsRunning -- launch failed, reason: Unity was launched with the -noUpm command-line argument
[Package Manager] UpmClient::Send -- Unable to send message (not connected to UPM process).
[Package Manager] Cannot connect to Unity Package Manager local server
Mono: successfully reloaded assembly
- Finished resetting the current domain, in  1.432 seconds
Domain Reload Profiling: 2287ms
	BeginReloadAssembly (138ms)
		ExecutionOrderSort (0ms)
		DisableScriptedObjects (5ms)
		BackupInstance (0ms)
		ReleaseScriptingObjects (0ms)
		CreateAndSetChildDomain (37ms)
	RebuildCommonClasses (36ms)
	RebuildNativeTypeToScriptingClass (13ms)
	initialDomainReloadingComplete (36ms)
	LoadAllAssembliesAndSetupDomain (631ms)
		LoadAssemblies (306ms)
		RebuildTransferFunctionScriptingTraits (0ms)
		AnalyzeDomain (378ms)
			TypeCache.Refresh (356ms)
				TypeCache.ScanAssembly (343ms)
			ScanForSourceGeneratedMonoScriptInfo (8ms)
			ResolveRequiredComponents (14ms)
	FinalizeReload (1432ms)
		ReleaseScriptCaches (0ms)
		RebuildScriptCaches (0ms)
		SetupLoadedEditorAssemblies (582ms)
			LogAssemblyErrors (0ms)
			InitializePlatformSupportModulesInManaged (8ms)
			SetLoadedEditorAssemblies (3ms)
			RefreshPlugins (0ms)
			BeforeProcessingInitializeOnLoad (82ms)
			ProcessInitializeOnLoadAttributes (405ms)
			ProcessInitializeOnLoadMethodAttributes (72ms)
			AfterProcessingInitializeOnLoad (11ms)
			EditorAssembliesLoaded (0ms)
		ExecutionOrderSort2 (0ms)
		AwakeInstancesAfterBackupRestoration (20ms)
Script is not up to date after domain reload: guid(c40c7b1226406b04398d12043a2e493e) path("Assets/Scripts/Hazards/BulletCrystalLv4.cs") state(2)
Refreshing native plugins compatible for Editor in 3.23 ms, found 3 plugins.
Preloading 0 native plugins for Editor in 0.00 ms.
Unloading 6460 Unused Serialized files (Serialized files now loaded: 0)
Unloading 45 unused Assets / (1.1 MB). Loaded Objects now: 8278.
Memory consumption went from 336.6 MB to 335.5 MB.
Total: 4.599000 ms (FindLiveObjects: 0.890500 ms CreateObjectMapping: 0.400100 ms MarkObjects: 3.106800 ms  DeleteObjects: 0.200100 ms)

Prepare: number of updated asset objects reloaded= 0
AssetImportParameters requested are different than current active one (requested -> active):
  custom:container-demuxer-ogg: 62fdf1f143b41e24485cea50d1cbac27 -> 
  custom:framework-win-MediaFoundation: 216162199b28c13a410421893ffa2e32 -> 
  custom:container-muxer-webm: aa71ff27fc2769a1b78a27578f13a17b -> 
  custom:video-decoder-webm-vp8: 9c59270c3fd7afecdb556c50c9e8de78 -> 
  custom:SearchIndexIgnoredProperties: e643bd26f0fe6173181afceb89e7c659 -> 
  custom:AudioImporter_EditorPlatform: d09bf68614088b80899f8185d706f6e7 -> 
  custom:audio-decoder-ogg-vorbis: bf7c407c2cedff20999df2af8eb42d56 -> 
  custom:audio-encoder-webm-vorbis: bf7c407c2cedff20999df2af8eb42d56 -> 
  custom:video-decoder-ogg-theora: a1e56fd34408186e4bbccfd4996cb3dc -> 
  custom:CustomObjectIndexerAttribute: a3ef5dd2817f97addfee359851a9dba5 -> 
  custom:container-demuxer-webm: 4f35f7cbe854078d1ac9338744f61a02 -> 
  custom:video-encoder-webm-vp8: eb34c28f22e8b96e1ab97ce403110664 -> 
========================================================================
Received Prepare
Begin MonoManager ReloadAssembly
Symbol file LoadedFromMemory doesn't match image E:\GitHub\TESIS\Tesis Enchanted Skylands\Library\PackageCache\com.unity.visualscripting@1.8.0\Editor\VisualScripting.Core\Dependencies\YamlDotNet\Unity.VisualScripting.YamlDotNet.dll
Symbol file LoadedFromMemory doesn't match image E:\GitHub\TESIS\Tesis Enchanted Skylands\Library\PackageCache\com.unity.visualscripting@1.8.0\Editor\VisualScripting.Core\Dependencies\DotNetZip\Unity.VisualScripting.IonicZip.dll
- Loaded All Assemblies, in  0.876 seconds
Refreshing native plugins compatible for Editor in 4.61 ms, found 3 plugins.
Native extension for WindowsStandalone target not found
[Package Manager] Server::EnsureServerProcessIsRunning -- launch failed, reason: Unity was launched with the -noUpm command-line argument
[Package Manager] UpmClient::Send -- Unable to send message (not connected to UPM process).
[Package Manager] Cannot connect to Unity Package Manager local server
[Package Manager] Server::EnsureServerProcessIsRunning -- launch failed, reason: Unity was launched with the -noUpm command-line argument
[Package Manager] UpmClient::Send -- Unable to send message (not connected to UPM process).
[Package Manager] Cannot connect to Unity Package Manager local server
Mono: successfully reloaded assembly
- Finished resetting the current domain, in  1.677 seconds
Domain Reload Profiling: 2550ms
	BeginReloadAssembly (158ms)
		ExecutionOrderSort (0ms)
		DisableScriptedObjects (5ms)
		BackupInstance (0ms)
		ReleaseScriptingObjects (0ms)
		CreateAndSetChildDomain (37ms)
	RebuildCommonClasses (35ms)
	RebuildNativeTypeToScriptingClass (13ms)
	initialDomainReloadingComplete (37ms)
	LoadAllAssembliesAndSetupDomain (628ms)
		LoadAssemblies (302ms)
		RebuildTransferFunctionScriptingTraits (0ms)
		AnalyzeDomain (397ms)
			TypeCache.Refresh (371ms)
				TypeCache.ScanAssembly (356ms)
			ScanForSourceGeneratedMonoScriptInfo (9ms)
			ResolveRequiredComponents (17ms)
	FinalizeReload (1678ms)
		ReleaseScriptCaches (0ms)
		RebuildScriptCaches (0ms)
		SetupLoadedEditorAssemblies (666ms)
			LogAssemblyErrors (0ms)
			InitializePlatformSupportModulesInManaged (8ms)
			SetLoadedEditorAssemblies (4ms)
			RefreshPlugins (0ms)
			BeforeProcessingInitializeOnLoad (95ms)
			ProcessInitializeOnLoadAttributes (460ms)
			ProcessInitializeOnLoadMethodAttributes (85ms)
			AfterProcessingInitializeOnLoad (14ms)
			EditorAssembliesLoaded (0ms)
		ExecutionOrderSort2 (0ms)
		AwakeInstancesAfterBackupRestoration (24ms)
Refreshing native plugins compatible for Editor in 3.24 ms, found 3 plugins.
Preloading 0 native plugins for Editor in 0.00 ms.
Unloading 6461 Unused Serialized files (Serialized files now loaded: 0)
Unloading 45 unused Assets / (1.1 MB). Loaded Objects now: 8295.
Memory consumption went from 336.6 MB to 335.5 MB.
Total: 4.589800 ms (FindLiveObjects: 0.978800 ms CreateObjectMapping: 0.369500 ms MarkObjects: 3.046300 ms  DeleteObjects: 0.194100 ms)

Prepare: number of updated asset objects reloaded= 0
AssetImportParameters requested are different than current active one (requested -> active):
  custom:container-demuxer-ogg: 62fdf1f143b41e24485cea50d1cbac27 -> 
  custom:framework-win-MediaFoundation: 216162199b28c13a410421893ffa2e32 -> 
  custom:container-muxer-webm: aa71ff27fc2769a1b78a27578f13a17b -> 
  custom:video-decoder-webm-vp8: 9c59270c3fd7afecdb556c50c9e8de78 -> 
  custom:SearchIndexIgnoredProperties: e643bd26f0fe6173181afceb89e7c659 -> 
  custom:AudioImporter_EditorPlatform: d09bf68614088b80899f8185d706f6e7 -> 
  custom:audio-decoder-ogg-vorbis: bf7c407c2cedff20999df2af8eb42d56 -> 
  custom:audio-encoder-webm-vorbis: bf7c407c2cedff20999df2af8eb42d56 -> 
  custom:video-decoder-ogg-theora: a1e56fd34408186e4bbccfd4996cb3dc -> 
  custom:CustomObjectIndexerAttribute: a3ef5dd2817f97addfee359851a9dba5 -> 
  custom:container-demuxer-webm: 4f35f7cbe854078d1ac9338744f61a02 -> 
  custom:video-encoder-webm-vp8: eb34c28f22e8b96e1ab97ce403110664 -> 
========================================================================
Received Import Request.
  Time since last request: 17.287850 seconds.
  path: Assets/Prefabs/Pillars/CrystalsObstacle/CrystalShot 1.prefab
  artifactKey: Guid(c7efa0fbeb75204408f97f4e338e6cbb) Importer(815301076,1909f56bfc062723c751e8b465ee728b)
Start importing Assets/Prefabs/Pillars/CrystalsObstacle/CrystalShot 1.prefab using Guid(c7efa0fbeb75204408f97f4e338e6cbb) Importer(815301076,1909f56bfc062723c751e8b465ee728b)  -> (artifact id: '730d7e914398d9796cc0a84b24e6745a') in 0.013925 seconds
Number of updated asset objects reloaded before import = 0
Number of asset objects unloaded after import = 8
========================================================================
Received Import Request.
  Time since last request: 6.076171 seconds.
  path: Assets/Prefabs/Pillars/CrystalsObstacle/CrystalShot 2.prefab
  artifactKey: Guid(22ac01c3d2acacc4a96d9eaf1ec139f5) Importer(815301076,1909f56bfc062723c751e8b465ee728b)
Start importing Assets/Prefabs/Pillars/CrystalsObstacle/CrystalShot 2.prefab using Guid(22ac01c3d2acacc4a96d9eaf1ec139f5) Importer(815301076,1909f56bfc062723c751e8b465ee728b)  -> (artifact id: '2ca4403b6cd0c8d9a9cb833f64d0bf88') in 0.001692 seconds
Number of updated asset objects reloaded before import = 0
Number of asset objects unloaded after import = 8
========================================================================
Received Import Request.
  Time since last request: 2.047565 seconds.
  path: Assets/Prefabs/Pillars/CrystalsObstacle/CrystalShot 3.prefab
  artifactKey: Guid(715b3df6c7170b445a70e669a80c0f0a) Importer(815301076,1909f56bfc062723c751e8b465ee728b)
Start importing Assets/Prefabs/Pillars/CrystalsObstacle/CrystalShot 3.prefab using Guid(715b3df6c7170b445a70e669a80c0f0a) Importer(815301076,1909f56bfc062723c751e8b465ee728b)  -> (artifact id: 'ed92f25f0921dd6f1b645a2dd9e90265') in 0.001809 seconds
Number of updated asset objects reloaded before import = 0
Number of asset objects unloaded after import = 8
========================================================================
Received Import Request.
  Time since last request: 2.171726 seconds.
  path: Assets/Prefabs/Pillars/CrystalsObstacle/CrystalShot 4.prefab
  artifactKey: Guid(8161d1044392a9145aa2361b5091149d) Importer(815301076,1909f56bfc062723c751e8b465ee728b)
Start importing Assets/Prefabs/Pillars/CrystalsObstacle/CrystalShot 4.prefab using Guid(8161d1044392a9145aa2361b5091149d) Importer(815301076,1909f56bfc062723c751e8b465ee728b)  -> (artifact id: '84ac2bf5a43974afc9ba5b7ed7dce4e0') in 0.001661 seconds
Number of updated asset objects reloaded before import = 0
Number of asset objects unloaded after import = 8
========================================================================
Received Prepare
Begin MonoManager ReloadAssembly
Symbol file LoadedFromMemory doesn't match image E:\GitHub\TESIS\Tesis Enchanted Skylands\Library\PackageCache\com.unity.visualscripting@1.8.0\Editor\VisualScripting.Core\Dependencies\YamlDotNet\Unity.VisualScripting.YamlDotNet.dll
Symbol file LoadedFromMemory doesn't match image E:\GitHub\TESIS\Tesis Enchanted Skylands\Library\PackageCache\com.unity.visualscripting@1.8.0\Editor\VisualScripting.Core\Dependencies\DotNetZip\Unity.VisualScripting.IonicZip.dll
- Loaded All Assemblies, in  0.776 seconds
Refreshing native plugins compatible for Editor in 3.57 ms, found 3 plugins.
Native extension for WindowsStandalone target not found
[Package Manager] Server::EnsureServerProcessIsRunning -- launch failed, reason: Unity was launched with the -noUpm command-line argument
[Package Manager] UpmClient::Send -- Unable to send message (not connected to UPM process).
[Package Manager] Cannot connect to Unity Package Manager local server
[Package Manager] Server::EnsureServerProcessIsRunning -- launch failed, reason: Unity was launched with the -noUpm command-line argument
[Package Manager] UpmClient::Send -- Unable to send message (not connected to UPM process).
[Package Manager] Cannot connect to Unity Package Manager local server
Mono: successfully reloaded assembly
- Finished resetting the current domain, in  1.574 seconds
Domain Reload Profiling: 2348ms
	BeginReloadAssembly (156ms)
		ExecutionOrderSort (0ms)
		DisableScriptedObjects (5ms)
		BackupInstance (0ms)
		ReleaseScriptingObjects (0ms)
		CreateAndSetChildDomain (37ms)
	RebuildCommonClasses (35ms)
	RebuildNativeTypeToScriptingClass (13ms)
	initialDomainReloadingComplete (37ms)
	LoadAllAssembliesAndSetupDomain (531ms)
		LoadAssemblies (280ms)
		RebuildTransferFunctionScriptingTraits (0ms)
		AnalyzeDomain (322ms)
			TypeCache.Refresh (308ms)
				TypeCache.ScanAssembly (296ms)
			ScanForSourceGeneratedMonoScriptInfo (0ms)
			ResolveRequiredComponents (14ms)
	FinalizeReload (1575ms)
		ReleaseScriptCaches (0ms)
		RebuildScriptCaches (0ms)
		SetupLoadedEditorAssemblies (668ms)
			LogAssemblyErrors (0ms)
			InitializePlatformSupportModulesInManaged (9ms)
			SetLoadedEditorAssemblies (4ms)
			RefreshPlugins (0ms)
			BeforeProcessingInitializeOnLoad (98ms)
			ProcessInitializeOnLoadAttributes (463ms)
			ProcessInitializeOnLoadMethodAttributes (82ms)
			AfterProcessingInitializeOnLoad (11ms)
			EditorAssembliesLoaded (0ms)
		ExecutionOrderSort2 (0ms)
		AwakeInstancesAfterBackupRestoration (22ms)
Refreshing native plugins compatible for Editor in 3.99 ms, found 3 plugins.
Preloading 0 native plugins for Editor in 0.00 ms.
Unloading 6461 Unused Serialized files (Serialized files now loaded: 0)
Unloading 45 unused Assets / (1.1 MB). Loaded Objects now: 8311.
Memory consumption went from 336.6 MB to 335.5 MB.
Total: 5.720800 ms (FindLiveObjects: 1.170100 ms CreateObjectMapping: 0.466000 ms MarkObjects: 3.785800 ms  DeleteObjects: 0.297600 ms)

Prepare: number of updated asset objects reloaded= 0
AssetImportParameters requested are different than current active one (requested -> active):
  custom:container-demuxer-ogg: 62fdf1f143b41e24485cea50d1cbac27 -> 
  custom:framework-win-MediaFoundation: 216162199b28c13a410421893ffa2e32 -> 
  custom:container-muxer-webm: aa71ff27fc2769a1b78a27578f13a17b -> 
  custom:video-decoder-webm-vp8: 9c59270c3fd7afecdb556c50c9e8de78 -> 
  custom:SearchIndexIgnoredProperties: e643bd26f0fe6173181afceb89e7c659 -> 
  custom:AudioImporter_EditorPlatform: d09bf68614088b80899f8185d706f6e7 -> 
  custom:audio-decoder-ogg-vorbis: bf7c407c2cedff20999df2af8eb42d56 -> 
  custom:audio-encoder-webm-vorbis: bf7c407c2cedff20999df2af8eb42d56 -> 
  custom:video-decoder-ogg-theora: a1e56fd34408186e4bbccfd4996cb3dc -> 
  custom:CustomObjectIndexerAttribute: a3ef5dd2817f97addfee359851a9dba5 -> 
  custom:container-demuxer-webm: 4f35f7cbe854078d1ac9338744f61a02 -> 
  custom:video-encoder-webm-vp8: eb34c28f22e8b96e1ab97ce403110664 -> 
========================================================================
Received Import Request.
  Time since last request: 61.508069 seconds.
  path: Assets/Prefabs/Pillars/CrystalsObstacle/CrystalShot 1.prefab
  artifactKey: Guid(c7efa0fbeb75204408f97f4e338e6cbb) Importer(815301076,1909f56bfc062723c751e8b465ee728b)
Start importing Assets/Prefabs/Pillars/CrystalsObstacle/CrystalShot 1.prefab using Guid(c7efa0fbeb75204408f97f4e338e6cbb) Importer(815301076,1909f56bfc062723c751e8b465ee728b)  -> (artifact id: '69c1085021efd914b284e7d9c513dfce') in 0.014859 seconds
Number of updated asset objects reloaded before import = 0
Number of asset objects unloaded after import = 8
========================================================================
Received Import Request.
  Time since last request: 0.000017 seconds.
  path: Assets/Prefabs/Pillars/CrystalsObstacle/CrystalShot 4.prefab
  artifactKey: Guid(8161d1044392a9145aa2361b5091149d) Importer(815301076,1909f56bfc062723c751e8b465ee728b)
Start importing Assets/Prefabs/Pillars/CrystalsObstacle/CrystalShot 4.prefab using Guid(8161d1044392a9145aa2361b5091149d) Importer(815301076,1909f56bfc062723c751e8b465ee728b)  -> (artifact id: 'a3204c126630e679079dc08b72c92d7d') in 0.001702 seconds
Number of updated asset objects reloaded before import = 0
Number of asset objects unloaded after import = 8
========================================================================
Received Import Request.
  Time since last request: 1.130415 seconds.
  path: Assets/Prefabs/Pillars/CrystalsObstacle/CrystalShot 1.prefab
  artifactKey: Guid(c7efa0fbeb75204408f97f4e338e6cbb) Importer(815301076,1909f56bfc062723c751e8b465ee728b)
Start importing Assets/Prefabs/Pillars/CrystalsObstacle/CrystalShot 1.prefab using Guid(c7efa0fbeb75204408f97f4e338e6cbb) Importer(815301076,1909f56bfc062723c751e8b465ee728b)  -> (artifact id: '2cf58d9facf9a47b4058d9ca529d86ef') in 0.001665 seconds
Number of updated asset objects reloaded before import = 0
Number of asset objects unloaded after import = 8
========================================================================
Received Import Request.
  Time since last request: 0.000014 seconds.
  path: Assets/Prefabs/Pillars/CrystalsObstacle/CrystalShot 3.prefab
  artifactKey: Guid(715b3df6c7170b445a70e669a80c0f0a) Importer(815301076,1909f56bfc062723c751e8b465ee728b)
Start importing Assets/Prefabs/Pillars/CrystalsObstacle/CrystalShot 3.prefab using Guid(715b3df6c7170b445a70e669a80c0f0a) Importer(815301076,1909f56bfc062723c751e8b465ee728b)  -> (artifact id: '61598cdf8008cc99f629869dd2ac495e') in 0.001550 seconds
Number of updated asset objects reloaded before import = 0
Number of asset objects unloaded after import = 8
========================================================================
Received Import Request.
  Time since last request: 1.785308 seconds.
  path: Assets/Prefabs/Pillars/CrystalsObstacle/CrystalShot 1.prefab
  artifactKey: Guid(c7efa0fbeb75204408f97f4e338e6cbb) Importer(815301076,1909f56bfc062723c751e8b465ee728b)
Start importing Assets/Prefabs/Pillars/CrystalsObstacle/CrystalShot 1.prefab using Guid(c7efa0fbeb75204408f97f4e338e6cbb) Importer(815301076,1909f56bfc062723c751e8b465ee728b)  -> (artifact id: '3a029f288a9fdd51b841b27423a8d066') in 0.001935 seconds
Number of updated asset objects reloaded before import = 0
Number of asset objects unloaded after import = 8
========================================================================
Received Import Request.
  Time since last request: 0.000019 seconds.
  path: Assets/Prefabs/Pillars/CrystalsObstacle/CrystalShot 3.prefab
  artifactKey: Guid(715b3df6c7170b445a70e669a80c0f0a) Importer(815301076,1909f56bfc062723c751e8b465ee728b)
Start importing Assets/Prefabs/Pillars/CrystalsObstacle/CrystalShot 3.prefab using Guid(715b3df6c7170b445a70e669a80c0f0a) Importer(815301076,1909f56bfc062723c751e8b465ee728b)  -> (artifact id: '5eafacb8ca2f184b4c94419cd7628028') in 0.001844 seconds
Number of updated asset objects reloaded before import = 0
Number of asset objects unloaded after import = 8
========================================================================
Received Import Request.
  Time since last request: 0.165362 seconds.
  path: Assets/Prefabs/Pillars/CrystalsObstacle/CrystalShot 1.prefab
  artifactKey: Guid(c7efa0fbeb75204408f97f4e338e6cbb) Importer(815301076,1909f56bfc062723c751e8b465ee728b)
Start importing Assets/Prefabs/Pillars/CrystalsObstacle/CrystalShot 1.prefab using Guid(c7efa0fbeb75204408f97f4e338e6cbb) Importer(815301076,1909f56bfc062723c751e8b465ee728b)  -> (artifact id: '8cfd7b987f3b431094e554731c17cb65') in 0.001825 seconds
Number of updated asset objects reloaded before import = 0
Number of asset objects unloaded after import = 8
========================================================================
Received Import Request.
  Time since last request: 0.000015 seconds.
  path: Assets/Prefabs/Pillars/CrystalsObstacle/CrystalShot 3.prefab
  artifactKey: Guid(715b3df6c7170b445a70e669a80c0f0a) Importer(815301076,1909f56bfc062723c751e8b465ee728b)
Start importing Assets/Prefabs/Pillars/CrystalsObstacle/CrystalShot 3.prefab using Guid(715b3df6c7170b445a70e669a80c0f0a) Importer(815301076,1909f56bfc062723c751e8b465ee728b)  -> (artifact id: '620626247549a17a3fd95cba198e9b30') in 0.002036 seconds
Number of updated asset objects reloaded before import = 0
Number of asset objects unloaded after import = 8
========================================================================
Received Import Request.
  Time since last request: 0.159315 seconds.
  path: Assets/Prefabs/Pillars/CrystalsObstacle/CrystalShot 1.prefab
  artifactKey: Guid(c7efa0fbeb75204408f97f4e338e6cbb) Importer(815301076,1909f56bfc062723c751e8b465ee728b)
Start importing Assets/Prefabs/Pillars/CrystalsObstacle/CrystalShot 1.prefab using Guid(c7efa0fbeb75204408f97f4e338e6cbb) Importer(815301076,1909f56bfc062723c751e8b465ee728b)  -> (artifact id: '692f25f8e5ca635ca4d6d7ecd08db71a') in 0.001655 seconds
Number of updated asset objects reloaded before import = 0
Number of asset objects unloaded after import = 8
========================================================================
Received Import Request.
  Time since last request: 0.000017 seconds.
  path: Assets/Prefabs/Pillars/CrystalsObstacle/CrystalShot 4.prefab
  artifactKey: Guid(8161d1044392a9145aa2361b5091149d) Importer(815301076,1909f56bfc062723c751e8b465ee728b)
Start importing Assets/Prefabs/Pillars/CrystalsObstacle/CrystalShot 4.prefab using Guid(8161d1044392a9145aa2361b5091149d) Importer(815301076,1909f56bfc062723c751e8b465ee728b)  -> (artifact id: '6e763a098b3aa3c17406efe09f4eb971') in 0.001512 seconds
Number of updated asset objects reloaded before import = 0
Number of asset objects unloaded after import = 8
========================================================================
Received Prepare
Begin MonoManager ReloadAssembly
Symbol file LoadedFromMemory doesn't match image E:\GitHub\TESIS\Tesis Enchanted Skylands\Library\PackageCache\com.unity.visualscripting@1.8.0\Editor\VisualScripting.Core\Dependencies\YamlDotNet\Unity.VisualScripting.YamlDotNet.dll
Symbol file LoadedFromMemory doesn't match image E:\GitHub\TESIS\Tesis Enchanted Skylands\Library\PackageCache\com.unity.visualscripting@1.8.0\Editor\VisualScripting.Core\Dependencies\DotNetZip\Unity.VisualScripting.IonicZip.dll
- Loaded All Assemblies, in  0.784 seconds
Refreshing native plugins compatible for Editor in 3.42 ms, found 3 plugins.
Native extension for WindowsStandalone target not found
[Package Manager] Server::EnsureServerProcessIsRunning -- launch failed, reason: Unity was launched with the -noUpm command-line argument
[Package Manager] UpmClient::Send -- Unable to send message (not connected to UPM process).
[Package Manager] Cannot connect to Unity Package Manager local server
[Package Manager] Server::EnsureServerProcessIsRunning -- launch failed, reason: Unity was launched with the -noUpm command-line argument
[Package Manager] UpmClient::Send -- Unable to send message (not connected to UPM process).
[Package Manager] Cannot connect to Unity Package Manager local server
Mono: successfully reloaded assembly
- Finished resetting the current domain, in  1.651 seconds
Domain Reload Profiling: 2432ms
	BeginReloadAssembly (158ms)
		ExecutionOrderSort (0ms)
		DisableScriptedObjects (5ms)
		BackupInstance (0ms)
		ReleaseScriptingObjects (0ms)
		CreateAndSetChildDomain (36ms)
	RebuildCommonClasses (36ms)
	RebuildNativeTypeToScriptingClass (13ms)
	initialDomainReloadingComplete (37ms)
	LoadAllAssembliesAndSetupDomain (536ms)
		LoadAssemblies (286ms)
		RebuildTransferFunctionScriptingTraits (0ms)
		AnalyzeDomain (323ms)
			TypeCache.Refresh (309ms)
				TypeCache.ScanAssembly (297ms)
			ScanForSourceGeneratedMonoScriptInfo (0ms)
			ResolveRequiredComponents (14ms)
	FinalizeReload (1652ms)
		ReleaseScriptCaches (0ms)
		RebuildScriptCaches (0ms)
		SetupLoadedEditorAssemblies (676ms)
			LogAssemblyErrors (0ms)
			InitializePlatformSupportModulesInManaged (8ms)
			SetLoadedEditorAssemblies (3ms)
			RefreshPlugins (0ms)
			BeforeProcessingInitializeOnLoad (95ms)
			ProcessInitializeOnLoadAttributes (468ms)
			ProcessInitializeOnLoadMethodAttributes (87ms)
			AfterProcessingInitializeOnLoad (14ms)
			EditorAssembliesLoaded (0ms)
		ExecutionOrderSort2 (0ms)
		AwakeInstancesAfterBackupRestoration (24ms)
Refreshing native plugins compatible for Editor in 4.30 ms, found 3 plugins.
Preloading 0 native plugins for Editor in 0.00 ms.
Unloading 6461 Unused Serialized files (Serialized files now loaded: 0)
Unloading 45 unused Assets / (1.1 MB). Loaded Objects now: 8327.
Memory consumption went from 336.6 MB to 335.5 MB.
Total: 5.313800 ms (FindLiveObjects: 0.935800 ms CreateObjectMapping: 0.335300 ms MarkObjects: 3.810400 ms  DeleteObjects: 0.222000 ms)

Prepare: number of updated asset objects reloaded= 0
AssetImportParameters requested are different than current active one (requested -> active):
  custom:container-demuxer-ogg: 62fdf1f143b41e24485cea50d1cbac27 -> 
  custom:framework-win-MediaFoundation: 216162199b28c13a410421893ffa2e32 -> 
  custom:container-muxer-webm: aa71ff27fc2769a1b78a27578f13a17b -> 
  custom:video-decoder-webm-vp8: 9c59270c3fd7afecdb556c50c9e8de78 -> 
  custom:SearchIndexIgnoredProperties: e643bd26f0fe6173181afceb89e7c659 -> 
  custom:AudioImporter_EditorPlatform: d09bf68614088b80899f8185d706f6e7 -> 
  custom:audio-decoder-ogg-vorbis: bf7c407c2cedff20999df2af8eb42d56 -> 
  custom:audio-encoder-webm-vorbis: bf7c407c2cedff20999df2af8eb42d56 -> 
  custom:video-decoder-ogg-theora: a1e56fd34408186e4bbccfd4996cb3dc -> 
  custom:CustomObjectIndexerAttribute: a3ef5dd2817f97addfee359851a9dba5 -> 
  custom:container-demuxer-webm: 4f35f7cbe854078d1ac9338744f61a02 -> 
  custom:video-encoder-webm-vp8: eb34c28f22e8b96e1ab97ce403110664 -> 
========================================================================
Received Import Request.
  Time since last request: 29.262135 seconds.
  path: Assets/Prefabs/Pillars/CrystalsObstacle/CrystalShot 1.prefab
  artifactKey: Guid(c7efa0fbeb75204408f97f4e338e6cbb) Importer(815301076,1909f56bfc062723c751e8b465ee728b)
Start importing Assets/Prefabs/Pillars/CrystalsObstacle/CrystalShot 1.prefab using Guid(c7efa0fbeb75204408f97f4e338e6cbb) Importer(815301076,1909f56bfc062723c751e8b465ee728b)  -> (artifact id: 'e75a5822479b93ca95844d224c537f55') in 0.030037 seconds
Number of updated asset objects reloaded before import = 0
Number of asset objects unloaded after import = 8
========================================================================
Received Import Request.
  Time since last request: 0.000026 seconds.
  path: Assets/Prefabs/Pillars/CrystalsObstacle/CrystalShot 4.prefab
  artifactKey: Guid(8161d1044392a9145aa2361b5091149d) Importer(815301076,1909f56bfc062723c751e8b465ee728b)
Start importing Assets/Prefabs/Pillars/CrystalsObstacle/CrystalShot 4.prefab using Guid(8161d1044392a9145aa2361b5091149d) Importer(815301076,1909f56bfc062723c751e8b465ee728b)  -> (artifact id: 'da15917539084dc22e7af37f9cf52c01') in 0.001564 seconds
Number of updated asset objects reloaded before import = 0
Number of asset objects unloaded after import = 8
========================================================================
Received Import Request.
  Time since last request: 0.089028 seconds.
  path: Assets/Prefabs/Pillars/CrystalsObstacle/CrystalShot 1.prefab
  artifactKey: Guid(c7efa0fbeb75204408f97f4e338e6cbb) Importer(815301076,1909f56bfc062723c751e8b465ee728b)
Start importing Assets/Prefabs/Pillars/CrystalsObstacle/CrystalShot 1.prefab using Guid(c7efa0fbeb75204408f97f4e338e6cbb) Importer(815301076,1909f56bfc062723c751e8b465ee728b)  -> (artifact id: '552756d746d6fd62f62faf1a2997ef0a') in 0.001759 seconds
Number of updated asset objects reloaded before import = 0
Number of asset objects unloaded after import = 8
========================================================================
Received Import Request.
  Time since last request: 0.000017 seconds.
  path: Assets/Prefabs/Pillars/CrystalsObstacle/CrystalShot 3.prefab
  artifactKey: Guid(715b3df6c7170b445a70e669a80c0f0a) Importer(815301076,1909f56bfc062723c751e8b465ee728b)
Start importing Assets/Prefabs/Pillars/CrystalsObstacle/CrystalShot 3.prefab using Guid(715b3df6c7170b445a70e669a80c0f0a) Importer(815301076,1909f56bfc062723c751e8b465ee728b)  -> (artifact id: '0f9aa8851b77264d8ef78c3ff1f520bb') in 0.001857 seconds
Number of updated asset objects reloaded before import = 0
Number of asset objects unloaded after import = 8
========================================================================
Received Import Request.
  Time since last request: 2.212066 seconds.
  path: Assets/Prefabs/Pillars/CrystalsObstacle/CrystalShot 1.prefab
  artifactKey: Guid(c7efa0fbeb75204408f97f4e338e6cbb) Importer(815301076,1909f56bfc062723c751e8b465ee728b)
Start importing Assets/Prefabs/Pillars/CrystalsObstacle/CrystalShot 1.prefab using Guid(c7efa0fbeb75204408f97f4e338e6cbb) Importer(815301076,1909f56bfc062723c751e8b465ee728b)  -> (artifact id: '49df0a9b344a37ccb0a27f884ed28596') in 0.002013 seconds
Number of updated asset objects reloaded before import = 0
Number of asset objects unloaded after import = 8
========================================================================
Received Import Request.
  Time since last request: 0.000019 seconds.
  path: Assets/Prefabs/Pillars/CrystalsObstacle/CrystalShot 4.prefab
  artifactKey: Guid(8161d1044392a9145aa2361b5091149d) Importer(815301076,1909f56bfc062723c751e8b465ee728b)
Start importing Assets/Prefabs/Pillars/CrystalsObstacle/CrystalShot 4.prefab using Guid(8161d1044392a9145aa2361b5091149d) Importer(815301076,1909f56bfc062723c751e8b465ee728b)  -> (artifact id: 'e720a6a4b654555738fdf808bada1abf') in 0.001683 seconds
Number of updated asset objects reloaded before import = 0
Number of asset objects unloaded after import = 8
========================================================================
Received Import Request.
  Time since last request: 0.168351 seconds.
  path: Assets/Prefabs/Pillars/CrystalsObstacle/CrystalShot 1.prefab
  artifactKey: Guid(c7efa0fbeb75204408f97f4e338e6cbb) Importer(815301076,1909f56bfc062723c751e8b465ee728b)
Start importing Assets/Prefabs/Pillars/CrystalsObstacle/CrystalShot 1.prefab using Guid(c7efa0fbeb75204408f97f4e338e6cbb) Importer(815301076,1909f56bfc062723c751e8b465ee728b)  -> (artifact id: 'caed56661901e225c98409c6b5dbd203') in 0.002256 seconds
Number of updated asset objects reloaded before import = 0
Number of asset objects unloaded after import = 8
========================================================================
Received Import Request.
  Time since last request: 0.000017 seconds.
  path: Assets/Prefabs/Pillars/CrystalsObstacle/CrystalShot 3.prefab
  artifactKey: Guid(715b3df6c7170b445a70e669a80c0f0a) Importer(815301076,1909f56bfc062723c751e8b465ee728b)
Start importing Assets/Prefabs/Pillars/CrystalsObstacle/CrystalShot 3.prefab using Guid(715b3df6c7170b445a70e669a80c0f0a) Importer(815301076,1909f56bfc062723c751e8b465ee728b)  -> (artifact id: '5697f75cd405a236d90e28cf96f43420') in 0.001820 seconds
Number of updated asset objects reloaded before import = 0
Number of asset objects unloaded after import = 8
========================================================================
Received Import Request.
  Time since last request: 0.166701 seconds.
  path: Assets/Prefabs/Pillars/CrystalsObstacle/CrystalShot 1.prefab
  artifactKey: Guid(c7efa0fbeb75204408f97f4e338e6cbb) Importer(815301076,1909f56bfc062723c751e8b465ee728b)
Start importing Assets/Prefabs/Pillars/CrystalsObstacle/CrystalShot 1.prefab using Guid(c7efa0fbeb75204408f97f4e338e6cbb) Importer(815301076,1909f56bfc062723c751e8b465ee728b)  -> (artifact id: 'e405a2ee1f887c210ae73fbe580082e4') in 0.001731 seconds
Number of updated asset objects reloaded before import = 0
Number of asset objects unloaded after import = 8
========================================================================
Received Import Request.
  Time since last request: 0.000015 seconds.
  path: Assets/Prefabs/Pillars/CrystalsObstacle/CrystalShot 3.prefab
  artifactKey: Guid(715b3df6c7170b445a70e669a80c0f0a) Importer(815301076,1909f56bfc062723c751e8b465ee728b)
Start importing Assets/Prefabs/Pillars/CrystalsObstacle/CrystalShot 3.prefab using Guid(715b3df6c7170b445a70e669a80c0f0a) Importer(815301076,1909f56bfc062723c751e8b465ee728b)  -> (artifact id: '6890dcec6ed52e37ece58536bd70ba3b') in 0.001567 seconds
Number of updated asset objects reloaded before import = 0
Number of asset objects unloaded after import = 8
========================================================================
Received Import Request.
  Time since last request: 11.008680 seconds.
  path: Assets/Prefabs/Pillars/CrystalsObstacle/CrystalShot 1.prefab
  artifactKey: Guid(c7efa0fbeb75204408f97f4e338e6cbb) Importer(815301076,1909f56bfc062723c751e8b465ee728b)
Start importing Assets/Prefabs/Pillars/CrystalsObstacle/CrystalShot 1.prefab using Guid(c7efa0fbeb75204408f97f4e338e6cbb) Importer(815301076,1909f56bfc062723c751e8b465ee728b)  -> (artifact id: '47461b35eccaa7a081f5faf495e0fd55') in 0.002180 seconds
Number of updated asset objects reloaded before import = 0
Number of asset objects unloaded after import = 8
========================================================================
Received Import Request.
  Time since last request: 0.000021 seconds.
  path: Assets/Prefabs/Pillars/CrystalsObstacle/CrystalShot 4.prefab
  artifactKey: Guid(8161d1044392a9145aa2361b5091149d) Importer(815301076,1909f56bfc062723c751e8b465ee728b)
Start importing Assets/Prefabs/Pillars/CrystalsObstacle/CrystalShot 4.prefab using Guid(8161d1044392a9145aa2361b5091149d) Importer(815301076,1909f56bfc062723c751e8b465ee728b)  -> (artifact id: '6c87dca01dce9e92cdd3eabd491ff907') in 0.001751 seconds
Number of updated asset objects reloaded before import = 0
Number of asset objects unloaded after import = 8
========================================================================
Received Import Request.
  Time since last request: 0.161980 seconds.
  path: Assets/Prefabs/Pillars/CrystalsObstacle/CrystalShot 1.prefab
  artifactKey: Guid(c7efa0fbeb75204408f97f4e338e6cbb) Importer(815301076,1909f56bfc062723c751e8b465ee728b)
Start importing Assets/Prefabs/Pillars/CrystalsObstacle/CrystalShot 1.prefab using Guid(c7efa0fbeb75204408f97f4e338e6cbb) Importer(815301076,1909f56bfc062723c751e8b465ee728b)  -> (artifact id: '97074713424ea05cd6d7091c7067f699') in 0.001798 seconds
Number of updated asset objects reloaded before import = 0
Number of asset objects unloaded after import = 8
========================================================================
Received Import Request.
  Time since last request: 0.000016 seconds.
  path: Assets/Prefabs/Pillars/CrystalsObstacle/CrystalShot 4.prefab
  artifactKey: Guid(8161d1044392a9145aa2361b5091149d) Importer(815301076,1909f56bfc062723c751e8b465ee728b)
Start importing Assets/Prefabs/Pillars/CrystalsObstacle/CrystalShot 4.prefab using Guid(8161d1044392a9145aa2361b5091149d) Importer(815301076,1909f56bfc062723c751e8b465ee728b)  -> (artifact id: 'e221a14a5836f8e8c1d078f853e34177') in 0.001659 seconds
Number of updated asset objects reloaded before import = 0
Number of asset objects unloaded after import = 8
========================================================================
Received Import Request.
  Time since last request: 0.159225 seconds.
  path: Assets/Prefabs/Pillars/CrystalsObstacle/CrystalShot 1.prefab
  artifactKey: Guid(c7efa0fbeb75204408f97f4e338e6cbb) Importer(815301076,1909f56bfc062723c751e8b465ee728b)
Start importing Assets/Prefabs/Pillars/CrystalsObstacle/CrystalShot 1.prefab using Guid(c7efa0fbeb75204408f97f4e338e6cbb) Importer(815301076,1909f56bfc062723c751e8b465ee728b)  -> (artifact id: '8a458834146cbe52ea77b4a48d2f330d') in 0.001912 seconds
Number of updated asset objects reloaded before import = 0
Number of asset objects unloaded after import = 8
========================================================================
Received Import Request.
  Time since last request: 0.000020 seconds.
  path: Assets/Prefabs/Pillars/CrystalsObstacle/CrystalShot 3.prefab
  artifactKey: Guid(715b3df6c7170b445a70e669a80c0f0a) Importer(815301076,1909f56bfc062723c751e8b465ee728b)
Start importing Assets/Prefabs/Pillars/CrystalsObstacle/CrystalShot 3.prefab using Guid(715b3df6c7170b445a70e669a80c0f0a) Importer(815301076,1909f56bfc062723c751e8b465ee728b)  -> (artifact id: '48635d8effe3a2adb84a2563c97e38ce') in 0.001755 seconds
Number of updated asset objects reloaded before import = 0
Number of asset objects unloaded after import = 8
========================================================================
Received Import Request.
  Time since last request: 0.159444 seconds.
  path: Assets/Prefabs/Pillars/CrystalsObstacle/CrystalShot 1.prefab
  artifactKey: Guid(c7efa0fbeb75204408f97f4e338e6cbb) Importer(815301076,1909f56bfc062723c751e8b465ee728b)
Start importing Assets/Prefabs/Pillars/CrystalsObstacle/CrystalShot 1.prefab using Guid(c7efa0fbeb75204408f97f4e338e6cbb) Importer(815301076,1909f56bfc062723c751e8b465ee728b)  -> (artifact id: '991cb74266512a7b6730385b47e692db') in 0.001787 seconds
Number of updated asset objects reloaded before import = 0
Number of asset objects unloaded after import = 8
========================================================================
Received Import Request.
  Time since last request: 0.000017 seconds.
  path: Assets/Prefabs/Pillars/CrystalsObstacle/CrystalShot 3.prefab
  artifactKey: Guid(715b3df6c7170b445a70e669a80c0f0a) Importer(815301076,1909f56bfc062723c751e8b465ee728b)
Start importing Assets/Prefabs/Pillars/CrystalsObstacle/CrystalShot 3.prefab using Guid(715b3df6c7170b445a70e669a80c0f0a) Importer(815301076,1909f56bfc062723c751e8b465ee728b)  -> (artifact id: '453364e5b249b6b354bc291a4de2730e') in 0.001616 seconds
Number of updated asset objects reloaded before import = 0
Number of asset objects unloaded after import = 8
========================================================================
Received Import Request.
  Time since last request: 0.164936 seconds.
  path: Assets/Prefabs/Pillars/CrystalsObstacle/CrystalShot 1.prefab
  artifactKey: Guid(c7efa0fbeb75204408f97f4e338e6cbb) Importer(815301076,1909f56bfc062723c751e8b465ee728b)
Start importing Assets/Prefabs/Pillars/CrystalsObstacle/CrystalShot 1.prefab using Guid(c7efa0fbeb75204408f97f4e338e6cbb) Importer(815301076,1909f56bfc062723c751e8b465ee728b)  -> (artifact id: 'f9b635b981b9fa5ae0d82e9d4dfedf52') in 0.001967 seconds
Number of updated asset objects reloaded before import = 0
Number of asset objects unloaded after import = 8
========================================================================
Received Import Request.
  Time since last request: 0.000019 seconds.
  path: Assets/Prefabs/Pillars/CrystalsObstacle/CrystalShot 4.prefab
  artifactKey: Guid(8161d1044392a9145aa2361b5091149d) Importer(815301076,1909f56bfc062723c751e8b465ee728b)
Start importing Assets/Prefabs/Pillars/CrystalsObstacle/CrystalShot 4.prefab using Guid(8161d1044392a9145aa2361b5091149d) Importer(815301076,1909f56bfc062723c751e8b465ee728b)  -> (artifact id: '8df5685370be28dfc182419f745ecf58') in 0.002037 seconds
Number of updated asset objects reloaded before import = 0
Number of asset objects unloaded after import = 8
========================================================================
Received Import Request.
  Time since last request: 0.165747 seconds.
  path: Assets/Prefabs/Pillars/CrystalsObstacle/CrystalShot 1.prefab
  artifactKey: Guid(c7efa0fbeb75204408f97f4e338e6cbb) Importer(815301076,1909f56bfc062723c751e8b465ee728b)
Start importing Assets/Prefabs/Pillars/CrystalsObstacle/CrystalShot 1.prefab using Guid(c7efa0fbeb75204408f97f4e338e6cbb) Importer(815301076,1909f56bfc062723c751e8b465ee728b)  -> (artifact id: 'd7b37cf35205717f5715f76b7d29e23f') in 0.001598 seconds
Number of updated asset objects reloaded before import = 0
Number of asset objects unloaded after import = 8
========================================================================
Received Import Request.
  Time since last request: 0.000018 seconds.
  path: Assets/Prefabs/Pillars/CrystalsObstacle/CrystalShot 4.prefab
  artifactKey: Guid(8161d1044392a9145aa2361b5091149d) Importer(815301076,1909f56bfc062723c751e8b465ee728b)
Start importing Assets/Prefabs/Pillars/CrystalsObstacle/CrystalShot 4.prefab using Guid(8161d1044392a9145aa2361b5091149d) Importer(815301076,1909f56bfc062723c751e8b465ee728b)  -> (artifact id: 'a5a73a326a91f07b16dafaaac223b509') in 0.001565 seconds
Number of updated asset objects reloaded before import = 0
Number of asset objects unloaded after import = 8
========================================================================
Received Import Request.
  Time since last request: 3.021686 seconds.
  path: Assets/Prefabs/Pillars/CrystalsObstacle/CrystalShot 1.prefab
  artifactKey: Guid(c7efa0fbeb75204408f97f4e338e6cbb) Importer(815301076,1909f56bfc062723c751e8b465ee728b)
Start importing Assets/Prefabs/Pillars/CrystalsObstacle/CrystalShot 1.prefab using Guid(c7efa0fbeb75204408f97f4e338e6cbb) Importer(815301076,1909f56bfc062723c751e8b465ee728b)  -> (artifact id: '10ec55e92e26240c89e62fd8c69c2f90') in 0.002088 seconds
Number of updated asset objects reloaded before import = 0
Number of asset objects unloaded after import = 8
========================================================================
Received Import Request.
  Time since last request: 0.000020 seconds.
  path: Assets/Prefabs/Pillars/CrystalsObstacle/CrystalShot 4.prefab
  artifactKey: Guid(8161d1044392a9145aa2361b5091149d) Importer(815301076,1909f56bfc062723c751e8b465ee728b)
Start importing Assets/Prefabs/Pillars/CrystalsObstacle/CrystalShot 4.prefab using Guid(8161d1044392a9145aa2361b5091149d) Importer(815301076,1909f56bfc062723c751e8b465ee728b)  -> (artifact id: '3b3f3e8bad68cff12740829e403646be') in 0.001553 seconds
Number of updated asset objects reloaded before import = 0
Number of asset objects unloaded after import = 8
========================================================================
Received Import Request.
  Time since last request: 0.158210 seconds.
  path: Assets/Prefabs/Pillars/CrystalsObstacle/CrystalShot 1.prefab
  artifactKey: Guid(c7efa0fbeb75204408f97f4e338e6cbb) Importer(815301076,1909f56bfc062723c751e8b465ee728b)
Start importing Assets/Prefabs/Pillars/CrystalsObstacle/CrystalShot 1.prefab using Guid(c7efa0fbeb75204408f97f4e338e6cbb) Importer(815301076,1909f56bfc062723c751e8b465ee728b)  -> (artifact id: '3c75e74d183a2d395e1b3d3bf7ce9959') in 0.002195 seconds
Number of updated asset objects reloaded before import = 0
Number of asset objects unloaded after import = 8
========================================================================
Received Import Request.
  Time since last request: 0.000020 seconds.
  path: Assets/Prefabs/Pillars/CrystalsObstacle/CrystalShot 3.prefab
  artifactKey: Guid(715b3df6c7170b445a70e669a80c0f0a) Importer(815301076,1909f56bfc062723c751e8b465ee728b)
Start importing Assets/Prefabs/Pillars/CrystalsObstacle/CrystalShot 3.prefab using Guid(715b3df6c7170b445a70e669a80c0f0a) Importer(815301076,1909f56bfc062723c751e8b465ee728b)  -> (artifact id: 'd3288a476a8e82817fdf9ced4daa9de2') in 0.001599 seconds
Number of updated asset objects reloaded before import = 0
Number of asset objects unloaded after import = 8
========================================================================
Received Import Request.
  Time since last request: 0.782639 seconds.
  path: Assets/Prefabs/Pillars/CrystalsObstacle/CrystalShot 1.prefab
  artifactKey: Guid(c7efa0fbeb75204408f97f4e338e6cbb) Importer(815301076,1909f56bfc062723c751e8b465ee728b)
Start importing Assets/Prefabs/Pillars/CrystalsObstacle/CrystalShot 1.prefab using Guid(c7efa0fbeb75204408f97f4e338e6cbb) Importer(815301076,1909f56bfc062723c751e8b465ee728b)  -> (artifact id: 'e27429a676a22087ac764ae873db028c') in 0.002168 seconds
Number of updated asset objects reloaded before import = 0
Number of asset objects unloaded after import = 8
========================================================================
Received Import Request.
  Time since last request: 0.000015 seconds.
  path: Assets/Prefabs/Pillars/CrystalsObstacle/CrystalShot 3.prefab
  artifactKey: Guid(715b3df6c7170b445a70e669a80c0f0a) Importer(815301076,1909f56bfc062723c751e8b465ee728b)
Start importing Assets/Prefabs/Pillars/CrystalsObstacle/CrystalShot 3.prefab using Guid(715b3df6c7170b445a70e669a80c0f0a) Importer(815301076,1909f56bfc062723c751e8b465ee728b)  -> (artifact id: 'ad3d1619e953c7b12fac119691ffc7f2') in 0.001889 seconds
Number of updated asset objects reloaded before import = 0
Number of asset objects unloaded after import = 8
========================================================================
Received Prepare
Begin MonoManager ReloadAssembly
Symbol file LoadedFromMemory doesn't match image E:\GitHub\TESIS\Tesis Enchanted Skylands\Library\PackageCache\com.unity.visualscripting@1.8.0\Editor\VisualScripting.Core\Dependencies\YamlDotNet\Unity.VisualScripting.YamlDotNet.dll
Symbol file LoadedFromMemory doesn't match image E:\GitHub\TESIS\Tesis Enchanted Skylands\Library\PackageCache\com.unity.visualscripting@1.8.0\Editor\VisualScripting.Core\Dependencies\DotNetZip\Unity.VisualScripting.IonicZip.dll
- Loaded All Assemblies, in  0.785 seconds
Refreshing native plugins compatible for Editor in 3.18 ms, found 3 plugins.
Native extension for WindowsStandalone target not found
[Package Manager] Server::EnsureServerProcessIsRunning -- launch failed, reason: Unity was launched with the -noUpm command-line argument
[Package Manager] UpmClient::Send -- Unable to send message (not connected to UPM process).
[Package Manager] Cannot connect to Unity Package Manager local server
[Package Manager] Server::EnsureServerProcessIsRunning -- launch failed, reason: Unity was launched with the -noUpm command-line argument
[Package Manager] UpmClient::Send -- Unable to send message (not connected to UPM process).
[Package Manager] Cannot connect to Unity Package Manager local server
Mono: successfully reloaded assembly
- Finished resetting the current domain, in  1.605 seconds
Domain Reload Profiling: 2386ms
	BeginReloadAssembly (158ms)
		ExecutionOrderSort (0ms)
		DisableScriptedObjects (5ms)
		BackupInstance (0ms)
		ReleaseScriptingObjects (0ms)
		CreateAndSetChildDomain (37ms)
	RebuildCommonClasses (36ms)
	RebuildNativeTypeToScriptingClass (13ms)
	initialDomainReloadingComplete (37ms)
	LoadAllAssembliesAndSetupDomain (537ms)
		LoadAssemblies (287ms)
		RebuildTransferFunctionScriptingTraits (0ms)
		AnalyzeDomain (323ms)
			TypeCache.Refresh (309ms)
				TypeCache.ScanAssembly (297ms)
			ScanForSourceGeneratedMonoScriptInfo (0ms)
			ResolveRequiredComponents (14ms)
	FinalizeReload (1605ms)
		ReleaseScriptCaches (0ms)
		RebuildScriptCaches (0ms)
		SetupLoadedEditorAssemblies (681ms)
			LogAssemblyErrors (0ms)
			InitializePlatformSupportModulesInManaged (9ms)
			SetLoadedEditorAssemblies (4ms)
			RefreshPlugins (0ms)
			BeforeProcessingInitializeOnLoad (97ms)
			ProcessInitializeOnLoadAttributes (470ms)
			ProcessInitializeOnLoadMethodAttributes (87ms)
			AfterProcessingInitializeOnLoad (14ms)
			EditorAssembliesLoaded (0ms)
		ExecutionOrderSort2 (0ms)
		AwakeInstancesAfterBackupRestoration (23ms)
Refreshing native plugins compatible for Editor in 3.98 ms, found 3 plugins.
Preloading 0 native plugins for Editor in 0.00 ms.
Unloading 6461 Unused Serialized files (Serialized files now loaded: 0)
Unloading 45 unused Assets / (1.1 MB). Loaded Objects now: 8343.
Memory consumption went from 336.7 MB to 335.5 MB.
Total: 5.360900 ms (FindLiveObjects: 0.952200 ms CreateObjectMapping: 0.385800 ms MarkObjects: 3.657900 ms  DeleteObjects: 0.363300 ms)

Prepare: number of updated asset objects reloaded= 0
AssetImportParameters requested are different than current active one (requested -> active):
  custom:container-demuxer-ogg: 62fdf1f143b41e24485cea50d1cbac27 -> 
  custom:framework-win-MediaFoundation: 216162199b28c13a410421893ffa2e32 -> 
  custom:container-muxer-webm: aa71ff27fc2769a1b78a27578f13a17b -> 
  custom:video-decoder-webm-vp8: 9c59270c3fd7afecdb556c50c9e8de78 -> 
  custom:SearchIndexIgnoredProperties: e643bd26f0fe6173181afceb89e7c659 -> 
  custom:AudioImporter_EditorPlatform: d09bf68614088b80899f8185d706f6e7 -> 
  custom:audio-decoder-ogg-vorbis: bf7c407c2cedff20999df2af8eb42d56 -> 
  custom:audio-encoder-webm-vorbis: bf7c407c2cedff20999df2af8eb42d56 -> 
  custom:video-decoder-ogg-theora: a1e56fd34408186e4bbccfd4996cb3dc -> 
  custom:CustomObjectIndexerAttribute: a3ef5dd2817f97addfee359851a9dba5 -> 
  custom:container-demuxer-webm: 4f35f7cbe854078d1ac9338744f61a02 -> 
  custom:video-encoder-webm-vp8: eb34c28f22e8b96e1ab97ce403110664 -> 
========================================================================
Received Import Request.
  Time since last request: 29.431062 seconds.
  path: Assets/Prefabs/Pillars/CrystalsObstacle/CrystalShot 1.prefab
  artifactKey: Guid(c7efa0fbeb75204408f97f4e338e6cbb) Importer(815301076,1909f56bfc062723c751e8b465ee728b)
Start importing Assets/Prefabs/Pillars/CrystalsObstacle/CrystalShot 1.prefab using Guid(c7efa0fbeb75204408f97f4e338e6cbb) Importer(815301076,1909f56bfc062723c751e8b465ee728b)  -> (artifact id: '19a27968309e0f037c4662739473158e') in 0.027422 seconds
Number of updated asset objects reloaded before import = 0
Number of asset objects unloaded after import = 8
========================================================================
Received Import Request.
  Time since last request: 0.000026 seconds.
  path: Assets/Prefabs/Pillars/CrystalsObstacle/CrystalShot 3.prefab
  artifactKey: Guid(715b3df6c7170b445a70e669a80c0f0a) Importer(815301076,1909f56bfc062723c751e8b465ee728b)
Start importing Assets/Prefabs/Pillars/CrystalsObstacle/CrystalShot 3.prefab using Guid(715b3df6c7170b445a70e669a80c0f0a) Importer(815301076,1909f56bfc062723c751e8b465ee728b)  -> (artifact id: '40c9c6c4f884ebdd8edd555854b2b58f') in 0.001557 seconds
Number of updated asset objects reloaded before import = 0
Number of asset objects unloaded after import = 8
========================================================================
Received Import Request.
  Time since last request: 0.099889 seconds.
  path: Assets/Prefabs/Pillars/CrystalsObstacle/CrystalShot 1.prefab
  artifactKey: Guid(c7efa0fbeb75204408f97f4e338e6cbb) Importer(815301076,1909f56bfc062723c751e8b465ee728b)
Start importing Assets/Prefabs/Pillars/CrystalsObstacle/CrystalShot 1.prefab using Guid(c7efa0fbeb75204408f97f4e338e6cbb) Importer(815301076,1909f56bfc062723c751e8b465ee728b)  -> (artifact id: 'a9468af513efaee5db006b787e0e9c0d') in 0.002058 seconds
Number of updated asset objects reloaded before import = 0
Number of asset objects unloaded after import = 8
========================================================================
Received Import Request.
  Time since last request: 0.000019 seconds.
  path: Assets/Prefabs/Pillars/CrystalsObstacle/CrystalShot 3.prefab
  artifactKey: Guid(715b3df6c7170b445a70e669a80c0f0a) Importer(815301076,1909f56bfc062723c751e8b465ee728b)
Start importing Assets/Prefabs/Pillars/CrystalsObstacle/CrystalShot 3.prefab using Guid(715b3df6c7170b445a70e669a80c0f0a) Importer(815301076,1909f56bfc062723c751e8b465ee728b)  -> (artifact id: 'ea278020204577722913e9107821b670') in 0.001972 seconds
Number of updated asset objects reloaded before import = 0
Number of asset objects unloaded after import = 8
========================================================================
Received Prepare
Begin MonoManager ReloadAssembly
Symbol file LoadedFromMemory doesn't match image E:\GitHub\TESIS\Tesis Enchanted Skylands\Library\PackageCache\com.unity.visualscripting@1.8.0\Editor\VisualScripting.Core\Dependencies\YamlDotNet\Unity.VisualScripting.YamlDotNet.dll
Symbol file LoadedFromMemory doesn't match image E:\GitHub\TESIS\Tesis Enchanted Skylands\Library\PackageCache\com.unity.visualscripting@1.8.0\Editor\VisualScripting.Core\Dependencies\DotNetZip\Unity.VisualScripting.IonicZip.dll
- Loaded All Assemblies, in  0.777 seconds
Refreshing native plugins compatible for Editor in 3.05 ms, found 3 plugins.
Native extension for WindowsStandalone target not found
[Package Manager] Server::EnsureServerProcessIsRunning -- launch failed, reason: Unity was launched with the -noUpm command-line argument
[Package Manager] UpmClient::Send -- Unable to send message (not connected to UPM process).
[Package Manager] Cannot connect to Unity Package Manager local server
[Package Manager] Server::EnsureServerProcessIsRunning -- launch failed, reason: Unity was launched with the -noUpm command-line argument
[Package Manager] UpmClient::Send -- Unable to send message (not connected to UPM process).
[Package Manager] Cannot connect to Unity Package Manager local server
Mono: successfully reloaded assembly
- Finished resetting the current domain, in  1.569 seconds
Domain Reload Profiling: 2343ms
	BeginReloadAssembly (164ms)
		ExecutionOrderSort (0ms)
		DisableScriptedObjects (5ms)
		BackupInstance (0ms)
		ReleaseScriptingObjects (0ms)
		CreateAndSetChildDomain (46ms)
	RebuildCommonClasses (36ms)
	RebuildNativeTypeToScriptingClass (13ms)
	initialDomainReloadingComplete (36ms)
	LoadAllAssembliesAndSetupDomain (523ms)
		LoadAssemblies (272ms)
		RebuildTransferFunctionScriptingTraits (0ms)
		AnalyzeDomain (321ms)
			TypeCache.Refresh (306ms)
				TypeCache.ScanAssembly (295ms)
			ScanForSourceGeneratedMonoScriptInfo (0ms)
			ResolveRequiredComponents (14ms)
	FinalizeReload (1570ms)
		ReleaseScriptCaches (0ms)
		RebuildScriptCaches (0ms)
		SetupLoadedEditorAssemblies (678ms)
			LogAssemblyErrors (0ms)
			InitializePlatformSupportModulesInManaged (9ms)
			SetLoadedEditorAssemblies (4ms)
			RefreshPlugins (0ms)
			BeforeProcessingInitializeOnLoad (95ms)
			ProcessInitializeOnLoadAttributes (472ms)
			ProcessInitializeOnLoadMethodAttributes (85ms)
			AfterProcessingInitializeOnLoad (13ms)
			EditorAssembliesLoaded (0ms)
		ExecutionOrderSort2 (0ms)
		AwakeInstancesAfterBackupRestoration (24ms)
Refreshing native plugins compatible for Editor in 4.09 ms, found 3 plugins.
Preloading 0 native plugins for Editor in 0.00 ms.
Unloading 6461 Unused Serialized files (Serialized files now loaded: 0)
Unloading 45 unused Assets / (1.1 MB). Loaded Objects now: 8359.
Memory consumption went from 336.7 MB to 335.5 MB.
Total: 4.979700 ms (FindLiveObjects: 0.993500 ms CreateObjectMapping: 0.418700 ms MarkObjects: 3.338700 ms  DeleteObjects: 0.227400 ms)

Prepare: number of updated asset objects reloaded= 0
AssetImportParameters requested are different than current active one (requested -> active):
  custom:container-demuxer-ogg: 62fdf1f143b41e24485cea50d1cbac27 -> 
  custom:framework-win-MediaFoundation: 216162199b28c13a410421893ffa2e32 -> 
  custom:container-muxer-webm: aa71ff27fc2769a1b78a27578f13a17b -> 
  custom:video-decoder-webm-vp8: 9c59270c3fd7afecdb556c50c9e8de78 -> 
  custom:SearchIndexIgnoredProperties: e643bd26f0fe6173181afceb89e7c659 -> 
  custom:AudioImporter_EditorPlatform: d09bf68614088b80899f8185d706f6e7 -> 
  custom:audio-decoder-ogg-vorbis: bf7c407c2cedff20999df2af8eb42d56 -> 
  custom:audio-encoder-webm-vorbis: bf7c407c2cedff20999df2af8eb42d56 -> 
  custom:video-decoder-ogg-theora: a1e56fd34408186e4bbccfd4996cb3dc -> 
  custom:CustomObjectIndexerAttribute: a3ef5dd2817f97addfee359851a9dba5 -> 
  custom:container-demuxer-webm: 4f35f7cbe854078d1ac9338744f61a02 -> 
  custom:video-encoder-webm-vp8: eb34c28f22e8b96e1ab97ce403110664 -> 
========================================================================
Received Prepare
Begin MonoManager ReloadAssembly
Symbol file LoadedFromMemory doesn't match image E:\GitHub\TESIS\Tesis Enchanted Skylands\Library\PackageCache\com.unity.visualscripting@1.8.0\Editor\VisualScripting.Core\Dependencies\YamlDotNet\Unity.VisualScripting.YamlDotNet.dll
Symbol file LoadedFromMemory doesn't match image E:\GitHub\TESIS\Tesis Enchanted Skylands\Library\PackageCache\com.unity.visualscripting@1.8.0\Editor\VisualScripting.Core\Dependencies\DotNetZip\Unity.VisualScripting.IonicZip.dll
- Loaded All Assemblies, in  0.765 seconds
Refreshing native plugins compatible for Editor in 3.56 ms, found 3 plugins.
Native extension for WindowsStandalone target not found
[Package Manager] Server::EnsureServerProcessIsRunning -- launch failed, reason: Unity was launched with the -noUpm command-line argument
[Package Manager] UpmClient::Send -- Unable to send message (not connected to UPM process).
[Package Manager] Cannot connect to Unity Package Manager local server
[Package Manager] Server::EnsureServerProcessIsRunning -- launch failed, reason: Unity was launched with the -noUpm command-line argument
[Package Manager] UpmClient::Send -- Unable to send message (not connected to UPM process).
[Package Manager] Cannot connect to Unity Package Manager local server
Mono: successfully reloaded assembly
- Finished resetting the current domain, in  1.579 seconds
Domain Reload Profiling: 2342ms
	BeginReloadAssembly (143ms)
		ExecutionOrderSort (0ms)
		DisableScriptedObjects (5ms)
		BackupInstance (0ms)
		ReleaseScriptingObjects (0ms)
		CreateAndSetChildDomain (38ms)
	RebuildCommonClasses (36ms)
	RebuildNativeTypeToScriptingClass (13ms)
	initialDomainReloadingComplete (37ms)
	LoadAllAssembliesAndSetupDomain (531ms)
		LoadAssemblies (266ms)
		RebuildTransferFunctionScriptingTraits (0ms)
		AnalyzeDomain (325ms)
			TypeCache.Refresh (311ms)
				TypeCache.ScanAssembly (299ms)
			ScanForSourceGeneratedMonoScriptInfo (0ms)
			ResolveRequiredComponents (14ms)
	FinalizeReload (1580ms)
		ReleaseScriptCaches (0ms)
		RebuildScriptCaches (0ms)
		SetupLoadedEditorAssemblies (691ms)
			LogAssemblyErrors (0ms)
			InitializePlatformSupportModulesInManaged (10ms)
			SetLoadedEditorAssemblies (4ms)
			RefreshPlugins (0ms)
			BeforeProcessingInitializeOnLoad (98ms)
			ProcessInitializeOnLoadAttributes (475ms)
			ProcessInitializeOnLoadMethodAttributes (91ms)
			AfterProcessingInitializeOnLoad (14ms)
			EditorAssembliesLoaded (0ms)
		ExecutionOrderSort2 (0ms)
		AwakeInstancesAfterBackupRestoration (24ms)
Refreshing native plugins compatible for Editor in 4.01 ms, found 3 plugins.
Preloading 0 native plugins for Editor in 0.00 ms.
Unloading 6461 Unused Serialized files (Serialized files now loaded: 0)
Unloading 45 unused Assets / (1.1 MB). Loaded Objects now: 8375.
Memory consumption went from 336.7 MB to 335.5 MB.
Total: 4.706800 ms (FindLiveObjects: 0.864500 ms CreateObjectMapping: 0.293500 ms MarkObjects: 3.346200 ms  DeleteObjects: 0.201300 ms)

Prepare: number of updated asset objects reloaded= 0
AssetImportParameters requested are different than current active one (requested -> active):
  custom:container-demuxer-ogg: 62fdf1f143b41e24485cea50d1cbac27 -> 
  custom:framework-win-MediaFoundation: 216162199b28c13a410421893ffa2e32 -> 
  custom:container-muxer-webm: aa71ff27fc2769a1b78a27578f13a17b -> 
  custom:video-decoder-webm-vp8: 9c59270c3fd7afecdb556c50c9e8de78 -> 
  custom:SearchIndexIgnoredProperties: e643bd26f0fe6173181afceb89e7c659 -> 
  custom:AudioImporter_EditorPlatform: d09bf68614088b80899f8185d706f6e7 -> 
  custom:audio-decoder-ogg-vorbis: bf7c407c2cedff20999df2af8eb42d56 -> 
  custom:audio-encoder-webm-vorbis: bf7c407c2cedff20999df2af8eb42d56 -> 
  custom:video-decoder-ogg-theora: a1e56fd34408186e4bbccfd4996cb3dc -> 
  custom:CustomObjectIndexerAttribute: a3ef5dd2817f97addfee359851a9dba5 -> 
  custom:container-demuxer-webm: 4f35f7cbe854078d1ac9338744f61a02 -> 
  custom:video-encoder-webm-vp8: eb34c28f22e8b96e1ab97ce403110664 -> 
========================================================================
Received Import Request.
  Time since last request: 94.316875 seconds.
  path: Assets/Prefabs/Pillars/CrystalsObstacle/CrystalShot 1.prefab
  artifactKey: Guid(c7efa0fbeb75204408f97f4e338e6cbb) Importer(815301076,1909f56bfc062723c751e8b465ee728b)
Start importing Assets/Prefabs/Pillars/CrystalsObstacle/CrystalShot 1.prefab using Guid(c7efa0fbeb75204408f97f4e338e6cbb) Importer(815301076,1909f56bfc062723c751e8b465ee728b)  -> (artifact id: '7a02496b70d7465157c65ebc6c3c8881') in 0.014575 seconds
Number of updated asset objects reloaded before import = 0
Number of asset objects unloaded after import = 8
========================================================================
Received Import Request.
  Time since last request: 0.158439 seconds.
  path: Assets/Prefabs/Pillars/CrystalsObstacle/CrystalShot 1.prefab
  artifactKey: Guid(c7efa0fbeb75204408f97f4e338e6cbb) Importer(815301076,1909f56bfc062723c751e8b465ee728b)
Start importing Assets/Prefabs/Pillars/CrystalsObstacle/CrystalShot 1.prefab using Guid(c7efa0fbeb75204408f97f4e338e6cbb) Importer(815301076,1909f56bfc062723c751e8b465ee728b)  -> (artifact id: 'ee2f0066a86771bafe5dc3b34ab779da') in 0.001810 seconds
Number of updated asset objects reloaded before import = 0
Number of asset objects unloaded after import = 8
========================================================================
Received Import Request.
  Time since last request: 0.592105 seconds.
  path: Assets/Prefabs/Pillars/CrystalsObstacle/CrystalShot 1.prefab
  artifactKey: Guid(c7efa0fbeb75204408f97f4e338e6cbb) Importer(815301076,1909f56bfc062723c751e8b465ee728b)
Start importing Assets/Prefabs/Pillars/CrystalsObstacle/CrystalShot 1.prefab using Guid(c7efa0fbeb75204408f97f4e338e6cbb) Importer(815301076,1909f56bfc062723c751e8b465ee728b)  -> (artifact id: '10ac022ceffea0e1ed0a2afbf5220995') in 0.001614 seconds
Number of updated asset objects reloaded before import = 0
Number of asset objects unloaded after import = 8
========================================================================
Received Prepare
Begin MonoManager ReloadAssembly
Symbol file LoadedFromMemory doesn't match image E:\GitHub\TESIS\Tesis Enchanted Skylands\Library\PackageCache\com.unity.visualscripting@1.8.0\Editor\VisualScripting.Core\Dependencies\YamlDotNet\Unity.VisualScripting.YamlDotNet.dll
Symbol file LoadedFromMemory doesn't match image E:\GitHub\TESIS\Tesis Enchanted Skylands\Library\PackageCache\com.unity.visualscripting@1.8.0\Editor\VisualScripting.Core\Dependencies\DotNetZip\Unity.VisualScripting.IonicZip.dll
- Loaded All Assemblies, in  0.792 seconds
Refreshing native plugins compatible for Editor in 3.05 ms, found 3 plugins.
Native extension for WindowsStandalone target not found
[Package Manager] Server::EnsureServerProcessIsRunning -- launch failed, reason: Unity was launched with the -noUpm command-line argument
[Package Manager] UpmClient::Send -- Unable to send message (not connected to UPM process).
[Package Manager] Cannot connect to Unity Package Manager local server
[Package Manager] Server::EnsureServerProcessIsRunning -- launch failed, reason: Unity was launched with the -noUpm command-line argument
[Package Manager] UpmClient::Send -- Unable to send message (not connected to UPM process).
[Package Manager] Cannot connect to Unity Package Manager local server
Mono: successfully reloaded assembly
- Finished resetting the current domain, in  1.623 seconds
Domain Reload Profiling: 2412ms
	BeginReloadAssembly (158ms)
		ExecutionOrderSort (0ms)
		DisableScriptedObjects (5ms)
		BackupInstance (0ms)
		ReleaseScriptingObjects (0ms)
		CreateAndSetChildDomain (38ms)
	RebuildCommonClasses (36ms)
	RebuildNativeTypeToScriptingClass (13ms)
	initialDomainReloadingComplete (37ms)
	LoadAllAssembliesAndSetupDomain (544ms)
		LoadAssemblies (286ms)
		RebuildTransferFunctionScriptingTraits (0ms)
		AnalyzeDomain (329ms)
			TypeCache.Refresh (314ms)
				TypeCache.ScanAssembly (302ms)
			ScanForSourceGeneratedMonoScriptInfo (0ms)
			ResolveRequiredComponents (14ms)
	FinalizeReload (1624ms)
		ReleaseScriptCaches (0ms)
		RebuildScriptCaches (0ms)
		SetupLoadedEditorAssemblies (686ms)
			LogAssemblyErrors (0ms)
			InitializePlatformSupportModulesInManaged (9ms)
			SetLoadedEditorAssemblies (4ms)
			RefreshPlugins (0ms)
			BeforeProcessingInitializeOnLoad (98ms)
			ProcessInitializeOnLoadAttributes (473ms)
			ProcessInitializeOnLoadMethodAttributes (87ms)
			AfterProcessingInitializeOnLoad (14ms)
			EditorAssembliesLoaded (0ms)
		ExecutionOrderSort2 (0ms)
		AwakeInstancesAfterBackupRestoration (24ms)
Refreshing native plugins compatible for Editor in 3.74 ms, found 3 plugins.
Preloading 0 native plugins for Editor in 0.00 ms.
Unloading 6461 Unused Serialized files (Serialized files now loaded: 0)
Unloading 45 unused Assets / (1.1 MB). Loaded Objects now: 8391.
Memory consumption went from 336.7 MB to 335.6 MB.
Total: 5.263100 ms (FindLiveObjects: 1.129900 ms CreateObjectMapping: 0.387000 ms MarkObjects: 3.511000 ms  DeleteObjects: 0.234200 ms)

Prepare: number of updated asset objects reloaded= 0
AssetImportParameters requested are different than current active one (requested -> active):
  custom:container-demuxer-ogg: 62fdf1f143b41e24485cea50d1cbac27 -> 
  custom:framework-win-MediaFoundation: 216162199b28c13a410421893ffa2e32 -> 
  custom:container-muxer-webm: aa71ff27fc2769a1b78a27578f13a17b -> 
  custom:video-decoder-webm-vp8: 9c59270c3fd7afecdb556c50c9e8de78 -> 
  custom:SearchIndexIgnoredProperties: e643bd26f0fe6173181afceb89e7c659 -> 
  custom:AudioImporter_EditorPlatform: d09bf68614088b80899f8185d706f6e7 -> 
  custom:audio-decoder-ogg-vorbis: bf7c407c2cedff20999df2af8eb42d56 -> 
  custom:audio-encoder-webm-vorbis: bf7c407c2cedff20999df2af8eb42d56 -> 
  custom:video-decoder-ogg-theora: a1e56fd34408186e4bbccfd4996cb3dc -> 
  custom:CustomObjectIndexerAttribute: a3ef5dd2817f97addfee359851a9dba5 -> 
  custom:container-demuxer-webm: 4f35f7cbe854078d1ac9338744f61a02 -> 
  custom:video-encoder-webm-vp8: eb34c28f22e8b96e1ab97ce403110664 -> 
========================================================================
Received Import Request.
  Time since last request: 14.918853 seconds.
  path: Assets/Prefabs/Pillars/CrystalsObstacle/CrystalShot 1.prefab
  artifactKey: Guid(c7efa0fbeb75204408f97f4e338e6cbb) Importer(815301076,1909f56bfc062723c751e8b465ee728b)
Start importing Assets/Prefabs/Pillars/CrystalsObstacle/CrystalShot 1.prefab using Guid(c7efa0fbeb75204408f97f4e338e6cbb) Importer(815301076,1909f56bfc062723c751e8b465ee728b)  -> (artifact id: 'd7753b9f2b2db6bf55b9358c1c7006b6') in 0.029568 seconds
Number of updated asset objects reloaded before import = 0
Number of asset objects unloaded after import = 8
========================================================================
Received Import Request.
  Time since last request: 0.097588 seconds.
  path: Assets/Prefabs/Pillars/CrystalsObstacle/CrystalShot 1.prefab
  artifactKey: Guid(c7efa0fbeb75204408f97f4e338e6cbb) Importer(815301076,1909f56bfc062723c751e8b465ee728b)
Start importing Assets/Prefabs/Pillars/CrystalsObstacle/CrystalShot 1.prefab using Guid(c7efa0fbeb75204408f97f4e338e6cbb) Importer(815301076,1909f56bfc062723c751e8b465ee728b)  -> (artifact id: 'd8bfeb24e87b93dd51e16ceda01e594c') in 0.001766 seconds
Number of updated asset objects reloaded before import = 0
Number of asset objects unloaded after import = 8
========================================================================
Received Import Request.
  Time since last request: 11.337470 seconds.
  path: Assets/Prefabs/Pillars/CrystalsObstacle/CrystalShot 1.prefab
  artifactKey: Guid(c7efa0fbeb75204408f97f4e338e6cbb) Importer(815301076,1909f56bfc062723c751e8b465ee728b)
Start importing Assets/Prefabs/Pillars/CrystalsObstacle/CrystalShot 1.prefab using Guid(c7efa0fbeb75204408f97f4e338e6cbb) Importer(815301076,1909f56bfc062723c751e8b465ee728b)  -> (artifact id: '675b9179cc2a17539f034099142ac6f4') in 0.001996 seconds
Number of updated asset objects reloaded before import = 0
Number of asset objects unloaded after import = 8
========================================================================
Received Import Request.
  Time since last request: 0.198329 seconds.
  path: Assets/Prefabs/Pillars/CrystalsObstacle/CrystalShot 1.prefab
  artifactKey: Guid(c7efa0fbeb75204408f97f4e338e6cbb) Importer(815301076,1909f56bfc062723c751e8b465ee728b)
Start importing Assets/Prefabs/Pillars/CrystalsObstacle/CrystalShot 1.prefab using Guid(c7efa0fbeb75204408f97f4e338e6cbb) Importer(815301076,1909f56bfc062723c751e8b465ee728b)  -> (artifact id: 'e7b9148f8cd284688070a69ec8e19fc6') in 0.001969 seconds
Number of updated asset objects reloaded before import = 0
Number of asset objects unloaded after import = 8
========================================================================
Received Import Request.
  Time since last request: 15.203363 seconds.
  path: Assets/Prefabs/Pillars/CrystalsObstacle/CrystalShot 1.prefab
  artifactKey: Guid(c7efa0fbeb75204408f97f4e338e6cbb) Importer(815301076,1909f56bfc062723c751e8b465ee728b)
Start importing Assets/Prefabs/Pillars/CrystalsObstacle/CrystalShot 1.prefab using Guid(c7efa0fbeb75204408f97f4e338e6cbb) Importer(815301076,1909f56bfc062723c751e8b465ee728b)  -> (artifact id: 'a21f8b06b015e7d6edb8e36b89aa9daa') in 0.002060 seconds
Number of updated asset objects reloaded before import = 0
Number of asset objects unloaded after import = 8
========================================================================
Received Import Request.
  Time since last request: 0.190517 seconds.
  path: Assets/Prefabs/Pillars/CrystalsObstacle/CrystalShot 1.prefab
  artifactKey: Guid(c7efa0fbeb75204408f97f4e338e6cbb) Importer(815301076,1909f56bfc062723c751e8b465ee728b)
Start importing Assets/Prefabs/Pillars/CrystalsObstacle/CrystalShot 1.prefab using Guid(c7efa0fbeb75204408f97f4e338e6cbb) Importer(815301076,1909f56bfc062723c751e8b465ee728b)  -> (artifact id: 'a1e2a2b80128c66f6c893de2bb752559') in 0.001730 seconds
Number of updated asset objects reloaded before import = 0
Number of asset objects unloaded after import = 8
========================================================================
Received Import Request.
  Time since last request: 8.224840 seconds.
  path: Assets/Prefabs/Pillars/CrystalsObstacle/CrystalShot 1.prefab
  artifactKey: Guid(c7efa0fbeb75204408f97f4e338e6cbb) Importer(815301076,1909f56bfc062723c751e8b465ee728b)
Start importing Assets/Prefabs/Pillars/CrystalsObstacle/CrystalShot 1.prefab using Guid(c7efa0fbeb75204408f97f4e338e6cbb) Importer(815301076,1909f56bfc062723c751e8b465ee728b)  -> (artifact id: 'a0b44d21de762a145e717e2fbc84413b') in 0.002191 seconds
Number of updated asset objects reloaded before import = 0
Number of asset objects unloaded after import = 8
========================================================================
Received Import Request.
  Time since last request: 1.839679 seconds.
  path: Assets/Prefabs/Pillars/CrystalsObstacle/CrystalShot 1.prefab
  artifactKey: Guid(c7efa0fbeb75204408f97f4e338e6cbb) Importer(815301076,1909f56bfc062723c751e8b465ee728b)
Start importing Assets/Prefabs/Pillars/CrystalsObstacle/CrystalShot 1.prefab using Guid(c7efa0fbeb75204408f97f4e338e6cbb) Importer(815301076,1909f56bfc062723c751e8b465ee728b)  -> (artifact id: 'c396712690a2dc1653a7f30a6aa5ced9') in 0.001671 seconds
Number of updated asset objects reloaded before import = 0
Number of asset objects unloaded after import = 8
========================================================================
Received Import Request.
  Time since last request: 0.179780 seconds.
  path: Assets/Prefabs/Pillars/CrystalsObstacle/CrystalShot 1.prefab
  artifactKey: Guid(c7efa0fbeb75204408f97f4e338e6cbb) Importer(815301076,1909f56bfc062723c751e8b465ee728b)
Start importing Assets/Prefabs/Pillars/CrystalsObstacle/CrystalShot 1.prefab using Guid(c7efa0fbeb75204408f97f4e338e6cbb) Importer(815301076,1909f56bfc062723c751e8b465ee728b)  -> (artifact id: '091dccbdeeddc32a194219790afe6652') in 0.001921 seconds
Number of updated asset objects reloaded before import = 0
Number of asset objects unloaded after import = 8
========================================================================
Received Import Request.
  Time since last request: 0.392693 seconds.
  path: Assets/Prefabs/Pillars/CrystalsObstacle/CrystalShot 1.prefab
  artifactKey: Guid(c7efa0fbeb75204408f97f4e338e6cbb) Importer(815301076,1909f56bfc062723c751e8b465ee728b)
Start importing Assets/Prefabs/Pillars/CrystalsObstacle/CrystalShot 1.prefab using Guid(c7efa0fbeb75204408f97f4e338e6cbb) Importer(815301076,1909f56bfc062723c751e8b465ee728b)  -> (artifact id: '4d9f4e7dfcc479236cd0f71897d0186f') in 0.001751 seconds
Number of updated asset objects reloaded before import = 0
Number of asset objects unloaded after import = 8
========================================================================
Received Import Request.
  Time since last request: 1.215655 seconds.
  path: Assets/Prefabs/Pillars/CrystalsObstacle/CrystalShot 1.prefab
  artifactKey: Guid(c7efa0fbeb75204408f97f4e338e6cbb) Importer(815301076,1909f56bfc062723c751e8b465ee728b)
Start importing Assets/Prefabs/Pillars/CrystalsObstacle/CrystalShot 1.prefab using Guid(c7efa0fbeb75204408f97f4e338e6cbb) Importer(815301076,1909f56bfc062723c751e8b465ee728b)  -> (artifact id: '36cf317cfd231051cd33e90ca49ee154') in 0.002214 seconds
Number of updated asset objects reloaded before import = 0
Number of asset objects unloaded after import = 8
========================================================================
Received Import Request.
  Time since last request: 9.304643 seconds.
  path: Assets/Prefabs/Pillars/CrystalsObstacle/CrystalShot 1.prefab
  artifactKey: Guid(c7efa0fbeb75204408f97f4e338e6cbb) Importer(815301076,1909f56bfc062723c751e8b465ee728b)
Start importing Assets/Prefabs/Pillars/CrystalsObstacle/CrystalShot 1.prefab using Guid(c7efa0fbeb75204408f97f4e338e6cbb) Importer(815301076,1909f56bfc062723c751e8b465ee728b)  -> (artifact id: 'f95909e30dcbe69740fcb544edb413f9') in 0.001741 seconds
Number of updated asset objects reloaded before import = 0
Number of asset objects unloaded after import = 8
========================================================================
Received Import Request.
  Time since last request: 0.154396 seconds.
  path: Assets/Prefabs/Pillars/CrystalsObstacle/CrystalShot 1.prefab
  artifactKey: Guid(c7efa0fbeb75204408f97f4e338e6cbb) Importer(815301076,1909f56bfc062723c751e8b465ee728b)
Start importing Assets/Prefabs/Pillars/CrystalsObstacle/CrystalShot 1.prefab using Guid(c7efa0fbeb75204408f97f4e338e6cbb) Importer(815301076,1909f56bfc062723c751e8b465ee728b)  -> (artifact id: 'c6428bf40bd88582416264451d18ce54') in 0.002199 seconds
Number of updated asset objects reloaded before import = 0
Number of asset objects unloaded after import = 8
========================================================================
Received Import Request.
  Time since last request: 16.367383 seconds.
  path: Assets/Prefabs/Pillars/CrystalsObstacle/CrystalShot 2.prefab
  artifactKey: Guid(22ac01c3d2acacc4a96d9eaf1ec139f5) Importer(815301076,1909f56bfc062723c751e8b465ee728b)
Start importing Assets/Prefabs/Pillars/CrystalsObstacle/CrystalShot 2.prefab using Guid(22ac01c3d2acacc4a96d9eaf1ec139f5) Importer(815301076,1909f56bfc062723c751e8b465ee728b)  -> (artifact id: '07ca9928c44957eb3c7a60dd7bc9ff6f') in 0.001794 seconds
Number of updated asset objects reloaded before import = 0
Number of asset objects unloaded after import = 8
========================================================================
Received Import Request.
  Time since last request: 0.000017 seconds.
  path: Assets/Prefabs/Pillars/CrystalsObstacle/CrystalShot 4.prefab
  artifactKey: Guid(8161d1044392a9145aa2361b5091149d) Importer(815301076,1909f56bfc062723c751e8b465ee728b)
Start importing Assets/Prefabs/Pillars/CrystalsObstacle/CrystalShot 4.prefab using Guid(8161d1044392a9145aa2361b5091149d) Importer(815301076,1909f56bfc062723c751e8b465ee728b)  -> (artifact id: '5e102bbfd50e929e73ea9f979b61813f') in 0.001649 seconds
Number of updated asset objects reloaded before import = 0
Number of asset objects unloaded after import = 8
========================================================================
Received Import Request.
  Time since last request: 0.776192 seconds.
  path: Assets/Prefabs/Pillars/CrystalsObstacle/CrystalShot 2.prefab
  artifactKey: Guid(22ac01c3d2acacc4a96d9eaf1ec139f5) Importer(815301076,1909f56bfc062723c751e8b465ee728b)
Start importing Assets/Prefabs/Pillars/CrystalsObstacle/CrystalShot 2.prefab using Guid(22ac01c3d2acacc4a96d9eaf1ec139f5) Importer(815301076,1909f56bfc062723c751e8b465ee728b)  -> (artifact id: 'b9d62e7cd2e760803d8805760114efbf') in 0.001648 seconds
Number of updated asset objects reloaded before import = 0
Number of asset objects unloaded after import = 8
========================================================================
Received Import Request.
  Time since last request: 0.181110 seconds.
  path: Assets/Prefabs/Pillars/CrystalsObstacle/CrystalShot 2.prefab
  artifactKey: Guid(22ac01c3d2acacc4a96d9eaf1ec139f5) Importer(815301076,1909f56bfc062723c751e8b465ee728b)
Start importing Assets/Prefabs/Pillars/CrystalsObstacle/CrystalShot 2.prefab using Guid(22ac01c3d2acacc4a96d9eaf1ec139f5) Importer(815301076,1909f56bfc062723c751e8b465ee728b)  -> (artifact id: '42612b3dd2504fb19c971c2df580f73f') in 0.001680 seconds
Number of updated asset objects reloaded before import = 0
Number of asset objects unloaded after import = 8
========================================================================
Received Import Request.
  Time since last request: 0.385658 seconds.
  path: Assets/Prefabs/Pillars/CrystalsObstacle/CrystalShot 2.prefab
  artifactKey: Guid(22ac01c3d2acacc4a96d9eaf1ec139f5) Importer(815301076,1909f56bfc062723c751e8b465ee728b)
Start importing Assets/Prefabs/Pillars/CrystalsObstacle/CrystalShot 2.prefab using Guid(22ac01c3d2acacc4a96d9eaf1ec139f5) Importer(815301076,1909f56bfc062723c751e8b465ee728b)  -> (artifact id: '3940fac5dd66a7e893e7038d3657ca79') in 0.001974 seconds
Number of updated asset objects reloaded before import = 0
Number of asset objects unloaded after import = 8
========================================================================
Received Import Request.
  Time since last request: 0.597819 seconds.
  path: Assets/Prefabs/Pillars/CrystalsObstacle/CrystalShot 2.prefab
  artifactKey: Guid(22ac01c3d2acacc4a96d9eaf1ec139f5) Importer(815301076,1909f56bfc062723c751e8b465ee728b)
Start importing Assets/Prefabs/Pillars/CrystalsObstacle/CrystalShot 2.prefab using Guid(22ac01c3d2acacc4a96d9eaf1ec139f5) Importer(815301076,1909f56bfc062723c751e8b465ee728b)  -> (artifact id: '78b65b046485c092e14ee6e0d4df1fb5') in 0.001831 seconds
Number of updated asset objects reloaded before import = 0
Number of asset objects unloaded after import = 8
========================================================================
Received Prepare
Begin MonoManager ReloadAssembly
Symbol file LoadedFromMemory doesn't match image E:\GitHub\TESIS\Tesis Enchanted Skylands\Library\PackageCache\com.unity.visualscripting@1.8.0\Editor\VisualScripting.Core\Dependencies\YamlDotNet\Unity.VisualScripting.YamlDotNet.dll
Symbol file LoadedFromMemory doesn't match image E:\GitHub\TESIS\Tesis Enchanted Skylands\Library\PackageCache\com.unity.visualscripting@1.8.0\Editor\VisualScripting.Core\Dependencies\DotNetZip\Unity.VisualScripting.IonicZip.dll
- Loaded All Assemblies, in  0.771 seconds
Refreshing native plugins compatible for Editor in 2.95 ms, found 3 plugins.
Native extension for WindowsStandalone target not found
[Package Manager] Server::EnsureServerProcessIsRunning -- launch failed, reason: Unity was launched with the -noUpm command-line argument
[Package Manager] UpmClient::Send -- Unable to send message (not connected to UPM process).
[Package Manager] Cannot connect to Unity Package Manager local server
[Package Manager] Server::EnsureServerProcessIsRunning -- launch failed, reason: Unity was launched with the -noUpm command-line argument
[Package Manager] UpmClient::Send -- Unable to send message (not connected to UPM process).
[Package Manager] Cannot connect to Unity Package Manager local server
Mono: successfully reloaded assembly
- Finished resetting the current domain, in  1.655 seconds
Domain Reload Profiling: 2423ms
	BeginReloadAssembly (155ms)
		ExecutionOrderSort (0ms)
		DisableScriptedObjects (5ms)
		BackupInstance (0ms)
		ReleaseScriptingObjects (0ms)
		CreateAndSetChildDomain (37ms)
	RebuildCommonClasses (36ms)
	RebuildNativeTypeToScriptingClass (13ms)
	initialDomainReloadingComplete (37ms)
	LoadAllAssembliesAndSetupDomain (527ms)
		LoadAssemblies (273ms)
		RebuildTransferFunctionScriptingTraits (0ms)
		AnalyzeDomain (323ms)
			TypeCache.Refresh (310ms)
				TypeCache.ScanAssembly (297ms)
			ScanForSourceGeneratedMonoScriptInfo (0ms)
			ResolveRequiredComponents (14ms)
	FinalizeReload (1655ms)
		ReleaseScriptCaches (0ms)
		RebuildScriptCaches (0ms)
		SetupLoadedEditorAssemblies (683ms)
			LogAssemblyErrors (0ms)
			InitializePlatformSupportModulesInManaged (9ms)
			SetLoadedEditorAssemblies (4ms)
			RefreshPlugins (0ms)
			BeforeProcessingInitializeOnLoad (97ms)
			ProcessInitializeOnLoadAttributes (472ms)
			ProcessInitializeOnLoadMethodAttributes (87ms)
			AfterProcessingInitializeOnLoad (14ms)
			EditorAssembliesLoaded (0ms)
		ExecutionOrderSort2 (0ms)
		AwakeInstancesAfterBackupRestoration (25ms)
Refreshing native plugins compatible for Editor in 3.68 ms, found 3 plugins.
Preloading 0 native plugins for Editor in 0.00 ms.
Unloading 6461 Unused Serialized files (Serialized files now loaded: 0)
Unloading 45 unused Assets / (1.1 MB). Loaded Objects now: 8407.
Memory consumption went from 336.7 MB to 335.6 MB.
Total: 5.775200 ms (FindLiveObjects: 1.296300 ms CreateObjectMapping: 0.414000 ms MarkObjects: 3.828300 ms  DeleteObjects: 0.235500 ms)

Prepare: number of updated asset objects reloaded= 0
AssetImportParameters requested are different than current active one (requested -> active):
  custom:container-demuxer-ogg: 62fdf1f143b41e24485cea50d1cbac27 -> 
  custom:framework-win-MediaFoundation: 216162199b28c13a410421893ffa2e32 -> 
  custom:container-muxer-webm: aa71ff27fc2769a1b78a27578f13a17b -> 
  custom:video-decoder-webm-vp8: 9c59270c3fd7afecdb556c50c9e8de78 -> 
  custom:SearchIndexIgnoredProperties: e643bd26f0fe6173181afceb89e7c659 -> 
  custom:AudioImporter_EditorPlatform: d09bf68614088b80899f8185d706f6e7 -> 
  custom:audio-decoder-ogg-vorbis: bf7c407c2cedff20999df2af8eb42d56 -> 
  custom:audio-encoder-webm-vorbis: bf7c407c2cedff20999df2af8eb42d56 -> 
  custom:video-decoder-ogg-theora: a1e56fd34408186e4bbccfd4996cb3dc -> 
  custom:CustomObjectIndexerAttribute: a3ef5dd2817f97addfee359851a9dba5 -> 
  custom:container-demuxer-webm: 4f35f7cbe854078d1ac9338744f61a02 -> 
  custom:video-encoder-webm-vp8: eb34c28f22e8b96e1ab97ce403110664 -> 
========================================================================
Received Prepare
Begin MonoManager ReloadAssembly
Symbol file LoadedFromMemory doesn't match image E:\GitHub\TESIS\Tesis Enchanted Skylands\Library\PackageCache\com.unity.visualscripting@1.8.0\Editor\VisualScripting.Core\Dependencies\YamlDotNet\Unity.VisualScripting.YamlDotNet.dll
Symbol file LoadedFromMemory doesn't match image E:\GitHub\TESIS\Tesis Enchanted Skylands\Library\PackageCache\com.unity.visualscripting@1.8.0\Editor\VisualScripting.Core\Dependencies\DotNetZip\Unity.VisualScripting.IonicZip.dll
- Loaded All Assemblies, in  0.807 seconds
Refreshing native plugins compatible for Editor in 3.43 ms, found 3 plugins.
Native extension for WindowsStandalone target not found
[Package Manager] Server::EnsureServerProcessIsRunning -- launch failed, reason: Unity was launched with the -noUpm command-line argument
[Package Manager] UpmClient::Send -- Unable to send message (not connected to UPM process).
[Package Manager] Cannot connect to Unity Package Manager local server
[Package Manager] Server::EnsureServerProcessIsRunning -- launch failed, reason: Unity was launched with the -noUpm command-line argument
[Package Manager] UpmClient::Send -- Unable to send message (not connected to UPM process).
[Package Manager] Cannot connect to Unity Package Manager local server
Mono: successfully reloaded assembly
- Finished resetting the current domain, in  1.512 seconds
Domain Reload Profiling: 2316ms
	BeginReloadAssembly (133ms)
		ExecutionOrderSort (0ms)
		DisableScriptedObjects (5ms)
		BackupInstance (0ms)
		ReleaseScriptingObjects (0ms)
		CreateAndSetChildDomain (36ms)
	RebuildCommonClasses (36ms)
	RebuildNativeTypeToScriptingClass (13ms)
	initialDomainReloadingComplete (40ms)
	LoadAllAssembliesAndSetupDomain (582ms)
		LoadAssemblies (258ms)
		RebuildTransferFunctionScriptingTraits (0ms)
		AnalyzeDomain (374ms)
			TypeCache.Refresh (349ms)
				TypeCache.ScanAssembly (336ms)
			ScanForSourceGeneratedMonoScriptInfo (9ms)
			ResolveRequiredComponents (17ms)
	FinalizeReload (1512ms)
		ReleaseScriptCaches (0ms)
		RebuildScriptCaches (0ms)
		SetupLoadedEditorAssemblies (585ms)
			LogAssemblyErrors (0ms)
			InitializePlatformSupportModulesInManaged (7ms)
			SetLoadedEditorAssemblies (3ms)
			RefreshPlugins (0ms)
			BeforeProcessingInitializeOnLoad (84ms)
			ProcessInitializeOnLoadAttributes (404ms)
			ProcessInitializeOnLoadMethodAttributes (75ms)
			AfterProcessingInitializeOnLoad (11ms)
			EditorAssembliesLoaded (0ms)
		ExecutionOrderSort2 (0ms)
		AwakeInstancesAfterBackupRestoration (27ms)
Refreshing native plugins compatible for Editor in 3.07 ms, found 3 plugins.
Preloading 0 native plugins for Editor in 0.00 ms.
Unloading 6461 Unused Serialized files (Serialized files now loaded: 0)
Unloading 45 unused Assets / (1.1 MB). Loaded Objects now: 8423.
Memory consumption went from 336.7 MB to 335.6 MB.
Total: 4.885600 ms (FindLiveObjects: 1.123300 ms CreateObjectMapping: 0.380800 ms MarkObjects: 3.136300 ms  DeleteObjects: 0.243300 ms)

Prepare: number of updated asset objects reloaded= 0
AssetImportParameters requested are different than current active one (requested -> active):
  custom:container-demuxer-ogg: 62fdf1f143b41e24485cea50d1cbac27 -> 
  custom:framework-win-MediaFoundation: 216162199b28c13a410421893ffa2e32 -> 
  custom:container-muxer-webm: aa71ff27fc2769a1b78a27578f13a17b -> 
  custom:video-decoder-webm-vp8: 9c59270c3fd7afecdb556c50c9e8de78 -> 
  custom:SearchIndexIgnoredProperties: e643bd26f0fe6173181afceb89e7c659 -> 
  custom:AudioImporter_EditorPlatform: d09bf68614088b80899f8185d706f6e7 -> 
  custom:audio-decoder-ogg-vorbis: bf7c407c2cedff20999df2af8eb42d56 -> 
  custom:audio-encoder-webm-vorbis: bf7c407c2cedff20999df2af8eb42d56 -> 
  custom:video-decoder-ogg-theora: a1e56fd34408186e4bbccfd4996cb3dc -> 
  custom:CustomObjectIndexerAttribute: a3ef5dd2817f97addfee359851a9dba5 -> 
  custom:container-demuxer-webm: 4f35f7cbe854078d1ac9338744f61a02 -> 
  custom:video-encoder-webm-vp8: eb34c28f22e8b96e1ab97ce403110664 -> 
========================================================================
Received Import Request.
  Time since last request: 43.683998 seconds.
  path: Assets/Prefabs/Pillars/CrystalsObstacle/CrystalShot 1.prefab
  artifactKey: Guid(c7efa0fbeb75204408f97f4e338e6cbb) Importer(815301076,1909f56bfc062723c751e8b465ee728b)
Start importing Assets/Prefabs/Pillars/CrystalsObstacle/CrystalShot 1.prefab using Guid(c7efa0fbeb75204408f97f4e338e6cbb) Importer(815301076,1909f56bfc062723c751e8b465ee728b)  -> (artifact id: 'c23cf01e1d340de2683b350f6ce48e68') in 0.024603 seconds
Number of updated asset objects reloaded before import = 0
Number of asset objects unloaded after import = 8
========================================================================
Received Import Request.
  Time since last request: 0.000027 seconds.
  path: Assets/Prefabs/Pillars/CrystalsObstacle/CrystalShot 4.prefab
  artifactKey: Guid(8161d1044392a9145aa2361b5091149d) Importer(815301076,1909f56bfc062723c751e8b465ee728b)
Start importing Assets/Prefabs/Pillars/CrystalsObstacle/CrystalShot 4.prefab using Guid(8161d1044392a9145aa2361b5091149d) Importer(815301076,1909f56bfc062723c751e8b465ee728b)  -> (artifact id: '1134e6c566a4cdacdeed46848b9fca3f') in 0.001672 seconds
Number of updated asset objects reloaded before import = 0
Number of asset objects unloaded after import = 8
========================================================================
Received Prepare
Begin MonoManager ReloadAssembly
Symbol file LoadedFromMemory doesn't match image E:\GitHub\TESIS\Tesis Enchanted Skylands\Library\PackageCache\com.unity.visualscripting@1.8.0\Editor\VisualScripting.Core\Dependencies\YamlDotNet\Unity.VisualScripting.YamlDotNet.dll
Symbol file LoadedFromMemory doesn't match image E:\GitHub\TESIS\Tesis Enchanted Skylands\Library\PackageCache\com.unity.visualscripting@1.8.0\Editor\VisualScripting.Core\Dependencies\DotNetZip\Unity.VisualScripting.IonicZip.dll
- Loaded All Assemblies, in  0.840 seconds
Refreshing native plugins compatible for Editor in 4.84 ms, found 3 plugins.
Native extension for WindowsStandalone target not found
[Package Manager] Server::EnsureServerProcessIsRunning -- launch failed, reason: Unity was launched with the -noUpm command-line argument
[Package Manager] UpmClient::Send -- Unable to send message (not connected to UPM process).
[Package Manager] Cannot connect to Unity Package Manager local server
[Package Manager] Server::EnsureServerProcessIsRunning -- launch failed, reason: Unity was launched with the -noUpm command-line argument
[Package Manager] UpmClient::Send -- Unable to send message (not connected to UPM process).
[Package Manager] Cannot connect to Unity Package Manager local server
Mono: successfully reloaded assembly
- Finished resetting the current domain, in  1.723 seconds
Domain Reload Profiling: 2560ms
	BeginReloadAssembly (157ms)
		ExecutionOrderSort (0ms)
		DisableScriptedObjects (5ms)
		BackupInstance (0ms)
		ReleaseScriptingObjects (0ms)
		CreateAndSetChildDomain (37ms)
	RebuildCommonClasses (36ms)
	RebuildNativeTypeToScriptingClass (13ms)
	initialDomainReloadingComplete (38ms)
	LoadAllAssembliesAndSetupDomain (593ms)
		LoadAssemblies (286ms)
		RebuildTransferFunctionScriptingTraits (0ms)
		AnalyzeDomain (376ms)
			TypeCache.Refresh (350ms)
				TypeCache.ScanAssembly (336ms)
			ScanForSourceGeneratedMonoScriptInfo (9ms)
			ResolveRequiredComponents (17ms)
	FinalizeReload (1723ms)
		ReleaseScriptCaches (0ms)
		RebuildScriptCaches (0ms)
		SetupLoadedEditorAssemblies (684ms)
			LogAssemblyErrors (0ms)
			InitializePlatformSupportModulesInManaged (9ms)
			SetLoadedEditorAssemblies (4ms)
			RefreshPlugins (0ms)
			BeforeProcessingInitializeOnLoad (97ms)
			ProcessInitializeOnLoadAttributes (473ms)
			ProcessInitializeOnLoadMethodAttributes (87ms)
			AfterProcessingInitializeOnLoad (14ms)
			EditorAssembliesLoaded (0ms)
		ExecutionOrderSort2 (0ms)
		AwakeInstancesAfterBackupRestoration (24ms)
Refreshing native plugins compatible for Editor in 3.78 ms, found 3 plugins.
Preloading 0 native plugins for Editor in 0.00 ms.
Unloading 6461 Unused Serialized files (Serialized files now loaded: 0)
Unloading 45 unused Assets / (1.1 MB). Loaded Objects now: 8439.
Memory consumption went from 336.7 MB to 335.6 MB.
Total: 6.032100 ms (FindLiveObjects: 1.235300 ms CreateObjectMapping: 0.742900 ms MarkObjects: 3.616300 ms  DeleteObjects: 0.436400 ms)

Prepare: number of updated asset objects reloaded= 0
AssetImportParameters requested are different than current active one (requested -> active):
  custom:container-demuxer-ogg: 62fdf1f143b41e24485cea50d1cbac27 -> 
  custom:framework-win-MediaFoundation: 216162199b28c13a410421893ffa2e32 -> 
  custom:container-muxer-webm: aa71ff27fc2769a1b78a27578f13a17b -> 
  custom:video-decoder-webm-vp8: 9c59270c3fd7afecdb556c50c9e8de78 -> 
  custom:SearchIndexIgnoredProperties: e643bd26f0fe6173181afceb89e7c659 -> 
  custom:AudioImporter_EditorPlatform: d09bf68614088b80899f8185d706f6e7 -> 
  custom:audio-decoder-ogg-vorbis: bf7c407c2cedff20999df2af8eb42d56 -> 
  custom:audio-encoder-webm-vorbis: bf7c407c2cedff20999df2af8eb42d56 -> 
  custom:video-decoder-ogg-theora: a1e56fd34408186e4bbccfd4996cb3dc -> 
  custom:CustomObjectIndexerAttribute: a3ef5dd2817f97addfee359851a9dba5 -> 
  custom:container-demuxer-webm: 4f35f7cbe854078d1ac9338744f61a02 -> 
  custom:video-encoder-webm-vp8: eb34c28f22e8b96e1ab97ce403110664 -> 
========================================================================
Received Prepare
Begin MonoManager ReloadAssembly
Symbol file LoadedFromMemory doesn't match image E:\GitHub\TESIS\Tesis Enchanted Skylands\Library\PackageCache\com.unity.visualscripting@1.8.0\Editor\VisualScripting.Core\Dependencies\YamlDotNet\Unity.VisualScripting.YamlDotNet.dll
Symbol file LoadedFromMemory doesn't match image E:\GitHub\TESIS\Tesis Enchanted Skylands\Library\PackageCache\com.unity.visualscripting@1.8.0\Editor\VisualScripting.Core\Dependencies\DotNetZip\Unity.VisualScripting.IonicZip.dll
- Loaded All Assemblies, in  0.786 seconds
Refreshing native plugins compatible for Editor in 3.34 ms, found 3 plugins.
Native extension for WindowsStandalone target not found
[Package Manager] Server::EnsureServerProcessIsRunning -- launch failed, reason: Unity was launched with the -noUpm command-line argument
[Package Manager] UpmClient::Send -- Unable to send message (not connected to UPM process).
[Package Manager] Cannot connect to Unity Package Manager local server
[Package Manager] Server::EnsureServerProcessIsRunning -- launch failed, reason: Unity was launched with the -noUpm command-line argument
[Package Manager] UpmClient::Send -- Unable to send message (not connected to UPM process).
[Package Manager] Cannot connect to Unity Package Manager local server
Mono: successfully reloaded assembly
- Finished resetting the current domain, in  1.590 seconds
Domain Reload Profiling: 2373ms
	BeginReloadAssembly (154ms)
		ExecutionOrderSort (0ms)
		DisableScriptedObjects (5ms)
		BackupInstance (0ms)
		ReleaseScriptingObjects (0ms)
		CreateAndSetChildDomain (37ms)
	RebuildCommonClasses (36ms)
	RebuildNativeTypeToScriptingClass (14ms)
	initialDomainReloadingComplete (39ms)
	LoadAllAssembliesAndSetupDomain (538ms)
		LoadAssemblies (284ms)
		RebuildTransferFunctionScriptingTraits (0ms)
		AnalyzeDomain (323ms)
			TypeCache.Refresh (310ms)
				TypeCache.ScanAssembly (297ms)
			ScanForSourceGeneratedMonoScriptInfo (0ms)
			ResolveRequiredComponents (14ms)
	FinalizeReload (1591ms)
		ReleaseScriptCaches (0ms)
		RebuildScriptCaches (0ms)
		SetupLoadedEditorAssemblies (667ms)
			LogAssemblyErrors (0ms)
			InitializePlatformSupportModulesInManaged (9ms)
			SetLoadedEditorAssemblies (4ms)
			RefreshPlugins (0ms)
			BeforeProcessingInitializeOnLoad (96ms)
			ProcessInitializeOnLoadAttributes (460ms)
			ProcessInitializeOnLoadMethodAttributes (84ms)
			AfterProcessingInitializeOnLoad (13ms)
			EditorAssembliesLoaded (0ms)
		ExecutionOrderSort2 (0ms)
		AwakeInstancesAfterBackupRestoration (24ms)
Refreshing native plugins compatible for Editor in 3.95 ms, found 3 plugins.
Preloading 0 native plugins for Editor in 0.00 ms.
Unloading 6461 Unused Serialized files (Serialized files now loaded: 0)
Unloading 45 unused Assets / (1.1 MB). Loaded Objects now: 8455.
Memory consumption went from 336.7 MB to 335.6 MB.
Total: 5.439400 ms (FindLiveObjects: 1.262200 ms CreateObjectMapping: 0.451200 ms MarkObjects: 3.479800 ms  DeleteObjects: 0.245100 ms)

Prepare: number of updated asset objects reloaded= 0
AssetImportParameters requested are different than current active one (requested -> active):
  custom:container-demuxer-ogg: 62fdf1f143b41e24485cea50d1cbac27 -> 
  custom:framework-win-MediaFoundation: 216162199b28c13a410421893ffa2e32 -> 
  custom:container-muxer-webm: aa71ff27fc2769a1b78a27578f13a17b -> 
  custom:video-decoder-webm-vp8: 9c59270c3fd7afecdb556c50c9e8de78 -> 
  custom:SearchIndexIgnoredProperties: e643bd26f0fe6173181afceb89e7c659 -> 
  custom:AudioImporter_EditorPlatform: d09bf68614088b80899f8185d706f6e7 -> 
  custom:audio-decoder-ogg-vorbis: bf7c407c2cedff20999df2af8eb42d56 -> 
  custom:audio-encoder-webm-vorbis: bf7c407c2cedff20999df2af8eb42d56 -> 
  custom:video-decoder-ogg-theora: a1e56fd34408186e4bbccfd4996cb3dc -> 
  custom:CustomObjectIndexerAttribute: a3ef5dd2817f97addfee359851a9dba5 -> 
  custom:container-demuxer-webm: 4f35f7cbe854078d1ac9338744f61a02 -> 
  custom:video-encoder-webm-vp8: eb34c28f22e8b96e1ab97ce403110664 -> 
========================================================================
Received Import Request.
  Time since last request: 57.179601 seconds.
  path: Assets/Prefabs/Pillars/CrystalsObstacle/CrystalShot 1.prefab
  artifactKey: Guid(c7efa0fbeb75204408f97f4e338e6cbb) Importer(815301076,1909f56bfc062723c751e8b465ee728b)
Start importing Assets/Prefabs/Pillars/CrystalsObstacle/CrystalShot 1.prefab using Guid(c7efa0fbeb75204408f97f4e338e6cbb) Importer(815301076,1909f56bfc062723c751e8b465ee728b)  -> (artifact id: '39bac088d0ee9ec72828d0361c9f27e1') in 0.027989 seconds
Number of updated asset objects reloaded before import = 0
Number of asset objects unloaded after import = 8
========================================================================
Received Import Request.
  Time since last request: 0.000017 seconds.
  path: Assets/Prefabs/Pillars/CrystalsObstacle/CrystalShot 4.prefab
  artifactKey: Guid(8161d1044392a9145aa2361b5091149d) Importer(815301076,1909f56bfc062723c751e8b465ee728b)
Start importing Assets/Prefabs/Pillars/CrystalsObstacle/CrystalShot 4.prefab using Guid(8161d1044392a9145aa2361b5091149d) Importer(815301076,1909f56bfc062723c751e8b465ee728b)  -> (artifact id: '0fb3721075131f40aad5bb0bd1a90d91') in 0.001557 seconds
Number of updated asset objects reloaded before import = 0
Number of asset objects unloaded after import = 8
========================================================================
Received Import Request.
  Time since last request: 0.083754 seconds.
  path: Assets/Prefabs/Pillars/CrystalsObstacle/CrystalShot 1.prefab
  artifactKey: Guid(c7efa0fbeb75204408f97f4e338e6cbb) Importer(815301076,1909f56bfc062723c751e8b465ee728b)
Start importing Assets/Prefabs/Pillars/CrystalsObstacle/CrystalShot 1.prefab using Guid(c7efa0fbeb75204408f97f4e338e6cbb) Importer(815301076,1909f56bfc062723c751e8b465ee728b)  -> (artifact id: '355afb648f742c040bffbbc9f9ecc0b0') in 0.001576 seconds
Number of updated asset objects reloaded before import = 0
Number of asset objects unloaded after import = 8
========================================================================
Received Import Request.
  Time since last request: 0.000019 seconds.
  path: Assets/Prefabs/Pillars/CrystalsObstacle/CrystalShot 4.prefab
  artifactKey: Guid(8161d1044392a9145aa2361b5091149d) Importer(815301076,1909f56bfc062723c751e8b465ee728b)
Start importing Assets/Prefabs/Pillars/CrystalsObstacle/CrystalShot 4.prefab using Guid(8161d1044392a9145aa2361b5091149d) Importer(815301076,1909f56bfc062723c751e8b465ee728b)  -> (artifact id: 'd0951ee6f81f48610619efdf378fe1e6') in 0.001528 seconds
Number of updated asset objects reloaded before import = 0
Number of asset objects unloaded after import = 8
========================================================================
Received Import Request.
  Time since last request: 12.557391 seconds.
  path: Assets/Prefabs/Pillars/CrystalsObstacle/CrystalShot 1.prefab
  artifactKey: Guid(c7efa0fbeb75204408f97f4e338e6cbb) Importer(815301076,1909f56bfc062723c751e8b465ee728b)
Start importing Assets/Prefabs/Pillars/CrystalsObstacle/CrystalShot 1.prefab using Guid(c7efa0fbeb75204408f97f4e338e6cbb) Importer(815301076,1909f56bfc062723c751e8b465ee728b)  -> (artifact id: 'c202bc41e5a91e60431725aa51f036bc') in 0.002160 seconds
Number of updated asset objects reloaded before import = 0
Number of asset objects unloaded after import = 8
========================================================================
Received Import Request.
  Time since last request: 0.000018 seconds.
  path: Assets/Prefabs/Pillars/CrystalsObstacle/CrystalShot 3.prefab
  artifactKey: Guid(715b3df6c7170b445a70e669a80c0f0a) Importer(815301076,1909f56bfc062723c751e8b465ee728b)
Start importing Assets/Prefabs/Pillars/CrystalsObstacle/CrystalShot 3.prefab using Guid(715b3df6c7170b445a70e669a80c0f0a) Importer(815301076,1909f56bfc062723c751e8b465ee728b)  -> (artifact id: '4d3bc36dad0675caa82116a25db2eb41') in 0.001592 seconds
Number of updated asset objects reloaded before import = 0
Number of asset objects unloaded after import = 8
========================================================================
Received Import Request.
  Time since last request: 28.946624 seconds.
  path: Assets/Prefabs/Pillars/CrystalsObstacle/CrystalShot 1.prefab
  artifactKey: Guid(c7efa0fbeb75204408f97f4e338e6cbb) Importer(815301076,1909f56bfc062723c751e8b465ee728b)
Start importing Assets/Prefabs/Pillars/CrystalsObstacle/CrystalShot 1.prefab using Guid(c7efa0fbeb75204408f97f4e338e6cbb) Importer(815301076,1909f56bfc062723c751e8b465ee728b)  -> (artifact id: '81033c52367d87ffa2bbde098dcc993b') in 0.001718 seconds
Number of updated asset objects reloaded before import = 0
Number of asset objects unloaded after import = 8
========================================================================
Received Import Request.
  Time since last request: 0.000015 seconds.
  path: Assets/Prefabs/Pillars/CrystalsObstacle/CrystalShot 3.prefab
  artifactKey: Guid(715b3df6c7170b445a70e669a80c0f0a) Importer(815301076,1909f56bfc062723c751e8b465ee728b)
Start importing Assets/Prefabs/Pillars/CrystalsObstacle/CrystalShot 3.prefab using Guid(715b3df6c7170b445a70e669a80c0f0a) Importer(815301076,1909f56bfc062723c751e8b465ee728b)  -> (artifact id: '0a775294eacdf836e56e76396fc0ac1d') in 0.001718 seconds
Number of updated asset objects reloaded before import = 0
Number of asset objects unloaded after import = 8
========================================================================
Received Import Request.
  Time since last request: 0.137002 seconds.
  path: Assets/Prefabs/Pillars/CrystalsObstacle/CrystalShot 1.prefab
  artifactKey: Guid(c7efa0fbeb75204408f97f4e338e6cbb) Importer(815301076,1909f56bfc062723c751e8b465ee728b)
Start importing Assets/Prefabs/Pillars/CrystalsObstacle/CrystalShot 1.prefab using Guid(c7efa0fbeb75204408f97f4e338e6cbb) Importer(815301076,1909f56bfc062723c751e8b465ee728b)  -> (artifact id: '34b2568690bdf57266b916743814a1cd') in 0.002485 seconds
Number of updated asset objects reloaded before import = 0
Number of asset objects unloaded after import = 8
========================================================================
Received Import Request.
  Time since last request: 0.000018 seconds.
  path: Assets/Prefabs/Pillars/CrystalsObstacle/CrystalShot 4.prefab
  artifactKey: Guid(8161d1044392a9145aa2361b5091149d) Importer(815301076,1909f56bfc062723c751e8b465ee728b)
Start importing Assets/Prefabs/Pillars/CrystalsObstacle/CrystalShot 4.prefab using Guid(8161d1044392a9145aa2361b5091149d) Importer(815301076,1909f56bfc062723c751e8b465ee728b)  -> (artifact id: '74803321819400fabc1fa8869b7f1823') in 0.002048 seconds
Number of updated asset objects reloaded before import = 0
Number of asset objects unloaded after import = 8
========================================================================
Received Prepare
Begin MonoManager ReloadAssembly
Symbol file LoadedFromMemory doesn't match image E:\GitHub\TESIS\Tesis Enchanted Skylands\Library\PackageCache\com.unity.visualscripting@1.8.0\Editor\VisualScripting.Core\Dependencies\YamlDotNet\Unity.VisualScripting.YamlDotNet.dll
Symbol file LoadedFromMemory doesn't match image E:\GitHub\TESIS\Tesis Enchanted Skylands\Library\PackageCache\com.unity.visualscripting@1.8.0\Editor\VisualScripting.Core\Dependencies\DotNetZip\Unity.VisualScripting.IonicZip.dll
- Loaded All Assemblies, in  0.779 seconds
Refreshing native plugins compatible for Editor in 2.88 ms, found 3 plugins.
Native extension for WindowsStandalone target not found
[Package Manager] Server::EnsureServerProcessIsRunning -- launch failed, reason: Unity was launched with the -noUpm command-line argument
[Package Manager] UpmClient::Send -- Unable to send message (not connected to UPM process).
[Package Manager] Cannot connect to Unity Package Manager local server
[Package Manager] Server::EnsureServerProcessIsRunning -- launch failed, reason: Unity was launched with the -noUpm command-line argument
[Package Manager] UpmClient::Send -- Unable to send message (not connected to UPM process).
[Package Manager] Cannot connect to Unity Package Manager local server
Mono: successfully reloaded assembly
- Finished resetting the current domain, in  1.589 seconds
Domain Reload Profiling: 2366ms
	BeginReloadAssembly (157ms)
		ExecutionOrderSort (0ms)
		DisableScriptedObjects (5ms)
		BackupInstance (0ms)
		ReleaseScriptingObjects (0ms)
		CreateAndSetChildDomain (37ms)
	RebuildCommonClasses (36ms)
	RebuildNativeTypeToScriptingClass (13ms)
	initialDomainReloadingComplete (36ms)
	LoadAllAssembliesAndSetupDomain (534ms)
		LoadAssemblies (282ms)
		RebuildTransferFunctionScriptingTraits (0ms)
		AnalyzeDomain (322ms)
			TypeCache.Refresh (308ms)
				TypeCache.ScanAssembly (296ms)
			ScanForSourceGeneratedMonoScriptInfo (0ms)
			ResolveRequiredComponents (14ms)
	FinalizeReload (1590ms)
		ReleaseScriptCaches (0ms)
		RebuildScriptCaches (0ms)
		SetupLoadedEditorAssemblies (671ms)
			LogAssemblyErrors (0ms)
			InitializePlatformSupportModulesInManaged (9ms)
			SetLoadedEditorAssemblies (4ms)
			RefreshPlugins (0ms)
			BeforeProcessingInitializeOnLoad (96ms)
			ProcessInitializeOnLoadAttributes (463ms)
			ProcessInitializeOnLoadMethodAttributes (85ms)
			AfterProcessingInitializeOnLoad (14ms)
			EditorAssembliesLoaded (0ms)
		ExecutionOrderSort2 (0ms)
		AwakeInstancesAfterBackupRestoration (25ms)
Refreshing native plugins compatible for Editor in 4.17 ms, found 3 plugins.
Preloading 0 native plugins for Editor in 0.00 ms.
Unloading 6461 Unused Serialized files (Serialized files now loaded: 0)
Unloading 45 unused Assets / (1.1 MB). Loaded Objects now: 8471.
Memory consumption went from 336.7 MB to 335.6 MB.
Total: 5.192500 ms (FindLiveObjects: 1.155200 ms CreateObjectMapping: 0.473800 ms MarkObjects: 3.362700 ms  DeleteObjects: 0.199600 ms)

Prepare: number of updated asset objects reloaded= 0
AssetImportParameters requested are different than current active one (requested -> active):
  custom:container-demuxer-ogg: 62fdf1f143b41e24485cea50d1cbac27 -> 
  custom:framework-win-MediaFoundation: 216162199b28c13a410421893ffa2e32 -> 
  custom:container-muxer-webm: aa71ff27fc2769a1b78a27578f13a17b -> 
  custom:video-decoder-webm-vp8: 9c59270c3fd7afecdb556c50c9e8de78 -> 
  custom:SearchIndexIgnoredProperties: e643bd26f0fe6173181afceb89e7c659 -> 
  custom:AudioImporter_EditorPlatform: d09bf68614088b80899f8185d706f6e7 -> 
  custom:audio-decoder-ogg-vorbis: bf7c407c2cedff20999df2af8eb42d56 -> 
  custom:audio-encoder-webm-vorbis: bf7c407c2cedff20999df2af8eb42d56 -> 
  custom:video-decoder-ogg-theora: a1e56fd34408186e4bbccfd4996cb3dc -> 
  custom:CustomObjectIndexerAttribute: a3ef5dd2817f97addfee359851a9dba5 -> 
  custom:container-demuxer-webm: 4f35f7cbe854078d1ac9338744f61a02 -> 
  custom:video-encoder-webm-vp8: eb34c28f22e8b96e1ab97ce403110664 -> 
========================================================================
Received Import Request.
  Time since last request: 65.996437 seconds.
  path: Assets/Prefabs/Pillars/CrystalsObstacle/CrystalShot 1.prefab
  artifactKey: Guid(c7efa0fbeb75204408f97f4e338e6cbb) Importer(815301076,1909f56bfc062723c751e8b465ee728b)
Start importing Assets/Prefabs/Pillars/CrystalsObstacle/CrystalShot 1.prefab using Guid(c7efa0fbeb75204408f97f4e338e6cbb) Importer(815301076,1909f56bfc062723c751e8b465ee728b)  -> (artifact id: '6d4fb4b2bb5a1b1da2671b2879cc950d') in 0.026991 seconds
Number of updated asset objects reloaded before import = 0
Number of asset objects unloaded after import = 8
========================================================================
Received Import Request.
  Time since last request: 0.000016 seconds.
  path: Assets/Prefabs/Pillars/CrystalsObstacle/CrystalShot 3.prefab
  artifactKey: Guid(715b3df6c7170b445a70e669a80c0f0a) Importer(815301076,1909f56bfc062723c751e8b465ee728b)
Start importing Assets/Prefabs/Pillars/CrystalsObstacle/CrystalShot 3.prefab using Guid(715b3df6c7170b445a70e669a80c0f0a) Importer(815301076,1909f56bfc062723c751e8b465ee728b)  -> (artifact id: '756ac9d76d6954d6ca3cbe30e9b4a2c3') in 0.001731 seconds
Number of updated asset objects reloaded before import = 0
Number of asset objects unloaded after import = 8
========================================================================
Received Import Request.
  Time since last request: 0.105303 seconds.
  path: Assets/Prefabs/Pillars/CrystalsObstacle/CrystalShot 1.prefab
  artifactKey: Guid(c7efa0fbeb75204408f97f4e338e6cbb) Importer(815301076,1909f56bfc062723c751e8b465ee728b)
Start importing Assets/Prefabs/Pillars/CrystalsObstacle/CrystalShot 1.prefab using Guid(c7efa0fbeb75204408f97f4e338e6cbb) Importer(815301076,1909f56bfc062723c751e8b465ee728b)  -> (artifact id: '4ecab8bbff671a8dc966f48c995a5148') in 0.001609 seconds
Number of updated asset objects reloaded before import = 0
Number of asset objects unloaded after import = 8
========================================================================
Received Import Request.
  Time since last request: 0.000015 seconds.
  path: Assets/Prefabs/Pillars/CrystalsObstacle/CrystalShot 3.prefab
  artifactKey: Guid(715b3df6c7170b445a70e669a80c0f0a) Importer(815301076,1909f56bfc062723c751e8b465ee728b)
Start importing Assets/Prefabs/Pillars/CrystalsObstacle/CrystalShot 3.prefab using Guid(715b3df6c7170b445a70e669a80c0f0a) Importer(815301076,1909f56bfc062723c751e8b465ee728b)  -> (artifact id: 'ab9edeccd9a370463b6fc9e8360c954b') in 0.001572 seconds
Number of updated asset objects reloaded before import = 0
Number of asset objects unloaded after import = 8
========================================================================
Received Import Request.
  Time since last request: 0.146645 seconds.
  path: Assets/Prefabs/Pillars/CrystalsObstacle/CrystalShot 1.prefab
  artifactKey: Guid(c7efa0fbeb75204408f97f4e338e6cbb) Importer(815301076,1909f56bfc062723c751e8b465ee728b)
Start importing Assets/Prefabs/Pillars/CrystalsObstacle/CrystalShot 1.prefab using Guid(c7efa0fbeb75204408f97f4e338e6cbb) Importer(815301076,1909f56bfc062723c751e8b465ee728b)  -> (artifact id: '3487eeebad4eae5589a0ecd21260399e') in 0.001860 seconds
Number of updated asset objects reloaded before import = 0
Number of asset objects unloaded after import = 8
========================================================================
Received Import Request.
  Time since last request: 0.000017 seconds.
  path: Assets/Prefabs/Pillars/CrystalsObstacle/CrystalShot 4.prefab
  artifactKey: Guid(8161d1044392a9145aa2361b5091149d) Importer(815301076,1909f56bfc062723c751e8b465ee728b)
Start importing Assets/Prefabs/Pillars/CrystalsObstacle/CrystalShot 4.prefab using Guid(8161d1044392a9145aa2361b5091149d) Importer(815301076,1909f56bfc062723c751e8b465ee728b)  -> (artifact id: '1247b347cd2865f56590c8833b0135a4') in 0.001705 seconds
Number of updated asset objects reloaded before import = 0
Number of asset objects unloaded after import = 8
========================================================================
Received Import Request.
  Time since last request: 10.231189 seconds.
  path: Assets/Prefabs/Pillars/CrystalsObstacle/CrystalShot 1.prefab
  artifactKey: Guid(c7efa0fbeb75204408f97f4e338e6cbb) Importer(815301076,1909f56bfc062723c751e8b465ee728b)
Start importing Assets/Prefabs/Pillars/CrystalsObstacle/CrystalShot 1.prefab using Guid(c7efa0fbeb75204408f97f4e338e6cbb) Importer(815301076,1909f56bfc062723c751e8b465ee728b)  -> (artifact id: 'baf12e726214a3cff8c1d141b8d3348b') in 0.001568 seconds
Number of updated asset objects reloaded before import = 0
Number of asset objects unloaded after import = 8
========================================================================
Received Import Request.
  Time since last request: 0.000015 seconds.
  path: Assets/Prefabs/Pillars/CrystalsObstacle/CrystalShot 3.prefab
  artifactKey: Guid(715b3df6c7170b445a70e669a80c0f0a) Importer(815301076,1909f56bfc062723c751e8b465ee728b)
Start importing Assets/Prefabs/Pillars/CrystalsObstacle/CrystalShot 3.prefab using Guid(715b3df6c7170b445a70e669a80c0f0a) Importer(815301076,1909f56bfc062723c751e8b465ee728b)  -> (artifact id: '2797633e8852913a13cecf9610fd4ae2') in 0.001586 seconds
Number of updated asset objects reloaded before import = 0
Number of asset objects unloaded after import = 8
========================================================================
Received Import Request.
  Time since last request: 0.164291 seconds.
  path: Assets/Prefabs/Pillars/CrystalsObstacle/CrystalShot 1.prefab
  artifactKey: Guid(c7efa0fbeb75204408f97f4e338e6cbb) Importer(815301076,1909f56bfc062723c751e8b465ee728b)
Start importing Assets/Prefabs/Pillars/CrystalsObstacle/CrystalShot 1.prefab using Guid(c7efa0fbeb75204408f97f4e338e6cbb) Importer(815301076,1909f56bfc062723c751e8b465ee728b)  -> (artifact id: 'cfd0675d1d07e8c1caefbc5f9fb1c320') in 0.001701 seconds
Number of updated asset objects reloaded before import = 0
Number of asset objects unloaded after import = 8
========================================================================
Received Import Request.
  Time since last request: 0.000016 seconds.
  path: Assets/Prefabs/Pillars/CrystalsObstacle/CrystalShot 3.prefab
  artifactKey: Guid(715b3df6c7170b445a70e669a80c0f0a) Importer(815301076,1909f56bfc062723c751e8b465ee728b)
Start importing Assets/Prefabs/Pillars/CrystalsObstacle/CrystalShot 3.prefab using Guid(715b3df6c7170b445a70e669a80c0f0a) Importer(815301076,1909f56bfc062723c751e8b465ee728b)  -> (artifact id: 'c1f0579f12c517007866d60f40856f41') in 0.001605 seconds
Number of updated asset objects reloaded before import = 0
Number of asset objects unloaded after import = 8
========================================================================
Received Prepare
Begin MonoManager ReloadAssembly
Symbol file LoadedFromMemory doesn't match image E:\GitHub\TESIS\Tesis Enchanted Skylands\Library\PackageCache\com.unity.visualscripting@1.8.0\Editor\VisualScripting.Core\Dependencies\YamlDotNet\Unity.VisualScripting.YamlDotNet.dll
Symbol file LoadedFromMemory doesn't match image E:\GitHub\TESIS\Tesis Enchanted Skylands\Library\PackageCache\com.unity.visualscripting@1.8.0\Editor\VisualScripting.Core\Dependencies\DotNetZip\Unity.VisualScripting.IonicZip.dll
- Loaded All Assemblies, in  0.757 seconds
Refreshing native plugins compatible for Editor in 3.38 ms, found 3 plugins.
Native extension for WindowsStandalone target not found
[Package Manager] Server::EnsureServerProcessIsRunning -- launch failed, reason: Unity was launched with the -noUpm command-line argument
[Package Manager] UpmClient::Send -- Unable to send message (not connected to UPM process).
[Package Manager] Cannot connect to Unity Package Manager local server
[Package Manager] Server::EnsureServerProcessIsRunning -- launch failed, reason: Unity was launched with the -noUpm command-line argument
[Package Manager] UpmClient::Send -- Unable to send message (not connected to UPM process).
[Package Manager] Cannot connect to Unity Package Manager local server
Mono: successfully reloaded assembly
- Finished resetting the current domain, in  1.542 seconds
Domain Reload Profiling: 2296ms
	BeginReloadAssembly (141ms)
		ExecutionOrderSort (0ms)
		DisableScriptedObjects (5ms)
		BackupInstance (0ms)
		ReleaseScriptingObjects (0ms)
		CreateAndSetChildDomain (37ms)
	RebuildCommonClasses (36ms)
	RebuildNativeTypeToScriptingClass (13ms)
	initialDomainReloadingComplete (36ms)
	LoadAllAssembliesAndSetupDomain (528ms)
		LoadAssemblies (260ms)
		RebuildTransferFunctionScriptingTraits (0ms)
		AnalyzeDomain (324ms)
			TypeCache.Refresh (310ms)
				TypeCache.ScanAssembly (298ms)
			ScanForSourceGeneratedMonoScriptInfo (0ms)
			ResolveRequiredComponents (14ms)
	FinalizeReload (1542ms)
		ReleaseScriptCaches (0ms)
		RebuildScriptCaches (0ms)
		SetupLoadedEditorAssemblies (675ms)
			LogAssemblyErrors (0ms)
			InitializePlatformSupportModulesInManaged (8ms)
			SetLoadedEditorAssemblies (4ms)
			RefreshPlugins (0ms)
			BeforeProcessingInitializeOnLoad (97ms)
			ProcessInitializeOnLoadAttributes (466ms)
			ProcessInitializeOnLoadMethodAttributes (85ms)
			AfterProcessingInitializeOnLoad (14ms)
			EditorAssembliesLoaded (0ms)
		ExecutionOrderSort2 (0ms)
		AwakeInstancesAfterBackupRestoration (24ms)
Refreshing native plugins compatible for Editor in 4.15 ms, found 3 plugins.
Preloading 0 native plugins for Editor in 0.00 ms.
Unloading 6461 Unused Serialized files (Serialized files now loaded: 0)
Unloading 45 unused Assets / (1.1 MB). Loaded Objects now: 8487.
Memory consumption went from 336.8 MB to 335.6 MB.
Total: 5.162200 ms (FindLiveObjects: 0.934800 ms CreateObjectMapping: 0.349600 ms MarkObjects: 3.627900 ms  DeleteObjects: 0.249000 ms)

Prepare: number of updated asset objects reloaded= 0
AssetImportParameters requested are different than current active one (requested -> active):
  custom:container-demuxer-ogg: 62fdf1f143b41e24485cea50d1cbac27 -> 
  custom:framework-win-MediaFoundation: 216162199b28c13a410421893ffa2e32 -> 
  custom:container-muxer-webm: aa71ff27fc2769a1b78a27578f13a17b -> 
  custom:video-decoder-webm-vp8: 9c59270c3fd7afecdb556c50c9e8de78 -> 
  custom:SearchIndexIgnoredProperties: e643bd26f0fe6173181afceb89e7c659 -> 
  custom:AudioImporter_EditorPlatform: d09bf68614088b80899f8185d706f6e7 -> 
  custom:audio-decoder-ogg-vorbis: bf7c407c2cedff20999df2af8eb42d56 -> 
  custom:audio-encoder-webm-vorbis: bf7c407c2cedff20999df2af8eb42d56 -> 
  custom:video-decoder-ogg-theora: a1e56fd34408186e4bbccfd4996cb3dc -> 
  custom:CustomObjectIndexerAttribute: a3ef5dd2817f97addfee359851a9dba5 -> 
  custom:container-demuxer-webm: 4f35f7cbe854078d1ac9338744f61a02 -> 
  custom:video-encoder-webm-vp8: eb34c28f22e8b96e1ab97ce403110664 -> 
========================================================================
Received Import Request.
  Time since last request: 55.045299 seconds.
  path: Assets/Prefabs/Pillars/CrystalsObstacle/CrystalShot 1.prefab
  artifactKey: Guid(c7efa0fbeb75204408f97f4e338e6cbb) Importer(815301076,1909f56bfc062723c751e8b465ee728b)
Start importing Assets/Prefabs/Pillars/CrystalsObstacle/CrystalShot 1.prefab using Guid(c7efa0fbeb75204408f97f4e338e6cbb) Importer(815301076,1909f56bfc062723c751e8b465ee728b)  -> (artifact id: '5fcba6738967e60d383be61a2fad0def') in 0.015080 seconds
Number of updated asset objects reloaded before import = 0
Number of asset objects unloaded after import = 8
========================================================================
Received Import Request.
  Time since last request: 0.000016 seconds.
  path: Assets/Prefabs/Pillars/CrystalsObstacle/CrystalShot 4.prefab
  artifactKey: Guid(8161d1044392a9145aa2361b5091149d) Importer(815301076,1909f56bfc062723c751e8b465ee728b)
Start importing Assets/Prefabs/Pillars/CrystalsObstacle/CrystalShot 4.prefab using Guid(8161d1044392a9145aa2361b5091149d) Importer(815301076,1909f56bfc062723c751e8b465ee728b)  -> (artifact id: '3949fcee1c742635450c35e25451fdd2') in 0.001926 seconds
Number of updated asset objects reloaded before import = 0
Number of asset objects unloaded after import = 8
========================================================================
Received Prepare
Begin MonoManager ReloadAssembly
Symbol file LoadedFromMemory doesn't match image E:\GitHub\TESIS\Tesis Enchanted Skylands\Library\PackageCache\com.unity.visualscripting@1.8.0\Editor\VisualScripting.Core\Dependencies\YamlDotNet\Unity.VisualScripting.YamlDotNet.dll
Symbol file LoadedFromMemory doesn't match image E:\GitHub\TESIS\Tesis Enchanted Skylands\Library\PackageCache\com.unity.visualscripting@1.8.0\Editor\VisualScripting.Core\Dependencies\DotNetZip\Unity.VisualScripting.IonicZip.dll
- Loaded All Assemblies, in  0.764 seconds
Refreshing native plugins compatible for Editor in 3.34 ms, found 3 plugins.
Native extension for WindowsStandalone target not found
[Package Manager] Server::EnsureServerProcessIsRunning -- launch failed, reason: Unity was launched with the -noUpm command-line argument
[Package Manager] UpmClient::Send -- Unable to send message (not connected to UPM process).
[Package Manager] Cannot connect to Unity Package Manager local server
[Package Manager] Server::EnsureServerProcessIsRunning -- launch failed, reason: Unity was launched with the -noUpm command-line argument
[Package Manager] UpmClient::Send -- Unable to send message (not connected to UPM process).
[Package Manager] Cannot connect to Unity Package Manager local server
Mono: successfully reloaded assembly
- Finished resetting the current domain, in  1.593 seconds
Domain Reload Profiling: 2354ms
	BeginReloadAssembly (153ms)
		ExecutionOrderSort (0ms)
		DisableScriptedObjects (5ms)
		BackupInstance (0ms)
		ReleaseScriptingObjects (0ms)
		CreateAndSetChildDomain (37ms)
	RebuildCommonClasses (36ms)
	RebuildNativeTypeToScriptingClass (13ms)
	initialDomainReloadingComplete (37ms)
	LoadAllAssembliesAndSetupDomain (522ms)
		LoadAssemblies (270ms)
		RebuildTransferFunctionScriptingTraits (0ms)
		AnalyzeDomain (321ms)
			TypeCache.Refresh (306ms)
				TypeCache.ScanAssembly (295ms)
			ScanForSourceGeneratedMonoScriptInfo (0ms)
			ResolveRequiredComponents (14ms)
	FinalizeReload (1593ms)
		ReleaseScriptCaches (0ms)
		RebuildScriptCaches (0ms)
		SetupLoadedEditorAssemblies (674ms)
			LogAssemblyErrors (0ms)
			InitializePlatformSupportModulesInManaged (9ms)
			SetLoadedEditorAssemblies (4ms)
			RefreshPlugins (0ms)
			BeforeProcessingInitializeOnLoad (97ms)
			ProcessInitializeOnLoadAttributes (467ms)
			ProcessInitializeOnLoadMethodAttributes (84ms)
			AfterProcessingInitializeOnLoad (14ms)
			EditorAssembliesLoaded (0ms)
		ExecutionOrderSort2 (0ms)
		AwakeInstancesAfterBackupRestoration (24ms)
Refreshing native plugins compatible for Editor in 4.13 ms, found 3 plugins.
Preloading 0 native plugins for Editor in 0.00 ms.
Unloading 6461 Unused Serialized files (Serialized files now loaded: 0)
Unloading 45 unused Assets / (1.1 MB). Loaded Objects now: 8503.
Memory consumption went from 336.8 MB to 335.6 MB.
Total: 4.734700 ms (FindLiveObjects: 1.007400 ms CreateObjectMapping: 0.345500 ms MarkObjects: 3.188100 ms  DeleteObjects: 0.192300 ms)

Prepare: number of updated asset objects reloaded= 0
AssetImportParameters requested are different than current active one (requested -> active):
  custom:container-demuxer-ogg: 62fdf1f143b41e24485cea50d1cbac27 -> 
  custom:framework-win-MediaFoundation: 216162199b28c13a410421893ffa2e32 -> 
  custom:container-muxer-webm: aa71ff27fc2769a1b78a27578f13a17b -> 
  custom:video-decoder-webm-vp8: 9c59270c3fd7afecdb556c50c9e8de78 -> 
  custom:SearchIndexIgnoredProperties: e643bd26f0fe6173181afceb89e7c659 -> 
  custom:AudioImporter_EditorPlatform: d09bf68614088b80899f8185d706f6e7 -> 
  custom:audio-decoder-ogg-vorbis: bf7c407c2cedff20999df2af8eb42d56 -> 
  custom:audio-encoder-webm-vorbis: bf7c407c2cedff20999df2af8eb42d56 -> 
  custom:video-decoder-ogg-theora: a1e56fd34408186e4bbccfd4996cb3dc -> 
  custom:CustomObjectIndexerAttribute: a3ef5dd2817f97addfee359851a9dba5 -> 
  custom:container-demuxer-webm: 4f35f7cbe854078d1ac9338744f61a02 -> 
  custom:video-encoder-webm-vp8: eb34c28f22e8b96e1ab97ce403110664 -> 
========================================================================
Received Import Request.
  Time since last request: 76.521967 seconds.
  path: Assets/Prefabs/Pillars/CrystalsObstacle/CrystalShot 1.prefab
  artifactKey: Guid(c7efa0fbeb75204408f97f4e338e6cbb) Importer(815301076,1909f56bfc062723c751e8b465ee728b)
Start importing Assets/Prefabs/Pillars/CrystalsObstacle/CrystalShot 1.prefab using Guid(c7efa0fbeb75204408f97f4e338e6cbb) Importer(815301076,1909f56bfc062723c751e8b465ee728b)  -> (artifact id: '479c36ebf8aecbec2cf245542b0a282f') in 0.014198 seconds
Number of updated asset objects reloaded before import = 0
Number of asset objects unloaded after import = 8
========================================================================
Received Import Request.
  Time since last request: 0.000022 seconds.
  path: Assets/Prefabs/Pillars/CrystalsObstacle/CrystalShot 4.prefab
  artifactKey: Guid(8161d1044392a9145aa2361b5091149d) Importer(815301076,1909f56bfc062723c751e8b465ee728b)
Start importing Assets/Prefabs/Pillars/CrystalsObstacle/CrystalShot 4.prefab using Guid(8161d1044392a9145aa2361b5091149d) Importer(815301076,1909f56bfc062723c751e8b465ee728b)  -> (artifact id: '5eb17c4a3269ee65f145d280b36ea952') in 0.001591 seconds
Number of updated asset objects reloaded before import = 0
Number of asset objects unloaded after import = 8
========================================================================
Received Import Request.
  Time since last request: 0.116391 seconds.
  path: Assets/Prefabs/Pillars/CrystalsObstacle/CrystalShot 1.prefab
  artifactKey: Guid(c7efa0fbeb75204408f97f4e338e6cbb) Importer(815301076,1909f56bfc062723c751e8b465ee728b)
Start importing Assets/Prefabs/Pillars/CrystalsObstacle/CrystalShot 1.prefab using Guid(c7efa0fbeb75204408f97f4e338e6cbb) Importer(815301076,1909f56bfc062723c751e8b465ee728b)  -> (artifact id: '4a9f79b997654f44606ee59387b41e5a') in 0.001607 seconds
Number of updated asset objects reloaded before import = 0
Number of asset objects unloaded after import = 8
========================================================================
Received Import Request.
  Time since last request: 0.000014 seconds.
  path: Assets/Prefabs/Pillars/CrystalsObstacle/CrystalShot 3.prefab
  artifactKey: Guid(715b3df6c7170b445a70e669a80c0f0a) Importer(815301076,1909f56bfc062723c751e8b465ee728b)
Start importing Assets/Prefabs/Pillars/CrystalsObstacle/CrystalShot 3.prefab using Guid(715b3df6c7170b445a70e669a80c0f0a) Importer(815301076,1909f56bfc062723c751e8b465ee728b)  -> (artifact id: '5f907fdc6c5a2030e385e30af119c2e1') in 0.001688 seconds
Number of updated asset objects reloaded before import = 0
Number of asset objects unloaded after import = 8
========================================================================
Received Prepare
Begin MonoManager ReloadAssembly
Symbol file LoadedFromMemory doesn't match image E:\GitHub\TESIS\Tesis Enchanted Skylands\Library\PackageCache\com.unity.visualscripting@1.8.0\Editor\VisualScripting.Core\Dependencies\YamlDotNet\Unity.VisualScripting.YamlDotNet.dll
Symbol file LoadedFromMemory doesn't match image E:\GitHub\TESIS\Tesis Enchanted Skylands\Library\PackageCache\com.unity.visualscripting@1.8.0\Editor\VisualScripting.Core\Dependencies\DotNetZip\Unity.VisualScripting.IonicZip.dll
- Loaded All Assemblies, in  0.784 seconds
Refreshing native plugins compatible for Editor in 3.01 ms, found 3 plugins.
Native extension for WindowsStandalone target not found
[Package Manager] Server::EnsureServerProcessIsRunning -- launch failed, reason: Unity was launched with the -noUpm command-line argument
[Package Manager] UpmClient::Send -- Unable to send message (not connected to UPM process).
[Package Manager] Cannot connect to Unity Package Manager local server
[Package Manager] Server::EnsureServerProcessIsRunning -- launch failed, reason: Unity was launched with the -noUpm command-line argument
[Package Manager] UpmClient::Send -- Unable to send message (not connected to UPM process).
[Package Manager] Cannot connect to Unity Package Manager local server
Mono: successfully reloaded assembly
- Finished resetting the current domain, in  1.592 seconds
Domain Reload Profiling: 2373ms
	BeginReloadAssembly (157ms)
		ExecutionOrderSort (0ms)
		DisableScriptedObjects (5ms)
		BackupInstance (0ms)
		ReleaseScriptingObjects (0ms)
		CreateAndSetChildDomain (37ms)
	RebuildCommonClasses (35ms)
	RebuildNativeTypeToScriptingClass (13ms)
	initialDomainReloadingComplete (37ms)
	LoadAllAssembliesAndSetupDomain (538ms)
		LoadAssemblies (285ms)
		RebuildTransferFunctionScriptingTraits (0ms)
		AnalyzeDomain (323ms)
			TypeCache.Refresh (309ms)
				TypeCache.ScanAssembly (297ms)
			ScanForSourceGeneratedMonoScriptInfo (0ms)
			ResolveRequiredComponents (14ms)
	FinalizeReload (1593ms)
		ReleaseScriptCaches (0ms)
		RebuildScriptCaches (0ms)
		SetupLoadedEditorAssemblies (678ms)
			LogAssemblyErrors (0ms)
			InitializePlatformSupportModulesInManaged (9ms)
			SetLoadedEditorAssemblies (4ms)
			RefreshPlugins (0ms)
			BeforeProcessingInitializeOnLoad (98ms)
			ProcessInitializeOnLoadAttributes (467ms)
			ProcessInitializeOnLoadMethodAttributes (86ms)
			AfterProcessingInitializeOnLoad (13ms)
			EditorAssembliesLoaded (0ms)
		ExecutionOrderSort2 (0ms)
		AwakeInstancesAfterBackupRestoration (23ms)
Refreshing native plugins compatible for Editor in 4.01 ms, found 3 plugins.
Preloading 0 native plugins for Editor in 0.00 ms.
Unloading 6461 Unused Serialized files (Serialized files now loaded: 0)
Unloading 45 unused Assets / (1.1 MB). Loaded Objects now: 8519.
Memory consumption went from 336.8 MB to 335.6 MB.
Total: 5.223000 ms (FindLiveObjects: 1.102100 ms CreateObjectMapping: 0.464800 ms MarkObjects: 3.442400 ms  DeleteObjects: 0.212200 ms)

Prepare: number of updated asset objects reloaded= 0
AssetImportParameters requested are different than current active one (requested -> active):
  custom:container-demuxer-ogg: 62fdf1f143b41e24485cea50d1cbac27 -> 
  custom:framework-win-MediaFoundation: 216162199b28c13a410421893ffa2e32 -> 
  custom:container-muxer-webm: aa71ff27fc2769a1b78a27578f13a17b -> 
  custom:video-decoder-webm-vp8: 9c59270c3fd7afecdb556c50c9e8de78 -> 
  custom:SearchIndexIgnoredProperties: e643bd26f0fe6173181afceb89e7c659 -> 
  custom:AudioImporter_EditorPlatform: d09bf68614088b80899f8185d706f6e7 -> 
  custom:audio-decoder-ogg-vorbis: bf7c407c2cedff20999df2af8eb42d56 -> 
  custom:audio-encoder-webm-vorbis: bf7c407c2cedff20999df2af8eb42d56 -> 
  custom:video-decoder-ogg-theora: a1e56fd34408186e4bbccfd4996cb3dc -> 
  custom:CustomObjectIndexerAttribute: a3ef5dd2817f97addfee359851a9dba5 -> 
  custom:container-demuxer-webm: 4f35f7cbe854078d1ac9338744f61a02 -> 
  custom:video-encoder-webm-vp8: eb34c28f22e8b96e1ab97ce403110664 -> 
========================================================================
Received Prepare
Begin MonoManager ReloadAssembly
Symbol file LoadedFromMemory doesn't match image E:\GitHub\TESIS\Tesis Enchanted Skylands\Library\PackageCache\com.unity.visualscripting@1.8.0\Editor\VisualScripting.Core\Dependencies\YamlDotNet\Unity.VisualScripting.YamlDotNet.dll
Symbol file LoadedFromMemory doesn't match image E:\GitHub\TESIS\Tesis Enchanted Skylands\Library\PackageCache\com.unity.visualscripting@1.8.0\Editor\VisualScripting.Core\Dependencies\DotNetZip\Unity.VisualScripting.IonicZip.dll
- Loaded All Assemblies, in  0.782 seconds
Refreshing native plugins compatible for Editor in 3.18 ms, found 3 plugins.
Native extension for WindowsStandalone target not found
[Package Manager] Server::EnsureServerProcessIsRunning -- launch failed, reason: Unity was launched with the -noUpm command-line argument
[Package Manager] UpmClient::Send -- Unable to send message (not connected to UPM process).
[Package Manager] Cannot connect to Unity Package Manager local server
[Package Manager] Server::EnsureServerProcessIsRunning -- launch failed, reason: Unity was launched with the -noUpm command-line argument
[Package Manager] UpmClient::Send -- Unable to send message (not connected to UPM process).
[Package Manager] Cannot connect to Unity Package Manager local server
Mono: successfully reloaded assembly
- Finished resetting the current domain, in  1.525 seconds
Domain Reload Profiling: 2304ms
	BeginReloadAssembly (163ms)
		ExecutionOrderSort (0ms)
		DisableScriptedObjects (5ms)
		BackupInstance (0ms)
		ReleaseScriptingObjects (0ms)
		CreateAndSetChildDomain (45ms)
	RebuildCommonClasses (35ms)
	RebuildNativeTypeToScriptingClass (13ms)
	initialDomainReloadingComplete (36ms)
	LoadAllAssembliesAndSetupDomain (530ms)
		LoadAssemblies (274ms)
		RebuildTransferFunctionScriptingTraits (0ms)
		AnalyzeDomain (326ms)
			TypeCache.Refresh (312ms)
				TypeCache.ScanAssembly (299ms)
			ScanForSourceGeneratedMonoScriptInfo (0ms)
			ResolveRequiredComponents (14ms)
	FinalizeReload (1525ms)
		ReleaseScriptCaches (0ms)
		RebuildScriptCaches (0ms)
		SetupLoadedEditorAssemblies (681ms)
			LogAssemblyErrors (0ms)
			InitializePlatformSupportModulesInManaged (9ms)
			SetLoadedEditorAssemblies (4ms)
			RefreshPlugins (0ms)
			BeforeProcessingInitializeOnLoad (99ms)
			ProcessInitializeOnLoadAttributes (469ms)
			ProcessInitializeOnLoadMethodAttributes (86ms)
			AfterProcessingInitializeOnLoad (13ms)
			EditorAssembliesLoaded (1ms)
		ExecutionOrderSort2 (0ms)
		AwakeInstancesAfterBackupRestoration (23ms)
Refreshing native plugins compatible for Editor in 4.31 ms, found 3 plugins.
Preloading 0 native plugins for Editor in 0.00 ms.
Unloading 6461 Unused Serialized files (Serialized files now loaded: 0)
Unloading 45 unused Assets / (1.1 MB). Loaded Objects now: 8535.
Memory consumption went from 336.8 MB to 335.6 MB.
Total: 5.398500 ms (FindLiveObjects: 0.961300 ms CreateObjectMapping: 0.423300 ms MarkObjects: 3.714400 ms  DeleteObjects: 0.298000 ms)

Prepare: number of updated asset objects reloaded= 0
AssetImportParameters requested are different than current active one (requested -> active):
  custom:container-demuxer-ogg: 62fdf1f143b41e24485cea50d1cbac27 -> 
  custom:framework-win-MediaFoundation: 216162199b28c13a410421893ffa2e32 -> 
  custom:container-muxer-webm: aa71ff27fc2769a1b78a27578f13a17b -> 
  custom:video-decoder-webm-vp8: 9c59270c3fd7afecdb556c50c9e8de78 -> 
  custom:SearchIndexIgnoredProperties: e643bd26f0fe6173181afceb89e7c659 -> 
  custom:AudioImporter_EditorPlatform: d09bf68614088b80899f8185d706f6e7 -> 
  custom:audio-decoder-ogg-vorbis: bf7c407c2cedff20999df2af8eb42d56 -> 
  custom:audio-encoder-webm-vorbis: bf7c407c2cedff20999df2af8eb42d56 -> 
  custom:video-decoder-ogg-theora: a1e56fd34408186e4bbccfd4996cb3dc -> 
  custom:CustomObjectIndexerAttribute: a3ef5dd2817f97addfee359851a9dba5 -> 
  custom:container-demuxer-webm: 4f35f7cbe854078d1ac9338744f61a02 -> 
  custom:video-encoder-webm-vp8: eb34c28f22e8b96e1ab97ce403110664 -> 
========================================================================
Received Import Request.
  Time since last request: 122.254182 seconds.
  path: Assets/Prefabs/Pillars/CrystalsObstacle/CrystalShot 1.prefab
  artifactKey: Guid(c7efa0fbeb75204408f97f4e338e6cbb) Importer(815301076,1909f56bfc062723c751e8b465ee728b)
Start importing Assets/Prefabs/Pillars/CrystalsObstacle/CrystalShot 1.prefab using Guid(c7efa0fbeb75204408f97f4e338e6cbb) Importer(815301076,1909f56bfc062723c751e8b465ee728b)  -> (artifact id: 'bce4fc286b5d588d3f5e4a3963f8f08a') in 0.015115 seconds
Number of updated asset objects reloaded before import = 0
Number of asset objects unloaded after import = 8
========================================================================
Received Import Request.
  Time since last request: 0.000020 seconds.
  path: Assets/Prefabs/Pillars/CrystalsObstacle/CrystalShot 3.prefab
  artifactKey: Guid(715b3df6c7170b445a70e669a80c0f0a) Importer(815301076,1909f56bfc062723c751e8b465ee728b)
Start importing Assets/Prefabs/Pillars/CrystalsObstacle/CrystalShot 3.prefab using Guid(715b3df6c7170b445a70e669a80c0f0a) Importer(815301076,1909f56bfc062723c751e8b465ee728b)  -> (artifact id: '5b06a7492c5e3891d5179ec29b2890c9') in 0.001692 seconds
Number of updated asset objects reloaded before import = 0
Number of asset objects unloaded after import = 8
========================================================================
Received Import Request.
  Time since last request: 0.501121 seconds.
  path: Assets/Prefabs/Pillars/CrystalsObstacle/CrystalShot 1.prefab
  artifactKey: Guid(c7efa0fbeb75204408f97f4e338e6cbb) Importer(815301076,1909f56bfc062723c751e8b465ee728b)
Start importing Assets/Prefabs/Pillars/CrystalsObstacle/CrystalShot 1.prefab using Guid(c7efa0fbeb75204408f97f4e338e6cbb) Importer(815301076,1909f56bfc062723c751e8b465ee728b)  -> (artifact id: '54fa94a73e168c8119f4e861697d84dd') in 0.001703 seconds
Number of updated asset objects reloaded before import = 0
Number of asset objects unloaded after import = 8
========================================================================
Received Import Request.
  Time since last request: 0.000014 seconds.
  path: Assets/Prefabs/Pillars/CrystalsObstacle/CrystalShot 3.prefab
  artifactKey: Guid(715b3df6c7170b445a70e669a80c0f0a) Importer(815301076,1909f56bfc062723c751e8b465ee728b)
Start importing Assets/Prefabs/Pillars/CrystalsObstacle/CrystalShot 3.prefab using Guid(715b3df6c7170b445a70e669a80c0f0a) Importer(815301076,1909f56bfc062723c751e8b465ee728b)  -> (artifact id: '8201ed3f329bf65230288ba2bebd98bc') in 0.001653 seconds
Number of updated asset objects reloaded before import = 0
Number of asset objects unloaded after import = 8
========================================================================
Received Import Request.
  Time since last request: 6.822781 seconds.
  path: Assets/Prefabs/Pillars/CrystalsObstacle/CrystalShot 1.prefab
  artifactKey: Guid(c7efa0fbeb75204408f97f4e338e6cbb) Importer(815301076,1909f56bfc062723c751e8b465ee728b)
Start importing Assets/Prefabs/Pillars/CrystalsObstacle/CrystalShot 1.prefab using Guid(c7efa0fbeb75204408f97f4e338e6cbb) Importer(815301076,1909f56bfc062723c751e8b465ee728b)  -> (artifact id: 'c0ca4016b19f32089a6f31703876832b') in 0.001685 seconds
Number of updated asset objects reloaded before import = 0
Number of asset objects unloaded after import = 8
========================================================================
Received Import Request.
  Time since last request: 0.000016 seconds.
  path: Assets/Prefabs/Pillars/CrystalsObstacle/CrystalShot 3.prefab
  artifactKey: Guid(715b3df6c7170b445a70e669a80c0f0a) Importer(815301076,1909f56bfc062723c751e8b465ee728b)
Start importing Assets/Prefabs/Pillars/CrystalsObstacle/CrystalShot 3.prefab using Guid(715b3df6c7170b445a70e669a80c0f0a) Importer(815301076,1909f56bfc062723c751e8b465ee728b)  -> (artifact id: 'c41d672fb415da39c1022af5157896ba') in 0.001715 seconds
Number of updated asset objects reloaded before import = 0
Number of asset objects unloaded after import = 8
========================================================================
Received Prepare
Begin MonoManager ReloadAssembly
Symbol file LoadedFromMemory doesn't match image E:\GitHub\TESIS\Tesis Enchanted Skylands\Library\PackageCache\com.unity.visualscripting@1.8.0\Editor\VisualScripting.Core\Dependencies\YamlDotNet\Unity.VisualScripting.YamlDotNet.dll
Symbol file LoadedFromMemory doesn't match image E:\GitHub\TESIS\Tesis Enchanted Skylands\Library\PackageCache\com.unity.visualscripting@1.8.0\Editor\VisualScripting.Core\Dependencies\DotNetZip\Unity.VisualScripting.IonicZip.dll
- Loaded All Assemblies, in  0.792 seconds
Refreshing native plugins compatible for Editor in 3.47 ms, found 3 plugins.
Native extension for WindowsStandalone target not found
[Package Manager] Server::EnsureServerProcessIsRunning -- launch failed, reason: Unity was launched with the -noUpm command-line argument
[Package Manager] UpmClient::Send -- Unable to send message (not connected to UPM process).
[Package Manager] Cannot connect to Unity Package Manager local server
[Package Manager] Server::EnsureServerProcessIsRunning -- launch failed, reason: Unity was launched with the -noUpm command-line argument
[Package Manager] UpmClient::Send -- Unable to send message (not connected to UPM process).
[Package Manager] Cannot connect to Unity Package Manager local server
Mono: successfully reloaded assembly
- Finished resetting the current domain, in  1.594 seconds
Domain Reload Profiling: 2382ms
	BeginReloadAssembly (158ms)
		ExecutionOrderSort (0ms)
		DisableScriptedObjects (5ms)
		BackupInstance (0ms)
		ReleaseScriptingObjects (0ms)
		CreateAndSetChildDomain (38ms)
	RebuildCommonClasses (35ms)
	RebuildNativeTypeToScriptingClass (13ms)
	initialDomainReloadingComplete (37ms)
	LoadAllAssembliesAndSetupDomain (544ms)
		LoadAssemblies (290ms)
		RebuildTransferFunctionScriptingTraits (0ms)
		AnalyzeDomain (325ms)
			TypeCache.Refresh (311ms)
				TypeCache.ScanAssembly (299ms)
			ScanForSourceGeneratedMonoScriptInfo (0ms)
			ResolveRequiredComponents (14ms)
	FinalizeReload (1594ms)
		ReleaseScriptCaches (0ms)
		RebuildScriptCaches (0ms)
		SetupLoadedEditorAssemblies (675ms)
			LogAssemblyErrors (0ms)
			InitializePlatformSupportModulesInManaged (9ms)
			SetLoadedEditorAssemblies (4ms)
			RefreshPlugins (0ms)
			BeforeProcessingInitializeOnLoad (94ms)
			ProcessInitializeOnLoadAttributes (469ms)
			ProcessInitializeOnLoadMethodAttributes (84ms)
			AfterProcessingInitializeOnLoad (14ms)
			EditorAssembliesLoaded (1ms)
		ExecutionOrderSort2 (0ms)
		AwakeInstancesAfterBackupRestoration (23ms)
Refreshing native plugins compatible for Editor in 4.13 ms, found 3 plugins.
Preloading 0 native plugins for Editor in 0.00 ms.
Unloading 6461 Unused Serialized files (Serialized files now loaded: 0)
Unloading 45 unused Assets / (1.1 MB). Loaded Objects now: 8551.
Memory consumption went from 336.8 MB to 335.7 MB.
Total: 5.347600 ms (FindLiveObjects: 1.126500 ms CreateObjectMapping: 0.516200 ms MarkObjects: 3.471600 ms  DeleteObjects: 0.232400 ms)

Prepare: number of updated asset objects reloaded= 0
AssetImportParameters requested are different than current active one (requested -> active):
  custom:container-demuxer-ogg: 62fdf1f143b41e24485cea50d1cbac27 -> 
  custom:framework-win-MediaFoundation: 216162199b28c13a410421893ffa2e32 -> 
  custom:container-muxer-webm: aa71ff27fc2769a1b78a27578f13a17b -> 
  custom:video-decoder-webm-vp8: 9c59270c3fd7afecdb556c50c9e8de78 -> 
  custom:SearchIndexIgnoredProperties: e643bd26f0fe6173181afceb89e7c659 -> 
  custom:AudioImporter_EditorPlatform: d09bf68614088b80899f8185d706f6e7 -> 
  custom:audio-decoder-ogg-vorbis: bf7c407c2cedff20999df2af8eb42d56 -> 
  custom:audio-encoder-webm-vorbis: bf7c407c2cedff20999df2af8eb42d56 -> 
  custom:video-decoder-ogg-theora: a1e56fd34408186e4bbccfd4996cb3dc -> 
  custom:CustomObjectIndexerAttribute: a3ef5dd2817f97addfee359851a9dba5 -> 
  custom:container-demuxer-webm: 4f35f7cbe854078d1ac9338744f61a02 -> 
  custom:video-encoder-webm-vp8: eb34c28f22e8b96e1ab97ce403110664 -> 
========================================================================
Received Import Request.
  Time since last request: 119.501818 seconds.
  path: Assets/Scenes/Level 1.unity
  artifactKey: Guid(4c5530793a80d1b408cd477531e4eb43) Importer(815301076,1909f56bfc062723c751e8b465ee728b)
Start importing Assets/Scenes/Level 1.unity using Guid(4c5530793a80d1b408cd477531e4eb43) Importer(815301076,1909f56bfc062723c751e8b465ee728b)  -> (artifact id: '9f32fc21e846231ceeb558dec6dfaa04') in 0.014438 seconds
Number of updated asset objects reloaded before import = 0
Number of asset objects unloaded after import = 0
